[global-setup] admin session cached → C:\Users\User\Downloads\wilyer-playwright\search-suite\.auth\search-admin.json

Running 351 tests using 3 workers

[1A[2K[1/351] [chromium] › search-suite\tests\search.spec.ts:52:5 › Search · Screens › UI: invalid search shows a no-records state, not a blank page @ui
[1A[2K[2/351] [chromium] › search-suite\tests\search.spec.ts:59:5 › Search · Screens › Functional: exact + partial match return relevant rows @functional
[1A[2K[3/351] [chromium] › search-suite\tests\search.spec.ts:44:5 › Search · Screens › UI: search input is visible, enabled and has a placeholder @ui
[1A[2K  1) [chromium] › search-suite\tests\search.spec.ts:59:5 › Search · Screens › Functional: exact + partial match return relevant rows @functional 

    Error: [Screens] search input should be present

    [2mexpect([22m[31mlocator[39m[2m).[22mtoBeVisible[2m([22m[2m)[22m failed

    Locator: locator('input[placeholder="Search..."]:visible').first().or(getByPlaceholder(/search/i).first())
    Expected: visible
    Error: strict mode violation: locator('input[placeholder="Search..."]:visible').first().or(getByPlaceholder(/search/i).first()) resolved to 2 elements:
        1) <input value="" type="text" placeholder="Search..." class="form-control rounded-md shadow-sm"/> aka locator('#expiredScreens').getByPlaceholder('Search...')
        2) <input type="text" placeholder="Search..." id="formGroupExampleInput" class="form-control rounded-md shadow-sm"/> aka getByRole('textbox', { name: 'Search...' })

    Call log:
    [2m  - [Screens] search input should be present with timeout 20000ms[22m
    [2m  - waiting for locator('input[placeholder="Search..."]:visible').first().or(getByPlaceholder(/search/i).first())[22m


       at ..\pages\searchPage.ts:62

      60 |     await firstLoad;
      61 |     await expect(this.searchInput, `[${this.module.name}] search input should be present`)
    > 62 |       .toBeVisible({ timeout: 20_000 });
         |        ^
      63 |     return this;
      64 |   }
      65 |
        at SearchPage.open (C:\Users\User\Downloads\wilyer-playwright\search-suite\pages\searchPage.ts:62:8)
        at open (C:\Users\User\Downloads\wilyer-playwright\search-suite\tests\search.spec.ts:39:7)
        at C:\Users\User\Downloads\wilyer-playwright\search-suite\tests\search.spec.ts:60:22

    attachment #1: screenshot (image/png) ──────────────────────────────────────────────────────────
    search-suite\test-results\search-Search-·-Screens-Fu-46396-rn-relevant-rows-functional-chromium\test-failed-1.png
    ────────────────────────────────────────────────────────────────────────────────────────────────

    Error Context: search-suite\test-results\search-Search-·-Screens-Fu-46396-rn-relevant-rows-functional-chromium\error-context.md

    attachment #4: trace (application/zip) ─────────────────────────────────────────────────────────
    search-suite\test-results\search-Search-·-Screens-Fu-46396-rn-relevant-rows-functional-chromium\trace.zip
    Usage:

        npx playwright show-trace search-suite\test-results\search-Search-·-Screens-Fu-46396-rn-relevant-rows-functional-chromium\trace.zip

    ────────────────────────────────────────────────────────────────────────────────────────────────


[1A[2K  2) [chromium] › search-suite\tests\search.spec.ts:52:5 › Search · Screens › UI: invalid search shows a no-records state, not a blank page @ui 

    Error: [Screens] search input should be present

    [2mexpect([22m[31mlocator[39m[2m).[22mtoBeVisible[2m([22m[2m)[22m failed

    Locator: locator('input[placeholder="Search..."]:visible').first().or(getByPlaceholder(/search/i).first())
    Expected: visible
    Error: strict mode violation: locator('input[placeholder="Search..."]:visible').first().or(getByPlaceholder(/search/i).first()) resolved to 2 elements:
        1) <input value="" type="text" placeholder="Search..." class="form-control rounded-md shadow-sm"/> aka locator('#expiredScreens').getByPlaceholder('Search...')
        2) <input type="text" placeholder="Search..." id="formGroupExampleInput" class="form-control rounded-md shadow-sm"/> aka getByRole('textbox', { name: 'Search...' })

    Call log:
    [2m  - [Screens] search input should be present with timeout 20000ms[22m
    [2m  - waiting for locator('input[placeholder="Search..."]:visible').first().or(getByPlaceholder(/search/i).first())[22m


       at ..\pages\searchPage.ts:62

      60 |     await firstLoad;
      61 |     await expect(this.searchInput, `[${this.module.name}] search input should be present`)
    > 62 |       .toBeVisible({ timeout: 20_000 });
         |        ^
      63 |     return this;
      64 |   }
      65 |
        at SearchPage.open (C:\Users\User\Downloads\wilyer-playwright\search-suite\pages\searchPage.ts:62:8)
        at open (C:\Users\User\Downloads\wilyer-playwright\search-suite\tests\search.spec.ts:39:7)
        at C:\Users\User\Downloads\wilyer-playwright\search-suite\tests\search.spec.ts:53:22

    attachment #1: screenshot (image/png) ──────────────────────────────────────────────────────────
    search-suite\test-results\search-Search-·-Screens-UI-8e94b-s-state-not-a-blank-page-ui-chromium\test-failed-1.png
    ────────────────────────────────────────────────────────────────────────────────────────────────

    Error Context: search-suite\test-results\search-Search-·-Screens-UI-8e94b-s-state-not-a-blank-page-ui-chromium\error-context.md

    attachment #4: trace (application/zip) ─────────────────────────────────────────────────────────
    search-suite\test-results\search-Search-·-Screens-UI-8e94b-s-state-not-a-blank-page-ui-chromium\trace.zip
    Usage:

        npx playwright show-trace search-suite\test-results\search-Search-·-Screens-UI-8e94b-s-state-not-a-blank-page-ui-chromium\trace.zip

    ────────────────────────────────────────────────────────────────────────────────────────────────


[1A[2K  3) [chromium] › search-suite\tests\search.spec.ts:44:5 › Search · Screens › UI: search input is visible, enabled and has a placeholder @ui 

    Error: [Screens] search input should be present

    [2mexpect([22m[31mlocator[39m[2m).[22mtoBeVisible[2m([22m[2m)[22m failed

    Locator: locator('input[placeholder="Search..."]:visible').first().or(getByPlaceholder(/search/i).first())
    Expected: visible
    Error: strict mode violation: locator('input[placeholder="Search..."]:visible').first().or(getByPlaceholder(/search/i).first()) resolved to 2 elements:
        1) <input value="" type="text" placeholder="Search..." class="form-control rounded-md shadow-sm"/> aka locator('#expiredScreens').getByPlaceholder('Search...')
        2) <input type="text" placeholder="Search..." id="formGroupExampleInput" class="form-control rounded-md shadow-sm"/> aka getByRole('textbox', { name: 'Search...' })

    Call log:
    [2m  - [Screens] search input should be present with timeout 20000ms[22m
    [2m  - waiting for locator('input[placeholder="Search..."]:visible').first().or(getByPlaceholder(/search/i).first())[22m


       at ..\pages\searchPage.ts:62

      60 |     await firstLoad;
      61 |     await expect(this.searchInput, `[${this.module.name}] search input should be present`)
    > 62 |       .toBeVisible({ timeout: 20_000 });
         |        ^
      63 |     return this;
      64 |   }
      65 |
        at SearchPage.open (C:\Users\User\Downloads\wilyer-playwright\search-suite\pages\searchPage.ts:62:8)
        at open (C:\Users\User\Downloads\wilyer-playwright\search-suite\tests\search.spec.ts:39:7)
        at C:\Users\User\Downloads\wilyer-playwright\search-suite\tests\search.spec.ts:45:22

    attachment #1: screenshot (image/png) ──────────────────────────────────────────────────────────
    search-suite\test-results\search-Search-·-Screens-UI-cc7b2-ed-and-has-a-placeholder-ui-chromium\test-failed-1.png
    ────────────────────────────────────────────────────────────────────────────────────────────────

    Error Context: search-suite\test-results\search-Search-·-Screens-UI-cc7b2-ed-and-has-a-placeholder-ui-chromium\error-context.md

    attachment #4: trace (application/zip) ─────────────────────────────────────────────────────────
    search-suite\test-results\search-Search-·-Screens-UI-cc7b2-ed-and-has-a-placeholder-ui-chromium\trace.zip
    Usage:

        npx playwright show-trace search-suite\test-results\search-Search-·-Screens-UI-cc7b2-ed-and-has-a-placeholder-ui-chromium\trace.zip

    ────────────────────────────────────────────────────────────────────────────────────────────────


[1A[2K[4/351] [chromium] › search-suite\tests\search.spec.ts:73:5 › Search · Screens › Functional: search is case-insensitive @functional
[1A[2K[5/351] [chromium] › search-suite\tests\search.spec.ts:86:5 › Search · Screens › Functional: Enter triggers a search request @functional
[1A[2K[6/351] [chromium] › search-suite\tests\search.spec.ts:93:5 › Search · Screens › Functional: clearing the search restores the full list @functional
[1A[2K  4) [chromium] › search-suite\tests\search.spec.ts:73:5 › Search · Screens › Functional: search is case-insensitive @functional 

    Error: [Screens] search input should be present

    [2mexpect([22m[31mlocator[39m[2m).[22mtoBeVisible[2m([22m[2m)[22m failed

    Locator: locator('input[placeholder="Search..."]:visible').first().or(getByPlaceholder(/search/i).first())
    Expected: visible
    Error: strict mode violation: locator('input[placeholder="Search..."]:visible').first().or(getByPlaceholder(/search/i).first()) resolved to 2 elements:
        1) <input value="" type="text" placeholder="Search..." class="form-control rounded-md shadow-sm"/> aka locator('#expiredScreens').getByPlaceholder('Search...')
        2) <input type="text" placeholder="Search..." id="formGroupExampleInput" class="form-control rounded-md shadow-sm"/> aka getByRole('textbox', { name: 'Search...' })

    Call log:
    [2m  - [Screens] search input should be present with timeout 20000ms[22m
    [2m  - waiting for locator('input[placeholder="Search..."]:visible').first().or(getByPlaceholder(/search/i).first())[22m


       at ..\pages\searchPage.ts:62

      60 |     await firstLoad;
      61 |     await expect(this.searchInput, `[${this.module.name}] search input should be present`)
    > 62 |       .toBeVisible({ timeout: 20_000 });
         |        ^
      63 |     return this;
      64 |   }
      65 |
        at SearchPage.open (C:\Users\User\Downloads\wilyer-playwright\search-suite\pages\searchPage.ts:62:8)
        at open (C:\Users\User\Downloads\wilyer-playwright\search-suite\tests\search.spec.ts:39:7)
        at C:\Users\User\Downloads\wilyer-playwright\search-suite\tests\search.spec.ts:74:22

    attachment #1: screenshot (image/png) ──────────────────────────────────────────────────────────
    search-suite\test-results\search-Search-·-Screens-Fu-9d269-case-insensitive-functional-chromium\test-failed-1.png
    ────────────────────────────────────────────────────────────────────────────────────────────────

    Error Context: search-suite\test-results\search-Search-·-Screens-Fu-9d269-case-insensitive-functional-chromium\error-context.md

    attachment #4: trace (application/zip) ─────────────────────────────────────────────────────────
    search-suite\test-results\search-Search-·-Screens-Fu-9d269-case-insensitive-functional-chromium\trace.zip
    Usage:

        npx playwright show-trace search-suite\test-results\search-Search-·-Screens-Fu-9d269-case-insensitive-functional-chromium\trace.zip

    ────────────────────────────────────────────────────────────────────────────────────────────────


[1A[2K  5) [chromium] › search-suite\tests\search.spec.ts:86:5 › Search · Screens › Functional: Enter triggers a search request @functional 

    Error: [Screens] search input should be present

    [2mexpect([22m[31mlocator[39m[2m).[22mtoBeVisible[2m([22m[2m)[22m failed

    Locator: locator('input[placeholder="Search..."]:visible').first().or(getByPlaceholder(/search/i).first())
    Expected: visible
    Error: strict mode violation: locator('input[placeholder="Search..."]:visible').first().or(getByPlaceholder(/search/i).first()) resolved to 2 elements:
        1) <input value="" type="text" placeholder="Search..." class="form-control rounded-md shadow-sm"/> aka locator('#expiredScreens').getByPlaceholder('Search...')
        2) <input type="text" placeholder="Search..." id="formGroupExampleInput" class="form-control rounded-md shadow-sm"/> aka getByRole('textbox', { name: 'Search...' })

    Call log:
    [2m  - [Screens] search input should be present with timeout 20000ms[22m
    [2m  - waiting for locator('input[placeholder="Search..."]:visible').first().or(getByPlaceholder(/search/i).first())[22m


       at ..\pages\searchPage.ts:62

      60 |     await firstLoad;
      61 |     await expect(this.searchInput, `[${this.module.name}] search input should be present`)
    > 62 |       .toBeVisible({ timeout: 20_000 });
         |        ^
      63 |     return this;
      64 |   }
      65 |
        at SearchPage.open (C:\Users\User\Downloads\wilyer-playwright\search-suite\pages\searchPage.ts:62:8)
        at open (C:\Users\User\Downloads\wilyer-playwright\search-suite\tests\search.spec.ts:39:7)
        at C:\Users\User\Downloads\wilyer-playwright\search-suite\tests\search.spec.ts:87:22

    attachment #1: screenshot (image/png) ──────────────────────────────────────────────────────────
    search-suite\test-results\search-Search-·-Screens-Fu-fd2b0-a-search-request-functional-chromium\test-failed-1.png
    ────────────────────────────────────────────────────────────────────────────────────────────────

    Error Context: search-suite\test-results\search-Search-·-Screens-Fu-fd2b0-a-search-request-functional-chromium\error-context.md

    attachment #4: trace (application/zip) ─────────────────────────────────────────────────────────
    search-suite\test-results\search-Search-·-Screens-Fu-fd2b0-a-search-request-functional-chromium\trace.zip
    Usage:

        npx playwright show-trace search-suite\test-results\search-Search-·-Screens-Fu-fd2b0-a-search-request-functional-chromium\trace.zip

    ────────────────────────────────────────────────────────────────────────────────────────────────


[1A[2K  6) [chromium] › search-suite\tests\search.spec.ts:93:5 › Search · Screens › Functional: clearing the search restores the full list @functional 

    Error: [Screens] search input should be present

    [2mexpect([22m[31mlocator[39m[2m).[22mtoBeVisible[2m([22m[2m)[22m failed

    Locator: locator('input[placeholder="Search..."]:visible').first().or(getByPlaceholder(/search/i).first())
    Expected: visible
    Error: strict mode violation: locator('input[placeholder="Search..."]:visible').first().or(getByPlaceholder(/search/i).first()) resolved to 2 elements:
        1) <input value="" type="text" placeholder="Search..." class="form-control rounded-md shadow-sm"/> aka locator('#expiredScreens').getByPlaceholder('Search...')
        2) <input type="text" placeholder="Search..." id="formGroupExampleInput" class="form-control rounded-md shadow-sm"/> aka getByRole('textbox', { name: 'Search...' })

    Call log:
    [2m  - [Screens] search input should be present with timeout 20000ms[22m
    [2m  - waiting for locator('input[placeholder="Search..."]:visible').first().or(getByPlaceholder(/search/i).first())[22m


       at ..\pages\searchPage.ts:62

      60 |     await firstLoad;
      61 |     await expect(this.searchInput, `[${this.module.name}] search input should be present`)
    > 62 |       .toBeVisible({ timeout: 20_000 });
         |        ^
      63 |     return this;
      64 |   }
      65 |
        at SearchPage.open (C:\Users\User\Downloads\wilyer-playwright\search-suite\pages\searchPage.ts:62:8)
        at open (C:\Users\User\Downloads\wilyer-playwright\search-suite\tests\search.spec.ts:39:7)
        at C:\Users\User\Downloads\wilyer-playwright\search-suite\tests\search.spec.ts:94:22

    attachment #1: screenshot (image/png) ──────────────────────────────────────────────────────────
    search-suite\test-results\search-Search-·-Screens-Fu-5f468-es-the-full-list-functional-chromium\test-failed-1.png
    ────────────────────────────────────────────────────────────────────────────────────────────────

    Error Context: search-suite\test-results\search-Search-·-Screens-Fu-5f468-es-the-full-list-functional-chromium\error-context.md

    attachment #4: trace (application/zip) ─────────────────────────────────────────────────────────
    search-suite\test-results\search-Search-·-Screens-Fu-5f468-es-the-full-list-functional-chromium\trace.zip
    Usage:

        npx playwright show-trace search-suite\test-results\search-Search-·-Screens-Fu-5f468-es-the-full-list-functional-chromium\trace.zip

    ────────────────────────────────────────────────────────────────────────────────────────────────


[1A[2K[7/351] [chromium] › search-suite\tests\search.spec.ts:104:5 › Search · Screens › Functional: search state is sane after a page refresh @functional
[1A[2K[8/351] [chromium] › search-suite\tests\search.spec.ts:112:5 › Search · Screens › Functional: multiple consecutive searches stay healthy @functional
[1A[2K[9/351] [chromium] › search-suite\tests\search.spec.ts:122:7 › Search · Screens › Edge: "empty" does not crash the UI @edge
[1A[2K  7) [chromium] › search-suite\tests\search.spec.ts:104:5 › Search · Screens › Functional: search state is sane after a page refresh @functional 

    Error: [Screens] search input should be present

    [2mexpect([22m[31mlocator[39m[2m).[22mtoBeVisible[2m([22m[2m)[22m failed

    Locator: locator('input[placeholder="Search..."]:visible').first().or(getByPlaceholder(/search/i).first())
    Expected: visible
    Error: strict mode violation: locator('input[placeholder="Search..."]:visible').first().or(getByPlaceholder(/search/i).first()) resolved to 2 elements:
        1) <input value="" type="text" placeholder="Search..." class="form-control rounded-md shadow-sm"/> aka locator('#expiredScreens').getByPlaceholder('Search...')
        2) <input type="text" placeholder="Search..." id="formGroupExampleInput" class="form-control rounded-md shadow-sm"/> aka getByRole('textbox', { name: 'Search...' })

    Call log:
    [2m  - [Screens] search input should be present with timeout 20000ms[22m
    [2m  - waiting for locator('input[placeholder="Search..."]:visible').first().or(getByPlaceholder(/search/i).first())[22m


       at ..\pages\searchPage.ts:62

      60 |     await firstLoad;
      61 |     await expect(this.searchInput, `[${this.module.name}] search input should be present`)
    > 62 |       .toBeVisible({ timeout: 20_000 });
         |        ^
      63 |     return this;
      64 |   }
      65 |
        at SearchPage.open (C:\Users\User\Downloads\wilyer-playwright\search-suite\pages\searchPage.ts:62:8)
        at open (C:\Users\User\Downloads\wilyer-playwright\search-suite\tests\search.spec.ts:39:7)
        at C:\Users\User\Downloads\wilyer-playwright\search-suite\tests\search.spec.ts:105:22

    attachment #1: screenshot (image/png) ──────────────────────────────────────────────────────────
    search-suite\test-results\search-Search-·-Screens-Fu-9a682-r-a-page-refresh-functional-chromium\test-failed-1.png
    ────────────────────────────────────────────────────────────────────────────────────────────────

    Error Context: search-suite\test-results\search-Search-·-Screens-Fu-9a682-r-a-page-refresh-functional-chromium\error-context.md

    attachment #4: trace (application/zip) ─────────────────────────────────────────────────────────
    search-suite\test-results\search-Search-·-Screens-Fu-9a682-r-a-page-refresh-functional-chromium\trace.zip
    Usage:

        npx playwright show-trace search-suite\test-results\search-Search-·-Screens-Fu-9a682-r-a-page-refresh-functional-chromium\trace.zip

    ────────────────────────────────────────────────────────────────────────────────────────────────


[1A[2K  8) [chromium] › search-suite\tests\search.spec.ts:122:7 › Search · Screens › Edge: "empty" does not crash the UI @edge 

    Error: [Screens] search input should be present

    [2mexpect([22m[31mlocator[39m[2m).[22mtoBeVisible[2m([22m[2m)[22m failed

    Locator: locator('input[placeholder="Search..."]:visible').first().or(getByPlaceholder(/search/i).first())
    Expected: visible
    Error: strict mode violation: locator('input[placeholder="Search..."]:visible').first().or(getByPlaceholder(/search/i).first()) resolved to 2 elements:
        1) <input value="" type="text" placeholder="Search..." class="form-control rounded-md shadow-sm"/> aka locator('#expiredScreens').getByPlaceholder('Search...')
        2) <input type="text" placeholder="Search..." id="formGroupExampleInput" class="form-control rounded-md shadow-sm"/> aka getByRole('textbox', { name: 'Search...' })

    Call log:
    [2m  - [Screens] search input should be present with timeout 20000ms[22m
    [2m  - waiting for locator('input[placeholder="Search..."]:visible').first().or(getByPlaceholder(/search/i).first())[22m


       at ..\pages\searchPage.ts:62

      60 |     await firstLoad;
      61 |     await expect(this.searchInput, `[${this.module.name}] search input should be present`)
    > 62 |       .toBeVisible({ timeout: 20_000 });
         |        ^
      63 |     return this;
      64 |   }
      65 |
        at SearchPage.open (C:\Users\User\Downloads\wilyer-playwright\search-suite\pages\searchPage.ts:62:8)
        at open (C:\Users\User\Downloads\wilyer-playwright\search-suite\tests\search.spec.ts:39:7)
        at C:\Users\User\Downloads\wilyer-playwright\search-suite\tests\search.spec.ts:123:24

    attachment #1: screenshot (image/png) ──────────────────────────────────────────────────────────
    search-suite\test-results\search-Search-·-Screens-Ed-f1035--does-not-crash-the-UI-edge-chromium\test-failed-1.png
    ────────────────────────────────────────────────────────────────────────────────────────────────

    Error Context: search-suite\test-results\search-Search-·-Screens-Ed-f1035--does-not-crash-the-UI-edge-chromium\error-context.md

    attachment #4: trace (application/zip) ─────────────────────────────────────────────────────────
    search-suite\test-results\search-Search-·-Screens-Ed-f1035--does-not-crash-the-UI-edge-chromium\trace.zip
    Usage:

        npx playwright show-trace search-suite\test-results\search-Search-·-Screens-Ed-f1035--does-not-crash-the-UI-edge-chromium\trace.zip

    ────────────────────────────────────────────────────────────────────────────────────────────────


[1A[2K  9) [chromium] › search-suite\tests\search.spec.ts:112:5 › Search · Screens › Functional: multiple consecutive searches stay healthy @functional 

    Error: [Screens] search input should be present

    [2mexpect([22m[31mlocator[39m[2m).[22mtoBeVisible[2m([22m[2m)[22m failed

    Locator: locator('input[placeholder="Search..."]:visible').first().or(getByPlaceholder(/search/i).first())
    Expected: visible
    Error: strict mode violation: locator('input[placeholder="Search..."]:visible').first().or(getByPlaceholder(/search/i).first()) resolved to 2 elements:
        1) <input value="" type="text" placeholder="Search..." class="form-control rounded-md shadow-sm"/> aka locator('#expiredScreens').getByPlaceholder('Search...')
        2) <input type="text" placeholder="Search..." id="formGroupExampleInput" class="form-control rounded-md shadow-sm"/> aka getByRole('textbox', { name: 'Search...' })

    Call log:
    [2m  - [Screens] search input should be present with timeout 20000ms[22m
    [2m  - waiting for locator('input[placeholder="Search..."]:visible').first().or(getByPlaceholder(/search/i).first())[22m


       at ..\pages\searchPage.ts:62

      60 |     await firstLoad;
      61 |     await expect(this.searchInput, `[${this.module.name}] search input should be present`)
    > 62 |       .toBeVisible({ timeout: 20_000 });
         |        ^
      63 |     return this;
      64 |   }
      65 |
        at SearchPage.open (C:\Users\User\Downloads\wilyer-playwright\search-suite\pages\searchPage.ts:62:8)
        at open (C:\Users\User\Downloads\wilyer-playwright\search-suite\tests\search.spec.ts:39:7)
        at C:\Users\User\Downloads\wilyer-playwright\search-suite\tests\search.spec.ts:113:22

    attachment #1: screenshot (image/png) ──────────────────────────────────────────────────────────
    search-suite\test-results\search-Search-·-Screens-Fu-3162f-hes-stay-healthy-functional-chromium\test-failed-1.png
    ────────────────────────────────────────────────────────────────────────────────────────────────

    Error Context: search-suite\test-results\search-Search-·-Screens-Fu-3162f-hes-stay-healthy-functional-chromium\error-context.md

    attachment #4: trace (application/zip) ─────────────────────────────────────────────────────────
    search-suite\test-results\search-Search-·-Screens-Fu-3162f-hes-stay-healthy-functional-chromium\trace.zip
    Usage:

        npx playwright show-trace search-suite\test-results\search-Search-·-Screens-Fu-3162f-hes-stay-healthy-functional-chromium\trace.zip

    ────────────────────────────────────────────────────────────────────────────────────────────────


[1A[2K[10/351] [chromium] › search-suite\tests\search.spec.ts:122:7 › Search · Screens › Edge: "single character" does not crash the UI @edge
[1A[2K[11/351] [chromium] › search-suite\tests\search.spec.ts:122:7 › Search · Screens › Edge: "only spaces" does not crash the UI @edge
[1A[2K[12/351] [chromium] › search-suite\tests\search.spec.ts:122:7 › Search · Screens › Edge: "leading/trailing spaces" does not crash the UI @edge
[1A[2K  10) [chromium] › search-suite\tests\search.spec.ts:122:7 › Search · Screens › Edge: "single character" does not crash the UI @edge 

    Error: [Screens] search input should be present

    [2mexpect([22m[31mlocator[39m[2m).[22mtoBeVisible[2m([22m[2m)[22m failed

    Locator: locator('input[placeholder="Search..."]:visible').first().or(getByPlaceholder(/search/i).first())
    Expected: visible
    Error: strict mode violation: locator('input[placeholder="Search..."]:visible').first().or(getByPlaceholder(/search/i).first()) resolved to 2 elements:
        1) <input value="" type="text" placeholder="Search..." class="form-control rounded-md shadow-sm"/> aka locator('#expiredScreens').getByPlaceholder('Search...')
        2) <input type="text" placeholder="Search..." id="formGroupExampleInput" class="form-control rounded-md shadow-sm"/> aka getByRole('textbox', { name: 'Search...' })

    Call log:
    [2m  - [Screens] search input should be present with timeout 20000ms[22m
    [2m  - waiting for locator('input[placeholder="Search..."]:visible').first().or(getByPlaceholder(/search/i).first())[22m


       at ..\pages\searchPage.ts:62

      60 |     await firstLoad;
      61 |     await expect(this.searchInput, `[${this.module.name}] search input should be present`)
    > 62 |       .toBeVisible({ timeout: 20_000 });
         |        ^
      63 |     return this;
      64 |   }
      65 |
        at SearchPage.open (C:\Users\User\Downloads\wilyer-playwright\search-suite\pages\searchPage.ts:62:8)
        at open (C:\Users\User\Downloads\wilyer-playwright\search-suite\tests\search.spec.ts:39:7)
        at C:\Users\User\Downloads\wilyer-playwright\search-suite\tests\search.spec.ts:123:24

    attachment #1: screenshot (image/png) ──────────────────────────────────────────────────────────
    search-suite\test-results\search-Search-·-Screens-Ed-2ab32--does-not-crash-the-UI-edge-chromium\test-failed-1.png
    ────────────────────────────────────────────────────────────────────────────────────────────────

    Error Context: search-suite\test-results\search-Search-·-Screens-Ed-2ab32--does-not-crash-the-UI-edge-chromium\error-context.md

    attachment #4: trace (application/zip) ─────────────────────────────────────────────────────────
    search-suite\test-results\search-Search-·-Screens-Ed-2ab32--does-not-crash-the-UI-edge-chromium\trace.zip
    Usage:

        npx playwright show-trace search-suite\test-results\search-Search-·-Screens-Ed-2ab32--does-not-crash-the-UI-edge-chromium\trace.zip

    ────────────────────────────────────────────────────────────────────────────────────────────────


[1A[2K  11) [chromium] › search-suite\tests\search.spec.ts:122:7 › Search · Screens › Edge: "leading/trailing spaces" does not crash the UI @edge 

    Error: [Screens] search input should be present

    [2mexpect([22m[31mlocator[39m[2m).[22mtoBeVisible[2m([22m[2m)[22m failed

    Locator: locator('input[placeholder="Search..."]:visible').first().or(getByPlaceholder(/search/i).first())
    Expected: visible
    Error: strict mode violation: locator('input[placeholder="Search..."]:visible').first().or(getByPlaceholder(/search/i).first()) resolved to 2 elements:
        1) <input value="" type="text" placeholder="Search..." class="form-control rounded-md shadow-sm"/> aka locator('#expiredScreens').getByPlaceholder('Search...')
        2) <input type="text" placeholder="Search..." id="formGroupExampleInput" class="form-control rounded-md shadow-sm"/> aka getByRole('textbox', { name: 'Search...' })

    Call log:
    [2m  - [Screens] search input should be present with timeout 20000ms[22m
    [2m  - waiting for locator('input[placeholder="Search..."]:visible').first().or(getByPlaceholder(/search/i).first())[22m


       at ..\pages\searchPage.ts:62

      60 |     await firstLoad;
      61 |     await expect(this.searchInput, `[${this.module.name}] search input should be present`)
    > 62 |       .toBeVisible({ timeout: 20_000 });
         |        ^
      63 |     return this;
      64 |   }
      65 |
        at SearchPage.open (C:\Users\User\Downloads\wilyer-playwright\search-suite\pages\searchPage.ts:62:8)
        at open (C:\Users\User\Downloads\wilyer-playwright\search-suite\tests\search.spec.ts:39:7)
        at C:\Users\User\Downloads\wilyer-playwright\search-suite\tests\search.spec.ts:123:24

    attachment #1: screenshot (image/png) ──────────────────────────────────────────────────────────
    search-suite\test-results\search-Search-·-Screens-Ed-c202a--does-not-crash-the-UI-edge-chromium\test-failed-1.png
    ────────────────────────────────────────────────────────────────────────────────────────────────

    Error Context: search-suite\test-results\search-Search-·-Screens-Ed-c202a--does-not-crash-the-UI-edge-chromium\error-context.md

    attachment #4: trace (application/zip) ─────────────────────────────────────────────────────────
    search-suite\test-results\search-Search-·-Screens-Ed-c202a--does-not-crash-the-UI-edge-chromium\trace.zip
    Usage:

        npx playwright show-trace search-suite\test-results\search-Search-·-Screens-Ed-c202a--does-not-crash-the-UI-edge-chromium\trace.zip

    ────────────────────────────────────────────────────────────────────────────────────────────────


[1A[2K  12) [chromium] › search-suite\tests\search.spec.ts:122:7 › Search · Screens › Edge: "only spaces" does not crash the UI @edge 

    Error: [Screens] search input should be present

    [2mexpect([22m[31mlocator[39m[2m).[22mtoBeVisible[2m([22m[2m)[22m failed

    Locator: locator('input[placeholder="Search..."]:visible').first().or(getByPlaceholder(/search/i).first())
    Expected: visible
    Error: strict mode violation: locator('input[placeholder="Search..."]:visible').first().or(getByPlaceholder(/search/i).first()) resolved to 2 elements:
        1) <input value="" type="text" placeholder="Search..." class="form-control rounded-md shadow-sm"/> aka locator('#expiredScreens').getByPlaceholder('Search...')
        2) <input type="text" placeholder="Search..." id="formGroupExampleInput" class="form-control rounded-md shadow-sm"/> aka getByRole('textbox', { name: 'Search...' })

    Call log:
    [2m  - [Screens] search input should be present with timeout 20000ms[22m
    [2m  - waiting for locator('input[placeholder="Search..."]:visible').first().or(getByPlaceholder(/search/i).first())[22m


       at ..\pages\searchPage.ts:62

      60 |     await firstLoad;
      61 |     await expect(this.searchInput, `[${this.module.name}] search input should be present`)
    > 62 |       .toBeVisible({ timeout: 20_000 });
         |        ^
      63 |     return this;
      64 |   }
      65 |
        at SearchPage.open (C:\Users\User\Downloads\wilyer-playwright\search-suite\pages\searchPage.ts:62:8)
        at open (C:\Users\User\Downloads\wilyer-playwright\search-suite\tests\search.spec.ts:39:7)
        at C:\Users\User\Downloads\wilyer-playwright\search-suite\tests\search.spec.ts:123:24

    attachment #1: screenshot (image/png) ──────────────────────────────────────────────────────────
    search-suite\test-results\search-Search-·-Screens-Ed-4db70--does-not-crash-the-UI-edge-chromium\test-failed-1.png
    ────────────────────────────────────────────────────────────────────────────────────────────────

    Error Context: search-suite\test-results\search-Search-·-Screens-Ed-4db70--does-not-crash-the-UI-edge-chromium\error-context.md

    attachment #4: trace (application/zip) ─────────────────────────────────────────────────────────
    search-suite\test-results\search-Search-·-Screens-Ed-4db70--does-not-crash-the-UI-edge-chromium\trace.zip
    Usage:

        npx playwright show-trace search-suite\test-results\search-Search-·-Screens-Ed-4db70--does-not-crash-the-UI-edge-chromium\trace.zip

    ────────────────────────────────────────────────────────────────────────────────────────────────


[1A[2K[13/351] [chromium] › search-suite\tests\search.spec.ts:122:7 › Search · Screens › Edge: "multiple inner spaces" does not crash the UI @edge
[1A[2K[14/351] [chromium] › search-suite\tests\search.spec.ts:122:7 › Search · Screens › Edge: "very long (1200 chars)" does not crash the UI @edge
[1A[2K[15/351] [chromium] › search-suite\tests\search.spec.ts:122:7 › Search · Screens › Edge: "special characters" does not crash the UI @edge
[1A[2K  13) [chromium] › search-suite\tests\search.spec.ts:122:7 › Search · Screens › Edge: "special characters" does not crash the UI @edge 

    Error: [Screens] search input should be present

    [2mexpect([22m[31mlocator[39m[2m).[22mtoBeVisible[2m([22m[2m)[22m failed

    Locator: locator('input[placeholder="Search..."]:visible').first().or(getByPlaceholder(/search/i).first())
    Expected: visible
    Error: strict mode violation: locator('input[placeholder="Search..."]:visible').first().or(getByPlaceholder(/search/i).first()) resolved to 2 elements:
        1) <input value="" type="text" placeholder="Search..." class="form-control rounded-md shadow-sm"/> aka locator('#expiredScreens').getByPlaceholder('Search...')
        2) <input type="text" placeholder="Search..." id="formGroupExampleInput" class="form-control rounded-md shadow-sm"/> aka getByRole('textbox', { name: 'Search...' })

    Call log:
    [2m  - [Screens] search input should be present with timeout 20000ms[22m
    [2m  - waiting for locator('input[placeholder="Search..."]:visible').first().or(getByPlaceholder(/search/i).first())[22m


       at ..\pages\searchPage.ts:62

      60 |     await firstLoad;
      61 |     await expect(this.searchInput, `[${this.module.name}] search input should be present`)
    > 62 |       .toBeVisible({ timeout: 20_000 });
         |        ^
      63 |     return this;
      64 |   }
      65 |
        at SearchPage.open (C:\Users\User\Downloads\wilyer-playwright\search-suite\pages\searchPage.ts:62:8)
        at open (C:\Users\User\Downloads\wilyer-playwright\search-suite\tests\search.spec.ts:39:7)
        at C:\Users\User\Downloads\wilyer-playwright\search-suite\tests\search.spec.ts:123:24

    attachment #1: screenshot (image/png) ──────────────────────────────────────────────────────────
    search-suite\test-results\search-Search-·-Screens-Ed-fadb4--does-not-crash-the-UI-edge-chromium\test-failed-1.png
    ────────────────────────────────────────────────────────────────────────────────────────────────

    Error Context: search-suite\test-results\search-Search-·-Screens-Ed-fadb4--does-not-crash-the-UI-edge-chromium\error-context.md

    attachment #4: trace (application/zip) ─────────────────────────────────────────────────────────
    search-suite\test-results\search-Search-·-Screens-Ed-fadb4--does-not-crash-the-UI-edge-chromium\trace.zip
    Usage:

        npx playwright show-trace search-suite\test-results\search-Search-·-Screens-Ed-fadb4--does-not-crash-the-UI-edge-chromium\trace.zip

    ────────────────────────────────────────────────────────────────────────────────────────────────


[1A[2K  14) [chromium] › search-suite\tests\search.spec.ts:122:7 › Search · Screens › Edge: "very long (1200 chars)" does not crash the UI @edge 

    Error: [Screens] search input should be present

    [2mexpect([22m[31mlocator[39m[2m).[22mtoBeVisible[2m([22m[2m)[22m failed

    Locator: locator('input[placeholder="Search..."]:visible').first().or(getByPlaceholder(/search/i).first())
    Expected: visible
    Error: strict mode violation: locator('input[placeholder="Search..."]:visible').first().or(getByPlaceholder(/search/i).first()) resolved to 2 elements:
        1) <input value="" type="text" placeholder="Search..." class="form-control rounded-md shadow-sm"/> aka locator('#expiredScreens').getByPlaceholder('Search...')
        2) <input type="text" placeholder="Search..." id="formGroupExampleInput" class="form-control rounded-md shadow-sm"/> aka getByRole('textbox', { name: 'Search...' })

    Call log:
    [2m  - [Screens] search input should be present with timeout 20000ms[22m
    [2m  - waiting for locator('input[placeholder="Search..."]:visible').first().or(getByPlaceholder(/search/i).first())[22m


       at ..\pages\searchPage.ts:62

      60 |     await firstLoad;
      61 |     await expect(this.searchInput, `[${this.module.name}] search input should be present`)
    > 62 |       .toBeVisible({ timeout: 20_000 });
         |        ^
      63 |     return this;
      64 |   }
      65 |
        at SearchPage.open (C:\Users\User\Downloads\wilyer-playwright\search-suite\pages\searchPage.ts:62:8)
        at open (C:\Users\User\Downloads\wilyer-playwright\search-suite\tests\search.spec.ts:39:7)
        at C:\Users\User\Downloads\wilyer-playwright\search-suite\tests\search.spec.ts:123:24

    attachment #1: screenshot (image/png) ──────────────────────────────────────────────────────────
    search-suite\test-results\search-Search-·-Screens-Ed-fd08a--does-not-crash-the-UI-edge-chromium\test-failed-1.png
    ────────────────────────────────────────────────────────────────────────────────────────────────

    Error Context: search-suite\test-results\search-Search-·-Screens-Ed-fd08a--does-not-crash-the-UI-edge-chromium\error-context.md

    attachment #4: trace (application/zip) ─────────────────────────────────────────────────────────
    search-suite\test-results\search-Search-·-Screens-Ed-fd08a--does-not-crash-the-UI-edge-chromium\trace.zip
    Usage:

        npx playwright show-trace search-suite\test-results\search-Search-·-Screens-Ed-fd08a--does-not-crash-the-UI-edge-chromium\trace.zip

    ────────────────────────────────────────────────────────────────────────────────────────────────


[1A[2K  15) [chromium] › search-suite\tests\search.spec.ts:122:7 › Search · Screens › Edge: "multiple inner spaces" does not crash the UI @edge 

    Error: [Screens] search input should be present

    [2mexpect([22m[31mlocator[39m[2m).[22mtoBeVisible[2m([22m[2m)[22m failed

    Locator: locator('input[placeholder="Search..."]:visible').first().or(getByPlaceholder(/search/i).first())
    Expected: visible
    Error: strict mode violation: locator('input[placeholder="Search..."]:visible').first().or(getByPlaceholder(/search/i).first()) resolved to 2 elements:
        1) <input value="" type="text" placeholder="Search..." class="form-control rounded-md shadow-sm"/> aka locator('#expiredScreens').getByPlaceholder('Search...')
        2) <input type="text" placeholder="Search..." id="formGroupExampleInput" class="form-control rounded-md shadow-sm"/> aka getByRole('textbox', { name: 'Search...' })

    Call log:
    [2m  - [Screens] search input should be present with timeout 20000ms[22m
    [2m  - waiting for locator('input[placeholder="Search..."]:visible').first().or(getByPlaceholder(/search/i).first())[22m


       at ..\pages\searchPage.ts:62

      60 |     await firstLoad;
      61 |     await expect(this.searchInput, `[${this.module.name}] search input should be present`)
    > 62 |       .toBeVisible({ timeout: 20_000 });
         |        ^
      63 |     return this;
      64 |   }
      65 |
        at SearchPage.open (C:\Users\User\Downloads\wilyer-playwright\search-suite\pages\searchPage.ts:62:8)
        at open (C:\Users\User\Downloads\wilyer-playwright\search-suite\tests\search.spec.ts:39:7)
        at C:\Users\User\Downloads\wilyer-playwright\search-suite\tests\search.spec.ts:123:24

    attachment #1: screenshot (image/png) ──────────────────────────────────────────────────────────
    search-suite\test-results\search-Search-·-Screens-Ed-4ef46--does-not-crash-the-UI-edge-chromium\test-failed-1.png
    ────────────────────────────────────────────────────────────────────────────────────────────────

    Error Context: search-suite\test-results\search-Search-·-Screens-Ed-4ef46--does-not-crash-the-UI-edge-chromium\error-context.md

    attachment #4: trace (application/zip) ─────────────────────────────────────────────────────────
    search-suite\test-results\search-Search-·-Screens-Ed-4ef46--does-not-crash-the-UI-edge-chromium\trace.zip
    Usage:

        npx playwright show-trace search-suite\test-results\search-Search-·-Screens-Ed-4ef46--does-not-crash-the-UI-edge-chromium\trace.zip

    ────────────────────────────────────────────────────────────────────────────────────────────────


[1A[2K[16/351] [chromium] › search-suite\tests\search.spec.ts:122:7 › Search · Screens › Edge: "unicode hi/zh/ja" does not crash the UI @edge
[1A[2K[17/351] [chromium] › search-suite\tests\search.spec.ts:122:7 › Search · Screens › Edge: "emoji" does not crash the UI @edge
[1A[2K[18/351] [chromium] › search-suite\tests\search.spec.ts:122:7 › Search · Screens › Edge: "newline and tab" does not crash the UI @edge
[1A[2K  16) [chromium] › search-suite\tests\search.spec.ts:122:7 › Search · Screens › Edge: "newline and tab" does not crash the UI @edge 

    Error: [Screens] search input should be present

    [2mexpect([22m[31mlocator[39m[2m).[22mtoBeVisible[2m([22m[2m)[22m failed

    Locator: locator('input[placeholder="Search..."]:visible').first().or(getByPlaceholder(/search/i).first())
    Expected: visible
    Error: strict mode violation: locator('input[placeholder="Search..."]:visible').first().or(getByPlaceholder(/search/i).first()) resolved to 2 elements:
        1) <input value="" type="text" placeholder="Search..." class="form-control rounded-md shadow-sm"/> aka locator('#expiredScreens').getByPlaceholder('Search...')
        2) <input type="text" placeholder="Search..." id="formGroupExampleInput" class="form-control rounded-md shadow-sm"/> aka getByRole('textbox', { name: 'Search...' })

    Call log:
    [2m  - [Screens] search input should be present with timeout 20000ms[22m
    [2m  - waiting for locator('input[placeholder="Search..."]:visible').first().or(getByPlaceholder(/search/i).first())[22m


       at ..\pages\searchPage.ts:62

      60 |     await firstLoad;
      61 |     await expect(this.searchInput, `[${this.module.name}] search input should be present`)
    > 62 |       .toBeVisible({ timeout: 20_000 });
         |        ^
      63 |     return this;
      64 |   }
      65 |
        at SearchPage.open (C:\Users\User\Downloads\wilyer-playwright\search-suite\pages\searchPage.ts:62:8)
        at open (C:\Users\User\Downloads\wilyer-playwright\search-suite\tests\search.spec.ts:39:7)
        at C:\Users\User\Downloads\wilyer-playwright\search-suite\tests\search.spec.ts:123:24

    attachment #1: screenshot (image/png) ──────────────────────────────────────────────────────────
    search-suite\test-results\search-Search-·-Screens-Ed-020d9--does-not-crash-the-UI-edge-chromium\test-failed-1.png
    ────────────────────────────────────────────────────────────────────────────────────────────────

    Error Context: search-suite\test-results\search-Search-·-Screens-Ed-020d9--does-not-crash-the-UI-edge-chromium\error-context.md

    attachment #4: trace (application/zip) ─────────────────────────────────────────────────────────
    search-suite\test-results\search-Search-·-Screens-Ed-020d9--does-not-crash-the-UI-edge-chromium\trace.zip
    Usage:

        npx playwright show-trace search-suite\test-results\search-Search-·-Screens-Ed-020d9--does-not-crash-the-UI-edge-chromium\trace.zip

    ────────────────────────────────────────────────────────────────────────────────────────────────


[1A[2K  17) [chromium] › search-suite\tests\search.spec.ts:122:7 › Search · Screens › Edge: "unicode hi/zh/ja" does not crash the UI @edge 

    Error: [Screens] search input should be present

    [2mexpect([22m[31mlocator[39m[2m).[22mtoBeVisible[2m([22m[2m)[22m failed

    Locator: locator('input[placeholder="Search..."]:visible').first().or(getByPlaceholder(/search/i).first())
    Expected: visible
    Error: strict mode violation: locator('input[placeholder="Search..."]:visible').first().or(getByPlaceholder(/search/i).first()) resolved to 2 elements:
        1) <input value="" type="text" placeholder="Search..." class="form-control rounded-md shadow-sm"/> aka locator('#expiredScreens').getByPlaceholder('Search...')
        2) <input type="text" placeholder="Search..." id="formGroupExampleInput" class="form-control rounded-md shadow-sm"/> aka getByRole('textbox', { name: 'Search...' })

    Call log:
    [2m  - [Screens] search input should be present with timeout 20000ms[22m
    [2m  - waiting for locator('input[placeholder="Search..."]:visible').first().or(getByPlaceholder(/search/i).first())[22m


       at ..\pages\searchPage.ts:62

      60 |     await firstLoad;
      61 |     await expect(this.searchInput, `[${this.module.name}] search input should be present`)
    > 62 |       .toBeVisible({ timeout: 20_000 });
         |        ^
      63 |     return this;
      64 |   }
      65 |
        at SearchPage.open (C:\Users\User\Downloads\wilyer-playwright\search-suite\pages\searchPage.ts:62:8)
        at open (C:\Users\User\Downloads\wilyer-playwright\search-suite\tests\search.spec.ts:39:7)
        at C:\Users\User\Downloads\wilyer-playwright\search-suite\tests\search.spec.ts:123:24

    attachment #1: screenshot (image/png) ──────────────────────────────────────────────────────────
    search-suite\test-results\search-Search-·-Screens-Ed-5420c--does-not-crash-the-UI-edge-chromium\test-failed-1.png
    ────────────────────────────────────────────────────────────────────────────────────────────────

    Error Context: search-suite\test-results\search-Search-·-Screens-Ed-5420c--does-not-crash-the-UI-edge-chromium\error-context.md

    attachment #4: trace (application/zip) ─────────────────────────────────────────────────────────
    search-suite\test-results\search-Search-·-Screens-Ed-5420c--does-not-crash-the-UI-edge-chromium\trace.zip
    Usage:

        npx playwright show-trace search-suite\test-results\search-Search-·-Screens-Ed-5420c--does-not-crash-the-UI-edge-chromium\trace.zip

    ────────────────────────────────────────────────────────────────────────────────────────────────


[1A[2K  18) [chromium] › search-suite\tests\search.spec.ts:122:7 › Search · Screens › Edge: "emoji" does not crash the UI @edge 

    Error: [Screens] search input should be present

    [2mexpect([22m[31mlocator[39m[2m).[22mtoBeVisible[2m([22m[2m)[22m failed

    Locator: locator('input[placeholder="Search..."]:visible').first().or(getByPlaceholder(/search/i).first())
    Expected: visible
    Error: strict mode violation: locator('input[placeholder="Search..."]:visible').first().or(getByPlaceholder(/search/i).first()) resolved to 2 elements:
        1) <input value="" type="text" placeholder="Search..." class="form-control rounded-md shadow-sm"/> aka locator('#expiredScreens').getByPlaceholder('Search...')
        2) <input type="text" placeholder="Search..." id="formGroupExampleInput" class="form-control rounded-md shadow-sm"/> aka getByRole('textbox', { name: 'Search...' })

    Call log:
    [2m  - [Screens] search input should be present with timeout 20000ms[22m
    [2m  - waiting for locator('input[placeholder="Search..."]:visible').first().or(getByPlaceholder(/search/i).first())[22m


       at ..\pages\searchPage.ts:62

      60 |     await firstLoad;
      61 |     await expect(this.searchInput, `[${this.module.name}] search input should be present`)
    > 62 |       .toBeVisible({ timeout: 20_000 });
         |        ^
      63 |     return this;
      64 |   }
      65 |
        at SearchPage.open (C:\Users\User\Downloads\wilyer-playwright\search-suite\pages\searchPage.ts:62:8)
        at open (C:\Users\User\Downloads\wilyer-playwright\search-suite\tests\search.spec.ts:39:7)
        at C:\Users\User\Downloads\wilyer-playwright\search-suite\tests\search.spec.ts:123:24

    attachment #1: screenshot (image/png) ──────────────────────────────────────────────────────────
    search-suite\test-results\search-Search-·-Screens-Ed-06929--does-not-crash-the-UI-edge-chromium\test-failed-1.png
    ────────────────────────────────────────────────────────────────────────────────────────────────

    Error Context: search-suite\test-results\search-Search-·-Screens-Ed-06929--does-not-crash-the-UI-edge-chromium\error-context.md

    attachment #4: trace (application/zip) ─────────────────────────────────────────────────────────
    search-suite\test-results\search-Search-·-Screens-Ed-06929--does-not-crash-the-UI-edge-chromium\trace.zip
    Usage:

        npx playwright show-trace search-suite\test-results\search-Search-·-Screens-Ed-06929--does-not-crash-the-UI-edge-chromium\trace.zip

    ────────────────────────────────────────────────────────────────────────────────────────────────


[1A[2K[19/351] [chromium] › search-suite\tests\search.spec.ts:134:7 › Search · Screens › Security: "SQLi ' OR 1=1 --" is inert (no execution) @security
[1A[2K[20/351] [chromium] › search-suite\tests\search.spec.ts:122:7 › Search · Screens › Edge: "url-encoded" does not crash the UI @edge
[1A[2K[21/351] [chromium] › search-suite\tests\search.spec.ts:134:7 › Search · Screens › Security: "SQLi admin'--" is inert (no execution) @security
[1A[2K  19) [chromium] › search-suite\tests\search.spec.ts:134:7 › Search · Screens › Security: "SQLi admin'--" is inert (no execution) @security 

    Error: [Screens] search input should be present

    [2mexpect([22m[31mlocator[39m[2m).[22mtoBeVisible[2m([22m[2m)[22m failed

    Locator: locator('input[placeholder="Search..."]:visible').first().or(getByPlaceholder(/search/i).first())
    Expected: visible
    Error: strict mode violation: locator('input[placeholder="Search..."]:visible').first().or(getByPlaceholder(/search/i).first()) resolved to 2 elements:
        1) <input value="" type="text" placeholder="Search..." class="form-control rounded-md shadow-sm"/> aka locator('#expiredScreens').getByPlaceholder('Search...')
        2) <input type="text" placeholder="Search..." id="formGroupExampleInput" class="form-control rounded-md shadow-sm"/> aka getByRole('textbox', { name: 'Search...' })

    Call log:
    [2m  - [Screens] search input should be present with timeout 20000ms[22m
    [2m  - waiting for locator('input[placeholder="Search..."]:visible').first().or(getByPlaceholder(/search/i).first())[22m


       at ..\pages\searchPage.ts:62

      60 |     await firstLoad;
      61 |     await expect(this.searchInput, `[${this.module.name}] search input should be present`)
    > 62 |       .toBeVisible({ timeout: 20_000 });
         |        ^
      63 |     return this;
      64 |   }
      65 |
        at SearchPage.open (C:\Users\User\Downloads\wilyer-playwright\search-suite\pages\searchPage.ts:62:8)
        at open (C:\Users\User\Downloads\wilyer-playwright\search-suite\tests\search.spec.ts:39:7)
        at C:\Users\User\Downloads\wilyer-playwright\search-suite\tests\search.spec.ts:138:24

    attachment #1: screenshot (image/png) ──────────────────────────────────────────────────────────
    search-suite\test-results\search-Search-·-Screens-Se-85001-inert-no-execution-security-chromium\test-failed-1.png
    ────────────────────────────────────────────────────────────────────────────────────────────────

    Error Context: search-suite\test-results\search-Search-·-Screens-Se-85001-inert-no-execution-security-chromium\error-context.md

    attachment #4: trace (application/zip) ─────────────────────────────────────────────────────────
    search-suite\test-results\search-Search-·-Screens-Se-85001-inert-no-execution-security-chromium\trace.zip
    Usage:

        npx playwright show-trace search-suite\test-results\search-Search-·-Screens-Se-85001-inert-no-execution-security-chromium\trace.zip

    ────────────────────────────────────────────────────────────────────────────────────────────────


[1A[2K  20) [chromium] › search-suite\tests\search.spec.ts:134:7 › Search · Screens › Security: "SQLi ' OR 1=1 --" is inert (no execution) @security 

    Error: [Screens] search input should be present

    [2mexpect([22m[31mlocator[39m[2m).[22mtoBeVisible[2m([22m[2m)[22m failed

    Locator: locator('input[placeholder="Search..."]:visible').first().or(getByPlaceholder(/search/i).first())
    Expected: visible
    Error: strict mode violation: locator('input[placeholder="Search..."]:visible').first().or(getByPlaceholder(/search/i).first()) resolved to 2 elements:
        1) <input value="" type="text" placeholder="Search..." class="form-control rounded-md shadow-sm"/> aka locator('#expiredScreens').getByPlaceholder('Search...')
        2) <input type="text" placeholder="Search..." id="formGroupExampleInput" class="form-control rounded-md shadow-sm"/> aka getByRole('textbox', { name: 'Search...' })

    Call log:
    [2m  - [Screens] search input should be present with timeout 20000ms[22m
    [2m  - waiting for locator('input[placeholder="Search..."]:visible').first().or(getByPlaceholder(/search/i).first())[22m


       at ..\pages\searchPage.ts:62

      60 |     await firstLoad;
      61 |     await expect(this.searchInput, `[${this.module.name}] search input should be present`)
    > 62 |       .toBeVisible({ timeout: 20_000 });
         |        ^
      63 |     return this;
      64 |   }
      65 |
        at SearchPage.open (C:\Users\User\Downloads\wilyer-playwright\search-suite\pages\searchPage.ts:62:8)
        at open (C:\Users\User\Downloads\wilyer-playwright\search-suite\tests\search.spec.ts:39:7)
        at C:\Users\User\Downloads\wilyer-playwright\search-suite\tests\search.spec.ts:138:24

    attachment #1: screenshot (image/png) ──────────────────────────────────────────────────────────
    search-suite\test-results\search-Search-·-Screens-Se-f78ea-inert-no-execution-security-chromium\test-failed-1.png
    ────────────────────────────────────────────────────────────────────────────────────────────────

    Error Context: search-suite\test-results\search-Search-·-Screens-Se-f78ea-inert-no-execution-security-chromium\error-context.md

    attachment #4: trace (application/zip) ─────────────────────────────────────────────────────────
    search-suite\test-results\search-Search-·-Screens-Se-f78ea-inert-no-execution-security-chromium\trace.zip
    Usage:

        npx playwright show-trace search-suite\test-results\search-Search-·-Screens-Se-f78ea-inert-no-execution-security-chromium\trace.zip

    ────────────────────────────────────────────────────────────────────────────────────────────────


[1A[2K  21) [chromium] › search-suite\tests\search.spec.ts:122:7 › Search · Screens › Edge: "url-encoded" does not crash the UI @edge 

    Error: [Screens] search input should be present

    [2mexpect([22m[31mlocator[39m[2m).[22mtoBeVisible[2m([22m[2m)[22m failed

    Locator: locator('input[placeholder="Search..."]:visible').first().or(getByPlaceholder(/search/i).first())
    Expected: visible
    Error: strict mode violation: locator('input[placeholder="Search..."]:visible').first().or(getByPlaceholder(/search/i).first()) resolved to 2 elements:
        1) <input value="" type="text" placeholder="Search..." class="form-control rounded-md shadow-sm"/> aka locator('#expiredScreens').getByPlaceholder('Search...')
        2) <input type="text" placeholder="Search..." id="formGroupExampleInput" class="form-control rounded-md shadow-sm"/> aka getByRole('textbox', { name: 'Search...' })

    Call log:
    [2m  - [Screens] search input should be present with timeout 20000ms[22m
    [2m  - waiting for locator('input[placeholder="Search..."]:visible').first().or(getByPlaceholder(/search/i).first())[22m


       at ..\pages\searchPage.ts:62

      60 |     await firstLoad;
      61 |     await expect(this.searchInput, `[${this.module.name}] search input should be present`)
    > 62 |       .toBeVisible({ timeout: 20_000 });
         |        ^
      63 |     return this;
      64 |   }
      65 |
        at SearchPage.open (C:\Users\User\Downloads\wilyer-playwright\search-suite\pages\searchPage.ts:62:8)
        at open (C:\Users\User\Downloads\wilyer-playwright\search-suite\tests\search.spec.ts:39:7)
        at C:\Users\User\Downloads\wilyer-playwright\search-suite\tests\search.spec.ts:123:24

    attachment #1: screenshot (image/png) ──────────────────────────────────────────────────────────
    search-suite\test-results\search-Search-·-Screens-Ed-a593b--does-not-crash-the-UI-edge-chromium\test-failed-1.png
    ────────────────────────────────────────────────────────────────────────────────────────────────

    Error Context: search-suite\test-results\search-Search-·-Screens-Ed-a593b--does-not-crash-the-UI-edge-chromium\error-context.md

    attachment #4: trace (application/zip) ─────────────────────────────────────────────────────────
    search-suite\test-results\search-Search-·-Screens-Ed-a593b--does-not-crash-the-UI-edge-chromium\trace.zip
    Usage:

        npx playwright show-trace search-suite\test-results\search-Search-·-Screens-Ed-a593b--does-not-crash-the-UI-edge-chromium\trace.zip

    ────────────────────────────────────────────────────────────────────────────────────────────────


[1A[2K[22/351] [chromium] › search-suite\tests\search.spec.ts:134:7 › Search · Screens › Security: "SQLi DROP TABLE" is inert (no execution) @security
[1A[2K[23/351] [chromium] › search-suite\tests\search.spec.ts:134:7 › Search · Screens › Security: "XSS <script>" is inert (no execution) @security
[1A[2K[24/351] [chromium] › search-suite\tests\search.spec.ts:134:7 › Search · Screens › Security: "XSS img onerror" is inert (no execution) @security
[1A[2K  22) [chromium] › search-suite\tests\search.spec.ts:134:7 › Search · Screens › Security: "SQLi DROP TABLE" is inert (no execution) @security 

    Error: [Screens] search input should be present

    [2mexpect([22m[31mlocator[39m[2m).[22mtoBeVisible[2m([22m[2m)[22m failed

    Locator: locator('input[placeholder="Search..."]:visible').first().or(getByPlaceholder(/search/i).first())
    Expected: visible
    Error: strict mode violation: locator('input[placeholder="Search..."]:visible').first().or(getByPlaceholder(/search/i).first()) resolved to 2 elements:
        1) <input value="" type="text" placeholder="Search..." class="form-control rounded-md shadow-sm"/> aka locator('#expiredScreens').getByPlaceholder('Search...')
        2) <input type="text" placeholder="Search..." id="formGroupExampleInput" class="form-control rounded-md shadow-sm"/> aka getByRole('textbox', { name: 'Search...' })

    Call log:
    [2m  - [Screens] search input should be present with timeout 20000ms[22m
    [2m  - waiting for locator('input[placeholder="Search..."]:visible').first().or(getByPlaceholder(/search/i).first())[22m


       at ..\pages\searchPage.ts:62

      60 |     await firstLoad;
      61 |     await expect(this.searchInput, `[${this.module.name}] search input should be present`)
    > 62 |       .toBeVisible({ timeout: 20_000 });
         |        ^
      63 |     return this;
      64 |   }
      65 |
        at SearchPage.open (C:\Users\User\Downloads\wilyer-playwright\search-suite\pages\searchPage.ts:62:8)
        at open (C:\Users\User\Downloads\wilyer-playwright\search-suite\tests\search.spec.ts:39:7)
        at C:\Users\User\Downloads\wilyer-playwright\search-suite\tests\search.spec.ts:138:24

    attachment #1: screenshot (image/png) ──────────────────────────────────────────────────────────
    search-suite\test-results\search-Search-·-Screens-Se-8b5da-inert-no-execution-security-chromium\test-failed-1.png
    ────────────────────────────────────────────────────────────────────────────────────────────────

    Error Context: search-suite\test-results\search-Search-·-Screens-Se-8b5da-inert-no-execution-security-chromium\error-context.md

    attachment #4: trace (application/zip) ─────────────────────────────────────────────────────────
    search-suite\test-results\search-Search-·-Screens-Se-8b5da-inert-no-execution-security-chromium\trace.zip
    Usage:

        npx playwright show-trace search-suite\test-results\search-Search-·-Screens-Se-8b5da-inert-no-execution-security-chromium\trace.zip

    ────────────────────────────────────────────────────────────────────────────────────────────────


[1A[2K  23) [chromium] › search-suite\tests\search.spec.ts:134:7 › Search · Screens › Security: "XSS img onerror" is inert (no execution) @security 

    Error: [Screens] search input should be present

    [2mexpect([22m[31mlocator[39m[2m).[22mtoBeVisible[2m([22m[2m)[22m failed

    Locator: locator('input[placeholder="Search..."]:visible').first().or(getByPlaceholder(/search/i).first())
    Expected: visible
    Error: strict mode violation: locator('input[placeholder="Search..."]:visible').first().or(getByPlaceholder(/search/i).first()) resolved to 2 elements:
        1) <input value="" type="text" placeholder="Search..." class="form-control rounded-md shadow-sm"/> aka locator('#expiredScreens').getByPlaceholder('Search...')
        2) <input type="text" placeholder="Search..." id="formGroupExampleInput" class="form-control rounded-md shadow-sm"/> aka getByRole('textbox', { name: 'Search...' })

    Call log:
    [2m  - [Screens] search input should be present with timeout 20000ms[22m
    [2m  - waiting for locator('input[placeholder="Search..."]:visible').first().or(getByPlaceholder(/search/i).first())[22m


       at ..\pages\searchPage.ts:62

      60 |     await firstLoad;
      61 |     await expect(this.searchInput, `[${this.module.name}] search input should be present`)
    > 62 |       .toBeVisible({ timeout: 20_000 });
         |        ^
      63 |     return this;
      64 |   }
      65 |
        at SearchPage.open (C:\Users\User\Downloads\wilyer-playwright\search-suite\pages\searchPage.ts:62:8)
        at open (C:\Users\User\Downloads\wilyer-playwright\search-suite\tests\search.spec.ts:39:7)
        at C:\Users\User\Downloads\wilyer-playwright\search-suite\tests\search.spec.ts:138:24

    attachment #1: screenshot (image/png) ──────────────────────────────────────────────────────────
    search-suite\test-results\search-Search-·-Screens-Se-48ebc-inert-no-execution-security-chromium\test-failed-1.png
    ────────────────────────────────────────────────────────────────────────────────────────────────

    Error Context: search-suite\test-results\search-Search-·-Screens-Se-48ebc-inert-no-execution-security-chromium\error-context.md

    attachment #4: trace (application/zip) ─────────────────────────────────────────────────────────
    search-suite\test-results\search-Search-·-Screens-Se-48ebc-inert-no-execution-security-chromium\trace.zip
    Usage:

        npx playwright show-trace search-suite\test-results\search-Search-·-Screens-Se-48ebc-inert-no-execution-security-chromium\trace.zip

    ────────────────────────────────────────────────────────────────────────────────────────────────


[1A[2K  24) [chromium] › search-suite\tests\search.spec.ts:134:7 › Search · Screens › Security: "XSS <script>" is inert (no execution) @security 

    Error: [Screens] search input should be present

    [2mexpect([22m[31mlocator[39m[2m).[22mtoBeVisible[2m([22m[2m)[22m failed

    Locator: locator('input[placeholder="Search..."]:visible').first().or(getByPlaceholder(/search/i).first())
    Expected: visible
    Error: strict mode violation: locator('input[placeholder="Search..."]:visible').first().or(getByPlaceholder(/search/i).first()) resolved to 2 elements:
        1) <input value="" type="text" placeholder="Search..." class="form-control rounded-md shadow-sm"/> aka locator('#expiredScreens').getByPlaceholder('Search...')
        2) <input type="text" placeholder="Search..." id="formGroupExampleInput" class="form-control rounded-md shadow-sm"/> aka getByRole('textbox', { name: 'Search...' })

    Call log:
    [2m  - [Screens] search input should be present with timeout 20000ms[22m
    [2m  - waiting for locator('input[placeholder="Search..."]:visible').first().or(getByPlaceholder(/search/i).first())[22m


       at ..\pages\searchPage.ts:62

      60 |     await firstLoad;
      61 |     await expect(this.searchInput, `[${this.module.name}] search input should be present`)
    > 62 |       .toBeVisible({ timeout: 20_000 });
         |        ^
      63 |     return this;
      64 |   }
      65 |
        at SearchPage.open (C:\Users\User\Downloads\wilyer-playwright\search-suite\pages\searchPage.ts:62:8)
        at open (C:\Users\User\Downloads\wilyer-playwright\search-suite\tests\search.spec.ts:39:7)
        at C:\Users\User\Downloads\wilyer-playwright\search-suite\tests\search.spec.ts:138:24

    attachment #1: screenshot (image/png) ──────────────────────────────────────────────────────────
    search-suite\test-results\search-Search-·-Screens-Se-0debd-inert-no-execution-security-chromium\test-failed-1.png
    ────────────────────────────────────────────────────────────────────────────────────────────────

    Error Context: search-suite\test-results\search-Search-·-Screens-Se-0debd-inert-no-execution-security-chromium\error-context.md

    attachment #4: trace (application/zip) ─────────────────────────────────────────────────────────
    search-suite\test-results\search-Search-·-Screens-Se-0debd-inert-no-execution-security-chromium\trace.zip
    Usage:

        npx playwright show-trace search-suite\test-results\search-Search-·-Screens-Se-0debd-inert-no-execution-security-chromium\trace.zip

    ────────────────────────────────────────────────────────────────────────────────────────────────


[1A[2K[25/351] [chromium] › search-suite\tests\search.spec.ts:134:7 › Search · Screens › Security: "XSS svg onload" is inert (no execution) @security
[1A[2K[26/351] [chromium] › search-suite\tests\search.spec.ts:134:7 › Search · Screens › Security: "HTML injection" is inert (no execution) @security
[1A[2K[27/351] [chromium] › search-suite\tests\search.spec.ts:153:7 › Search · Screens › API: "500 server error" degrades gracefully (no blank) @api
[1A[2K  25) [chromium] › search-suite\tests\search.spec.ts:153:7 › Search · Screens › API: "500 server error" degrades gracefully (no blank) @api 

    Error: [Screens] search input should be present

    [2mexpect([22m[31mlocator[39m[2m).[22mtoBeVisible[2m([22m[2m)[22m failed

    Locator: locator('input[placeholder="Search..."]:visible').first().or(getByPlaceholder(/search/i).first())
    Expected: visible
    Error: strict mode violation: locator('input[placeholder="Search..."]:visible').first().or(getByPlaceholder(/search/i).first()) resolved to 2 elements:
        1) <input value="" type="text" placeholder="Search..." class="form-control rounded-md shadow-sm"/> aka locator('#expiredScreens').getByPlaceholder('Search...')
        2) <input type="text" placeholder="Search..." id="formGroupExampleInput" class="form-control rounded-md shadow-sm"/> aka getByRole('textbox', { name: 'Search...' })

    Call log:
    [2m  - [Screens] search input should be present with timeout 20000ms[22m
    [2m  - waiting for locator('input[placeholder="Search..."]:visible').first().or(getByPlaceholder(/search/i).first())[22m


       at ..\pages\searchPage.ts:62

      60 |     await firstLoad;
      61 |     await expect(this.searchInput, `[${this.module.name}] search input should be present`)
    > 62 |       .toBeVisible({ timeout: 20_000 });
         |        ^
      63 |     return this;
      64 |   }
      65 |
        at SearchPage.open (C:\Users\User\Downloads\wilyer-playwright\search-suite\pages\searchPage.ts:62:8)
        at open (C:\Users\User\Downloads\wilyer-playwright\search-suite\tests\search.spec.ts:39:7)
        at C:\Users\User\Downloads\wilyer-playwright\search-suite\tests\search.spec.ts:155:24

    attachment #1: screenshot (image/png) ──────────────────────────────────────────────────────────
    search-suite\test-results\search-Search-·-Screens-AP-3b225-des-gracefully-no-blank-api-chromium\test-failed-1.png
    ────────────────────────────────────────────────────────────────────────────────────────────────

    Error Context: search-suite\test-results\search-Search-·-Screens-AP-3b225-des-gracefully-no-blank-api-chromium\error-context.md

    attachment #4: trace (application/zip) ─────────────────────────────────────────────────────────
    search-suite\test-results\search-Search-·-Screens-AP-3b225-des-gracefully-no-blank-api-chromium\trace.zip
    Usage:

        npx playwright show-trace search-suite\test-results\search-Search-·-Screens-AP-3b225-des-gracefully-no-blank-api-chromium\trace.zip

    ────────────────────────────────────────────────────────────────────────────────────────────────


[1A[2K  26) [chromium] › search-suite\tests\search.spec.ts:134:7 › Search · Screens › Security: "XSS svg onload" is inert (no execution) @security 

    Error: [Screens] search input should be present

    [2mexpect([22m[31mlocator[39m[2m).[22mtoBeVisible[2m([22m[2m)[22m failed

    Locator: locator('input[placeholder="Search..."]:visible').first().or(getByPlaceholder(/search/i).first())
    Expected: visible
    Error: strict mode violation: locator('input[placeholder="Search..."]:visible').first().or(getByPlaceholder(/search/i).first()) resolved to 2 elements:
        1) <input value="" type="text" placeholder="Search..." class="form-control rounded-md shadow-sm"/> aka locator('#expiredScreens').getByPlaceholder('Search...')
        2) <input type="text" placeholder="Search..." id="formGroupExampleInput" class="form-control rounded-md shadow-sm"/> aka getByRole('textbox', { name: 'Search...' })

    Call log:
    [2m  - [Screens] search input should be present with timeout 20000ms[22m
    [2m  - waiting for locator('input[placeholder="Search..."]:visible').first().or(getByPlaceholder(/search/i).first())[22m


       at ..\pages\searchPage.ts:62

      60 |     await firstLoad;
      61 |     await expect(this.searchInput, `[${this.module.name}] search input should be present`)
    > 62 |       .toBeVisible({ timeout: 20_000 });
         |        ^
      63 |     return this;
      64 |   }
      65 |
        at SearchPage.open (C:\Users\User\Downloads\wilyer-playwright\search-suite\pages\searchPage.ts:62:8)
        at open (C:\Users\User\Downloads\wilyer-playwright\search-suite\tests\search.spec.ts:39:7)
        at C:\Users\User\Downloads\wilyer-playwright\search-suite\tests\search.spec.ts:138:24

    attachment #1: screenshot (image/png) ──────────────────────────────────────────────────────────
    search-suite\test-results\search-Search-·-Screens-Se-509f2-inert-no-execution-security-chromium\test-failed-1.png
    ────────────────────────────────────────────────────────────────────────────────────────────────

    Error Context: search-suite\test-results\search-Search-·-Screens-Se-509f2-inert-no-execution-security-chromium\error-context.md

    attachment #4: trace (application/zip) ─────────────────────────────────────────────────────────
    search-suite\test-results\search-Search-·-Screens-Se-509f2-inert-no-execution-security-chromium\trace.zip
    Usage:

        npx playwright show-trace search-suite\test-results\search-Search-·-Screens-Se-509f2-inert-no-execution-security-chromium\trace.zip

    ────────────────────────────────────────────────────────────────────────────────────────────────


[1A[2K  27) [chromium] › search-suite\tests\search.spec.ts:134:7 › Search · Screens › Security: "HTML injection" is inert (no execution) @security 

    Error: [Screens] search input should be present

    [2mexpect([22m[31mlocator[39m[2m).[22mtoBeVisible[2m([22m[2m)[22m failed

    Locator: locator('input[placeholder="Search..."]:visible').first().or(getByPlaceholder(/search/i).first())
    Expected: visible
    Error: strict mode violation: locator('input[placeholder="Search..."]:visible').first().or(getByPlaceholder(/search/i).first()) resolved to 2 elements:
        1) <input value="" type="text" placeholder="Search..." class="form-control rounded-md shadow-sm"/> aka locator('#expiredScreens').getByPlaceholder('Search...')
        2) <input type="text" placeholder="Search..." id="formGroupExampleInput" class="form-control rounded-md shadow-sm"/> aka getByRole('textbox', { name: 'Search...' })

    Call log:
    [2m  - [Screens] search input should be present with timeout 20000ms[22m
    [2m  - waiting for locator('input[placeholder="Search..."]:visible').first().or(getByPlaceholder(/search/i).first())[22m


       at ..\pages\searchPage.ts:62

      60 |     await firstLoad;
      61 |     await expect(this.searchInput, `[${this.module.name}] search input should be present`)
    > 62 |       .toBeVisible({ timeout: 20_000 });
         |        ^
      63 |     return this;
      64 |   }
      65 |
        at SearchPage.open (C:\Users\User\Downloads\wilyer-playwright\search-suite\pages\searchPage.ts:62:8)
        at open (C:\Users\User\Downloads\wilyer-playwright\search-suite\tests\search.spec.ts:39:7)
        at C:\Users\User\Downloads\wilyer-playwright\search-suite\tests\search.spec.ts:138:24

    attachment #1: screenshot (image/png) ──────────────────────────────────────────────────────────
    search-suite\test-results\search-Search-·-Screens-Se-c6aed-inert-no-execution-security-chromium\test-failed-1.png
    ────────────────────────────────────────────────────────────────────────────────────────────────

    Error Context: search-suite\test-results\search-Search-·-Screens-Se-c6aed-inert-no-execution-security-chromium\error-context.md

    attachment #4: trace (application/zip) ─────────────────────────────────────────────────────────
    search-suite\test-results\search-Search-·-Screens-Se-c6aed-inert-no-execution-security-chromium\trace.zip
    Usage:

        npx playwright show-trace search-suite\test-results\search-Search-·-Screens-Se-c6aed-inert-no-execution-security-chromium\trace.zip

    ────────────────────────────────────────────────────────────────────────────────────────────────


[1A[2K[28/351] [chromium] › search-suite\tests\search.spec.ts:153:7 › Search · Screens › API: "404 not found" degrades gracefully (no blank) @api
[1A[2K[29/351] [chromium] › search-suite\tests\search.spec.ts:153:7 › Search · Screens › API: "403 forbidden" degrades gracefully (no blank) @api
[1A[2K[30/351] [chromium] › search-suite\tests\search.spec.ts:153:7 › Search · Screens › API: "401 unauthorized" degrades gracefully (no blank) @api
[1A[2K  28) [chromium] › search-suite\tests\search.spec.ts:153:7 › Search · Screens › API: "401 unauthorized" degrades gracefully (no blank) @api 

    Error: [Screens] search input should be present

    [2mexpect([22m[31mlocator[39m[2m).[22mtoBeVisible[2m([22m[2m)[22m failed

    Locator: locator('input[placeholder="Search..."]:visible').first().or(getByPlaceholder(/search/i).first())
    Expected: visible
    Error: strict mode violation: locator('input[placeholder="Search..."]:visible').first().or(getByPlaceholder(/search/i).first()) resolved to 2 elements:
        1) <input value="" type="text" placeholder="Search..." class="form-control rounded-md shadow-sm"/> aka locator('#expiredScreens').getByPlaceholder('Search...')
        2) <input type="text" placeholder="Search..." id="formGroupExampleInput" class="form-control rounded-md shadow-sm"/> aka getByRole('textbox', { name: 'Search...' })

    Call log:
    [2m  - [Screens] search input should be present with timeout 20000ms[22m
    [2m  - waiting for locator('input[placeholder="Search..."]:visible').first().or(getByPlaceholder(/search/i).first())[22m


       at ..\pages\searchPage.ts:62

      60 |     await firstLoad;
      61 |     await expect(this.searchInput, `[${this.module.name}] search input should be present`)
    > 62 |       .toBeVisible({ timeout: 20_000 });
         |        ^
      63 |     return this;
      64 |   }
      65 |
        at SearchPage.open (C:\Users\User\Downloads\wilyer-playwright\search-suite\pages\searchPage.ts:62:8)
        at open (C:\Users\User\Downloads\wilyer-playwright\search-suite\tests\search.spec.ts:39:7)
        at C:\Users\User\Downloads\wilyer-playwright\search-suite\tests\search.spec.ts:155:24

    attachment #1: screenshot (image/png) ──────────────────────────────────────────────────────────
    search-suite\test-results\search-Search-·-Screens-AP-a188f-des-gracefully-no-blank-api-chromium\test-failed-1.png
    ────────────────────────────────────────────────────────────────────────────────────────────────

    Error Context: search-suite\test-results\search-Search-·-Screens-AP-a188f-des-gracefully-no-blank-api-chromium\error-context.md

    attachment #4: trace (application/zip) ─────────────────────────────────────────────────────────
    search-suite\test-results\search-Search-·-Screens-AP-a188f-des-gracefully-no-blank-api-chromium\trace.zip
    Usage:

        npx playwright show-trace search-suite\test-results\search-Search-·-Screens-AP-a188f-des-gracefully-no-blank-api-chromium\trace.zip

    ────────────────────────────────────────────────────────────────────────────────────────────────


[1A[2K  29) [chromium] › search-suite\tests\search.spec.ts:153:7 › Search · Screens › API: "403 forbidden" degrades gracefully (no blank) @api 

    Error: [Screens] search input should be present

    [2mexpect([22m[31mlocator[39m[2m).[22mtoBeVisible[2m([22m[2m)[22m failed

    Locator: locator('input[placeholder="Search..."]:visible').first().or(getByPlaceholder(/search/i).first())
    Expected: visible
    Error: strict mode violation: locator('input[placeholder="Search..."]:visible').first().or(getByPlaceholder(/search/i).first()) resolved to 2 elements:
        1) <input value="" type="text" placeholder="Search..." class="form-control rounded-md shadow-sm"/> aka locator('#expiredScreens').getByPlaceholder('Search...')
        2) <input type="text" placeholder="Search..." id="formGroupExampleInput" class="form-control rounded-md shadow-sm"/> aka getByRole('textbox', { name: 'Search...' })

    Call log:
    [2m  - [Screens] search input should be present with timeout 20000ms[22m
    [2m  - waiting for locator('input[placeholder="Search..."]:visible').first().or(getByPlaceholder(/search/i).first())[22m


       at ..\pages\searchPage.ts:62

      60 |     await firstLoad;
      61 |     await expect(this.searchInput, `[${this.module.name}] search input should be present`)
    > 62 |       .toBeVisible({ timeout: 20_000 });
         |        ^
      63 |     return this;
      64 |   }
      65 |
        at SearchPage.open (C:\Users\User\Downloads\wilyer-playwright\search-suite\pages\searchPage.ts:62:8)
        at open (C:\Users\User\Downloads\wilyer-playwright\search-suite\tests\search.spec.ts:39:7)
        at C:\Users\User\Downloads\wilyer-playwright\search-suite\tests\search.spec.ts:155:24

    attachment #1: screenshot (image/png) ──────────────────────────────────────────────────────────
    search-suite\test-results\search-Search-·-Screens-AP-a951b-des-gracefully-no-blank-api-chromium\test-failed-1.png
    ────────────────────────────────────────────────────────────────────────────────────────────────

    Error Context: search-suite\test-results\search-Search-·-Screens-AP-a951b-des-gracefully-no-blank-api-chromium\error-context.md

    attachment #4: trace (application/zip) ─────────────────────────────────────────────────────────
    search-suite\test-results\search-Search-·-Screens-AP-a951b-des-gracefully-no-blank-api-chromium\trace.zip
    Usage:

        npx playwright show-trace search-suite\test-results\search-Search-·-Screens-AP-a951b-des-gracefully-no-blank-api-chromium\trace.zip

    ────────────────────────────────────────────────────────────────────────────────────────────────


[1A[2K  30) [chromium] › search-suite\tests\search.spec.ts:153:7 › Search · Screens › API: "404 not found" degrades gracefully (no blank) @api 

    Error: [Screens] search input should be present

    [2mexpect([22m[31mlocator[39m[2m).[22mtoBeVisible[2m([22m[2m)[22m failed

    Locator: locator('input[placeholder="Search..."]:visible').first().or(getByPlaceholder(/search/i).first())
    Expected: visible
    Error: strict mode violation: locator('input[placeholder="Search..."]:visible').first().or(getByPlaceholder(/search/i).first()) resolved to 2 elements:
        1) <input value="" type="text" placeholder="Search..." class="form-control rounded-md shadow-sm"/> aka locator('#expiredScreens').getByPlaceholder('Search...')
        2) <input type="text" placeholder="Search..." id="formGroupExampleInput" class="form-control rounded-md shadow-sm"/> aka getByRole('textbox', { name: 'Search...' })

    Call log:
    [2m  - [Screens] search input should be present with timeout 20000ms[22m
    [2m  - waiting for locator('input[placeholder="Search..."]:visible').first().or(getByPlaceholder(/search/i).first())[22m


       at ..\pages\searchPage.ts:62

      60 |     await firstLoad;
      61 |     await expect(this.searchInput, `[${this.module.name}] search input should be present`)
    > 62 |       .toBeVisible({ timeout: 20_000 });
         |        ^
      63 |     return this;
      64 |   }
      65 |
        at SearchPage.open (C:\Users\User\Downloads\wilyer-playwright\search-suite\pages\searchPage.ts:62:8)
        at open (C:\Users\User\Downloads\wilyer-playwright\search-suite\tests\search.spec.ts:39:7)
        at C:\Users\User\Downloads\wilyer-playwright\search-suite\tests\search.spec.ts:155:24

    attachment #1: screenshot (image/png) ──────────────────────────────────────────────────────────
    search-suite\test-results\search-Search-·-Screens-AP-e7159-des-gracefully-no-blank-api-chromium\test-failed-1.png
    ────────────────────────────────────────────────────────────────────────────────────────────────

    Error Context: search-suite\test-results\search-Search-·-Screens-AP-e7159-des-gracefully-no-blank-api-chromium\error-context.md

    attachment #4: trace (application/zip) ─────────────────────────────────────────────────────────
    search-suite\test-results\search-Search-·-Screens-AP-e7159-des-gracefully-no-blank-api-chromium\trace.zip
    Usage:

        npx playwright show-trace search-suite\test-results\search-Search-·-Screens-AP-e7159-des-gracefully-no-blank-api-chromium\trace.zip

    ────────────────────────────────────────────────────────────────────────────────────────────────


[1A[2K[31/351] [chromium] › search-suite\tests\search.spec.ts:153:7 › Search · Screens › API: "empty array" degrades gracefully (no blank) @api
[1A[2K[32/351] [chromium] › search-suite\tests\search.spec.ts:153:7 › Search · Screens › API: "malformed JSON" degrades gracefully (no blank) @api
[1A[2K[33/351] [chromium] › search-suite\tests\search.spec.ts:153:7 › Search · Screens › API: "backend unavailable" degrades gracefully (no blank) @api
[1A[2K  31) [chromium] › search-suite\tests\search.spec.ts:153:7 › Search · Screens › API: "malformed JSON" degrades gracefully (no blank) @api 

    Error: [Screens] search input should be present

    [2mexpect([22m[31mlocator[39m[2m).[22mtoBeVisible[2m([22m[2m)[22m failed

    Locator: locator('input[placeholder="Search..."]:visible').first().or(getByPlaceholder(/search/i).first())
    Expected: visible
    Error: strict mode violation: locator('input[placeholder="Search..."]:visible').first().or(getByPlaceholder(/search/i).first()) resolved to 2 elements:
        1) <input value="" type="text" placeholder="Search..." class="form-control rounded-md shadow-sm"/> aka locator('#expiredScreens').getByPlaceholder('Search...')
        2) <input type="text" placeholder="Search..." id="formGroupExampleInput" class="form-control rounded-md shadow-sm"/> aka getByRole('textbox', { name: 'Search...' })

    Call log:
    [2m  - [Screens] search input should be present with timeout 20000ms[22m
    [2m  - waiting for locator('input[placeholder="Search..."]:visible').first().or(getByPlaceholder(/search/i).first())[22m


       at ..\pages\searchPage.ts:62

      60 |     await firstLoad;
      61 |     await expect(this.searchInput, `[${this.module.name}] search input should be present`)
    > 62 |       .toBeVisible({ timeout: 20_000 });
         |        ^
      63 |     return this;
      64 |   }
      65 |
        at SearchPage.open (C:\Users\User\Downloads\wilyer-playwright\search-suite\pages\searchPage.ts:62:8)
        at open (C:\Users\User\Downloads\wilyer-playwright\search-suite\tests\search.spec.ts:39:7)
        at C:\Users\User\Downloads\wilyer-playwright\search-suite\tests\search.spec.ts:155:24

    attachment #1: screenshot (image/png) ──────────────────────────────────────────────────────────
    search-suite\test-results\search-Search-·-Screens-AP-7452b-des-gracefully-no-blank-api-chromium\test-failed-1.png
    ────────────────────────────────────────────────────────────────────────────────────────────────

    Error Context: search-suite\test-results\search-Search-·-Screens-AP-7452b-des-gracefully-no-blank-api-chromium\error-context.md

    attachment #4: trace (application/zip) ─────────────────────────────────────────────────────────
    search-suite\test-results\search-Search-·-Screens-AP-7452b-des-gracefully-no-blank-api-chromium\trace.zip
    Usage:

        npx playwright show-trace search-suite\test-results\search-Search-·-Screens-AP-7452b-des-gracefully-no-blank-api-chromium\trace.zip

    ────────────────────────────────────────────────────────────────────────────────────────────────


[1A[2K  32) [chromium] › search-suite\tests\search.spec.ts:153:7 › Search · Screens › API: "backend unavailable" degrades gracefully (no blank) @api 

    Error: [Screens] search input should be present

    [2mexpect([22m[31mlocator[39m[2m).[22mtoBeVisible[2m([22m[2m)[22m failed

    Locator: locator('input[placeholder="Search..."]:visible').first().or(getByPlaceholder(/search/i).first())
    Expected: visible
    Error: strict mode violation: locator('input[placeholder="Search..."]:visible').first().or(getByPlaceholder(/search/i).first()) resolved to 2 elements:
        1) <input value="" type="text" placeholder="Search..." class="form-control rounded-md shadow-sm"/> aka locator('#expiredScreens').getByPlaceholder('Search...')
        2) <input type="text" placeholder="Search..." id="formGroupExampleInput" class="form-control rounded-md shadow-sm"/> aka getByRole('textbox', { name: 'Search...' })

    Call log:
    [2m  - [Screens] search input should be present with timeout 20000ms[22m
    [2m  - waiting for locator('input[placeholder="Search..."]:visible').first().or(getByPlaceholder(/search/i).first())[22m


       at ..\pages\searchPage.ts:62

      60 |     await firstLoad;
      61 |     await expect(this.searchInput, `[${this.module.name}] search input should be present`)
    > 62 |       .toBeVisible({ timeout: 20_000 });
         |        ^
      63 |     return this;
      64 |   }
      65 |
        at SearchPage.open (C:\Users\User\Downloads\wilyer-playwright\search-suite\pages\searchPage.ts:62:8)
        at open (C:\Users\User\Downloads\wilyer-playwright\search-suite\tests\search.spec.ts:39:7)
        at C:\Users\User\Downloads\wilyer-playwright\search-suite\tests\search.spec.ts:155:24

    attachment #1: screenshot (image/png) ──────────────────────────────────────────────────────────
    search-suite\test-results\search-Search-·-Screens-AP-6fd48-des-gracefully-no-blank-api-chromium\test-failed-1.png
    ────────────────────────────────────────────────────────────────────────────────────────────────

    Error Context: search-suite\test-results\search-Search-·-Screens-AP-6fd48-des-gracefully-no-blank-api-chromium\error-context.md

    attachment #4: trace (application/zip) ─────────────────────────────────────────────────────────
    search-suite\test-results\search-Search-·-Screens-AP-6fd48-des-gracefully-no-blank-api-chromium\trace.zip
    Usage:

        npx playwright show-trace search-suite\test-results\search-Search-·-Screens-AP-6fd48-des-gracefully-no-blank-api-chromium\trace.zip

    ────────────────────────────────────────────────────────────────────────────────────────────────


[1A[2K  33) [chromium] › search-suite\tests\search.spec.ts:153:7 › Search · Screens › API: "empty array" degrades gracefully (no blank) @api 

    Error: [Screens] search input should be present

    [2mexpect([22m[31mlocator[39m[2m).[22mtoBeVisible[2m([22m[2m)[22m failed

    Locator: locator('input[placeholder="Search..."]:visible').first().or(getByPlaceholder(/search/i).first())
    Expected: visible
    Error: strict mode violation: locator('input[placeholder="Search..."]:visible').first().or(getByPlaceholder(/search/i).first()) resolved to 2 elements:
        1) <input value="" type="text" placeholder="Search..." class="form-control rounded-md shadow-sm"/> aka locator('#expiredScreens').getByPlaceholder('Search...')
        2) <input type="text" placeholder="Search..." id="formGroupExampleInput" class="form-control rounded-md shadow-sm"/> aka getByRole('textbox', { name: 'Search...' })

    Call log:
    [2m  - [Screens] search input should be present with timeout 20000ms[22m
    [2m  - waiting for locator('input[placeholder="Search..."]:visible').first().or(getByPlaceholder(/search/i).first())[22m


       at ..\pages\searchPage.ts:62

      60 |     await firstLoad;
      61 |     await expect(this.searchInput, `[${this.module.name}] search input should be present`)
    > 62 |       .toBeVisible({ timeout: 20_000 });
         |        ^
      63 |     return this;
      64 |   }
      65 |
        at SearchPage.open (C:\Users\User\Downloads\wilyer-playwright\search-suite\pages\searchPage.ts:62:8)
        at open (C:\Users\User\Downloads\wilyer-playwright\search-suite\tests\search.spec.ts:39:7)
        at C:\Users\User\Downloads\wilyer-playwright\search-suite\tests\search.spec.ts:155:24

    attachment #1: screenshot (image/png) ──────────────────────────────────────────────────────────
    search-suite\test-results\search-Search-·-Screens-AP-2b2c4-des-gracefully-no-blank-api-chromium\test-failed-1.png
    ────────────────────────────────────────────────────────────────────────────────────────────────

    Error Context: search-suite\test-results\search-Search-·-Screens-AP-2b2c4-des-gracefully-no-blank-api-chromium\error-context.md

    attachment #4: trace (application/zip) ─────────────────────────────────────────────────────────
    search-suite\test-results\search-Search-·-Screens-AP-2b2c4-des-gracefully-no-blank-api-chromium\trace.zip
    Usage:

        npx playwright show-trace search-suite\test-results\search-Search-·-Screens-AP-2b2c4-des-gracefully-no-blank-api-chromium\trace.zip

    ────────────────────────────────────────────────────────────────────────────────────────────────


[1A[2K[34/351] [chromium] › search-suite\tests\search.spec.ts:153:7 › Search · Screens › API: "timeout (no response)" degrades gracefully (no blank) @api
[1A[2K[35/351] [chromium] › search-suite\tests\search.spec.ts:174:5 › Search · Screens › API: offline during search keeps the UI stable @api
[1A[2K[36/351] [chromium] › search-suite\tests\search.spec.ts:184:5 › Search · Screens › API: successful search is fast and debounced (≤ threshold calls) @api
[1A[2K  34) [chromium] › search-suite\tests\search.spec.ts:184:5 › Search · Screens › API: successful search is fast and debounced (≤ threshold calls) @api 

    Error: [Screens] search input should be present

    [2mexpect([22m[31mlocator[39m[2m).[22mtoBeVisible[2m([22m[2m)[22m failed

    Locator: locator('input[placeholder="Search..."]:visible').first().or(getByPlaceholder(/search/i).first())
    Expected: visible
    Error: strict mode violation: locator('input[placeholder="Search..."]:visible').first().or(getByPlaceholder(/search/i).first()) resolved to 2 elements:
        1) <input value="" type="text" placeholder="Search..." class="form-control rounded-md shadow-sm"/> aka locator('#expiredScreens').getByPlaceholder('Search...')
        2) <input type="text" placeholder="Search..." id="formGroupExampleInput" class="form-control rounded-md shadow-sm"/> aka getByRole('textbox', { name: 'Search...' })

    Call log:
    [2m  - [Screens] search input should be present with timeout 20000ms[22m
    [2m  - waiting for locator('input[placeholder="Search..."]:visible').first().or(getByPlaceholder(/search/i).first())[22m


       at ..\pages\searchPage.ts:62

      60 |     await firstLoad;
      61 |     await expect(this.searchInput, `[${this.module.name}] search input should be present`)
    > 62 |       .toBeVisible({ timeout: 20_000 });
         |        ^
      63 |     return this;
      64 |   }
      65 |
        at SearchPage.open (C:\Users\User\Downloads\wilyer-playwright\search-suite\pages\searchPage.ts:62:8)
        at open (C:\Users\User\Downloads\wilyer-playwright\search-suite\tests\search.spec.ts:39:7)
        at C:\Users\User\Downloads\wilyer-playwright\search-suite\tests\search.spec.ts:185:22

    attachment #1: screenshot (image/png) ──────────────────────────────────────────────────────────
    search-suite\test-results\search-Search-·-Screens-AP-32f7f-unced-≤-threshold-calls-api-chromium\test-failed-1.png
    ────────────────────────────────────────────────────────────────────────────────────────────────

    Error Context: search-suite\test-results\search-Search-·-Screens-AP-32f7f-unced-≤-threshold-calls-api-chromium\error-context.md

    attachment #4: trace (application/zip) ─────────────────────────────────────────────────────────
    search-suite\test-results\search-Search-·-Screens-AP-32f7f-unced-≤-threshold-calls-api-chromium\trace.zip
    Usage:

        npx playwright show-trace search-suite\test-results\search-Search-·-Screens-AP-32f7f-unced-≤-threshold-calls-api-chromium\trace.zip

    ────────────────────────────────────────────────────────────────────────────────────────────────


[1A[2K  35) [chromium] › search-suite\tests\search.spec.ts:153:7 › Search · Screens › API: "timeout (no response)" degrades gracefully (no blank) @api 

    Error: [Screens] search input should be present

    [2mexpect([22m[31mlocator[39m[2m).[22mtoBeVisible[2m([22m[2m)[22m failed

    Locator: locator('input[placeholder="Search..."]:visible').first().or(getByPlaceholder(/search/i).first())
    Expected: visible
    Error: strict mode violation: locator('input[placeholder="Search..."]:visible').first().or(getByPlaceholder(/search/i).first()) resolved to 2 elements:
        1) <input value="" type="text" placeholder="Search..." class="form-control rounded-md shadow-sm"/> aka locator('#expiredScreens').getByPlaceholder('Search...')
        2) <input type="text" placeholder="Search..." id="formGroupExampleInput" class="form-control rounded-md shadow-sm"/> aka getByRole('textbox', { name: 'Search...' })

    Call log:
    [2m  - [Screens] search input should be present with timeout 20000ms[22m
    [2m  - waiting for locator('input[placeholder="Search..."]:visible').first().or(getByPlaceholder(/search/i).first())[22m


       at ..\pages\searchPage.ts:62

      60 |     await firstLoad;
      61 |     await expect(this.searchInput, `[${this.module.name}] search input should be present`)
    > 62 |       .toBeVisible({ timeout: 20_000 });
         |        ^
      63 |     return this;
      64 |   }
      65 |
        at SearchPage.open (C:\Users\User\Downloads\wilyer-playwright\search-suite\pages\searchPage.ts:62:8)
        at open (C:\Users\User\Downloads\wilyer-playwright\search-suite\tests\search.spec.ts:39:7)
        at C:\Users\User\Downloads\wilyer-playwright\search-suite\tests\search.spec.ts:155:24

    attachment #1: screenshot (image/png) ──────────────────────────────────────────────────────────
    search-suite\test-results\search-Search-·-Screens-AP-e4c56-des-gracefully-no-blank-api-chromium\test-failed-1.png
    ────────────────────────────────────────────────────────────────────────────────────────────────

    Error Context: search-suite\test-results\search-Search-·-Screens-AP-e4c56-des-gracefully-no-blank-api-chromium\error-context.md

    attachment #4: trace (application/zip) ─────────────────────────────────────────────────────────
    search-suite\test-results\search-Search-·-Screens-AP-e4c56-des-gracefully-no-blank-api-chromium\trace.zip
    Usage:

        npx playwright show-trace search-suite\test-results\search-Search-·-Screens-AP-e4c56-des-gracefully-no-blank-api-chromium\trace.zip

    ────────────────────────────────────────────────────────────────────────────────────────────────


[1A[2K  36) [chromium] › search-suite\tests\search.spec.ts:174:5 › Search · Screens › API: offline during search keeps the UI stable @api 

    Error: [Screens] search input should be present

    [2mexpect([22m[31mlocator[39m[2m).[22mtoBeVisible[2m([22m[2m)[22m failed

    Locator: locator('input[placeholder="Search..."]:visible').first().or(getByPlaceholder(/search/i).first())
    Expected: visible
    Error: strict mode violation: locator('input[placeholder="Search..."]:visible').first().or(getByPlaceholder(/search/i).first()) resolved to 2 elements:
        1) <input value="" type="text" placeholder="Search..." class="form-control rounded-md shadow-sm"/> aka locator('#expiredScreens').getByPlaceholder('Search...')
        2) <input type="text" placeholder="Search..." id="formGroupExampleInput" class="form-control rounded-md shadow-sm"/> aka getByRole('textbox', { name: 'Search...' })

    Call log:
    [2m  - [Screens] search input should be present with timeout 20000ms[22m
    [2m  - waiting for locator('input[placeholder="Search..."]:visible').first().or(getByPlaceholder(/search/i).first())[22m


       at ..\pages\searchPage.ts:62

      60 |     await firstLoad;
      61 |     await expect(this.searchInput, `[${this.module.name}] search input should be present`)
    > 62 |       .toBeVisible({ timeout: 20_000 });
         |        ^
      63 |     return this;
      64 |   }
      65 |
        at SearchPage.open (C:\Users\User\Downloads\wilyer-playwright\search-suite\pages\searchPage.ts:62:8)
        at open (C:\Users\User\Downloads\wilyer-playwright\search-suite\tests\search.spec.ts:39:7)
        at C:\Users\User\Downloads\wilyer-playwright\search-suite\tests\search.spec.ts:176:22

    attachment #1: screenshot (image/png) ──────────────────────────────────────────────────────────
    search-suite\test-results\search-Search-·-Screens-AP-500d3-rch-keeps-the-UI-stable-api-chromium\test-failed-1.png
    ────────────────────────────────────────────────────────────────────────────────────────────────

    Error Context: search-suite\test-results\search-Search-·-Screens-AP-500d3-rch-keeps-the-UI-stable-api-chromium\error-context.md

    attachment #4: trace (application/zip) ─────────────────────────────────────────────────────────
    search-suite\test-results\search-Search-·-Screens-AP-500d3-rch-keeps-the-UI-stable-api-chromium\trace.zip
    Usage:

        npx playwright show-trace search-suite\test-results\search-Search-·-Screens-AP-500d3-rch-keeps-the-UI-stable-api-chromium\trace.zip

    ────────────────────────────────────────────────────────────────────────────────────────────────


[1A[2K[37/351] [chromium] › search-suite\tests\search.spec.ts:212:5 › Search · Screens › Combined: search + pagination stays healthy @combined
[1A[2K[38/351] [chromium] › search-suite\tests\search.spec.ts:225:5 › Search · Screens › Combined: search + browser back/forward recovers cleanly @combined
[1A[2K[39/351] [chromium] › search-suite\tests\search.spec.ts:235:5 › Search · Screens › Perf: consecutive searches stay within the average threshold @perf
[1A[2K[40/351] [chromium] › search-suite\tests\search.spec.ts:44:5 › Search · Groups › UI: search input is visible, enabled and has a placeholder @ui
[1A[2K[41/351] [chromium] › search-suite\tests\search.spec.ts:52:5 › Search · Groups › UI: invalid search shows a no-records state, not a blank page @ui
[1A[2K  37) [chromium] › search-suite\tests\search.spec.ts:212:5 › Search · Screens › Combined: search + pagination stays healthy @combined 

    Error: [Screens] search input should be present

    [2mexpect([22m[31mlocator[39m[2m).[22mtoBeVisible[2m([22m[2m)[22m failed

    Locator: locator('input[placeholder="Search..."]:visible').first().or(getByPlaceholder(/search/i).first())
    Expected: visible
    Error: strict mode violation: locator('input[placeholder="Search..."]:visible').first().or(getByPlaceholder(/search/i).first()) resolved to 2 elements:
        1) <input value="" type="text" placeholder="Search..." class="form-control rounded-md shadow-sm"/> aka locator('#expiredScreens').getByPlaceholder('Search...')
        2) <input type="text" placeholder="Search..." id="formGroupExampleInput" class="form-control rounded-md shadow-sm"/> aka getByRole('textbox', { name: 'Search...' })

    Call log:
    [2m  - [Screens] search input should be present with timeout 20000ms[22m
    [2m  - waiting for locator('input[placeholder="Search..."]:visible').first().or(getByPlaceholder(/search/i).first())[22m


       at ..\pages\searchPage.ts:62

      60 |     await firstLoad;
      61 |     await expect(this.searchInput, `[${this.module.name}] search input should be present`)
    > 62 |       .toBeVisible({ timeout: 20_000 });
         |        ^
      63 |     return this;
      64 |   }
      65 |
        at SearchPage.open (C:\Users\User\Downloads\wilyer-playwright\search-suite\pages\searchPage.ts:62:8)
        at open (C:\Users\User\Downloads\wilyer-playwright\search-suite\tests\search.spec.ts:39:7)
        at C:\Users\User\Downloads\wilyer-playwright\search-suite\tests\search.spec.ts:213:22

    attachment #1: screenshot (image/png) ──────────────────────────────────────────────────────────
    search-suite\test-results\search-Search-·-Screens-Co-14c98-tion-stays-healthy-combined-chromium\test-failed-1.png
    ────────────────────────────────────────────────────────────────────────────────────────────────

    Error Context: search-suite\test-results\search-Search-·-Screens-Co-14c98-tion-stays-healthy-combined-chromium\error-context.md

    attachment #4: trace (application/zip) ─────────────────────────────────────────────────────────
    search-suite\test-results\search-Search-·-Screens-Co-14c98-tion-stays-healthy-combined-chromium\trace.zip
    Usage:

        npx playwright show-trace search-suite\test-results\search-Search-·-Screens-Co-14c98-tion-stays-healthy-combined-chromium\trace.zip

    ────────────────────────────────────────────────────────────────────────────────────────────────


[1A[2K  38) [chromium] › search-suite\tests\search.spec.ts:225:5 › Search · Screens › Combined: search + browser back/forward recovers cleanly @combined 

    Error: [Screens] search input should be present

    [2mexpect([22m[31mlocator[39m[2m).[22mtoBeVisible[2m([22m[2m)[22m failed

    Locator: locator('input[placeholder="Search..."]:visible').first().or(getByPlaceholder(/search/i).first())
    Expected: visible
    Error: strict mode violation: locator('input[placeholder="Search..."]:visible').first().or(getByPlaceholder(/search/i).first()) resolved to 2 elements:
        1) <input value="" type="text" placeholder="Search..." class="form-control rounded-md shadow-sm"/> aka locator('#expiredScreens').getByPlaceholder('Search...')
        2) <input type="text" placeholder="Search..." id="formGroupExampleInput" class="form-control rounded-md shadow-sm"/> aka getByRole('textbox', { name: 'Search...' })

    Call log:
    [2m  - [Screens] search input should be present with timeout 20000ms[22m
    [2m  - waiting for locator('input[placeholder="Search..."]:visible').first().or(getByPlaceholder(/search/i).first())[22m


       at ..\pages\searchPage.ts:62

      60 |     await firstLoad;
      61 |     await expect(this.searchInput, `[${this.module.name}] search input should be present`)
    > 62 |       .toBeVisible({ timeout: 20_000 });
         |        ^
      63 |     return this;
      64 |   }
      65 |
        at SearchPage.open (C:\Users\User\Downloads\wilyer-playwright\search-suite\pages\searchPage.ts:62:8)
        at open (C:\Users\User\Downloads\wilyer-playwright\search-suite\tests\search.spec.ts:39:7)
        at C:\Users\User\Downloads\wilyer-playwright\search-suite\tests\search.spec.ts:226:22

    attachment #1: screenshot (image/png) ──────────────────────────────────────────────────────────
    search-suite\test-results\search-Search-·-Screens-Co-4ee54-d-recovers-cleanly-combined-chromium\test-failed-1.png
    ────────────────────────────────────────────────────────────────────────────────────────────────

    Error Context: search-suite\test-results\search-Search-·-Screens-Co-4ee54-d-recovers-cleanly-combined-chromium\error-context.md

    attachment #4: trace (application/zip) ─────────────────────────────────────────────────────────
    search-suite\test-results\search-Search-·-Screens-Co-4ee54-d-recovers-cleanly-combined-chromium\trace.zip
    Usage:

        npx playwright show-trace search-suite\test-results\search-Search-·-Screens-Co-4ee54-d-recovers-cleanly-combined-chromium\trace.zip

    ────────────────────────────────────────────────────────────────────────────────────────────────


[1A[2K[42/351] [chromium] › search-suite\tests\search.spec.ts:73:5 › Search · Groups › Functional: search is case-insensitive @functional
[1A[2K[43/351] [chromium] › search-suite\tests\search.spec.ts:59:5 › Search · Groups › Functional: exact + partial match return relevant rows @functional
[1A[2K[44/351] [chromium] › search-suite\tests\search.spec.ts:86:5 › Search · Groups › Functional: Enter triggers a search request @functional
[1A[2K[45/351] [chromium] › search-suite\tests\search.spec.ts:93:5 › Search · Groups › Functional: clearing the search restores the full list @functional
[1A[2K[46/351] [chromium] › search-suite\tests\search.spec.ts:104:5 › Search · Groups › Functional: search state is sane after a page refresh @functional
[1A[2K[47/351] [chromium] › search-suite\tests\search.spec.ts:112:5 › Search · Groups › Functional: multiple consecutive searches stay healthy @functional
[1A[2K[48/351] [chromium] › search-suite\tests\search.spec.ts:122:7 › Search · Groups › Edge: "empty" does not crash the UI @edge
[1A[2K[49/351] [chromium] › search-suite\tests\search.spec.ts:122:7 › Search · Groups › Edge: "single character" does not crash the UI @edge
[1A[2K[50/351] [chromium] › search-suite\tests\search.spec.ts:122:7 › Search · Groups › Edge: "only spaces" does not crash the UI @edge
[1A[2K[51/351] [chromium] › search-suite\tests\search.spec.ts:122:7 › Search · Groups › Edge: "leading/trailing spaces" does not crash the UI @edge
[1A[2K[52/351] [chromium] › search-suite\tests\search.spec.ts:122:7 › Search · Groups › Edge: "multiple inner spaces" does not crash the UI @edge
[1A[2K[53/351] [chromium] › search-suite\tests\search.spec.ts:122:7 › Search · Groups › Edge: "very long (1200 chars)" does not crash the UI @edge
[1A[2K[54/351] [chromium] › search-suite\tests\search.spec.ts:122:7 › Search · Groups › Edge: "special characters" does not crash the UI @edge
[1A[2K[55/351] [chromium] › search-suite\tests\search.spec.ts:122:7 › Search · Groups › Edge: "unicode hi/zh/ja" does not crash the UI @edge
[1A[2K[56/351] [chromium] › search-suite\tests\search.spec.ts:122:7 › Search · Groups › Edge: "emoji" does not crash the UI @edge
[1A[2K[57/351] [chromium] › search-suite\tests\search.spec.ts:122:7 › Search · Groups › Edge: "newline and tab" does not crash the UI @edge
[1A[2K[58/351] [chromium] › search-suite\tests\search.spec.ts:122:7 › Search · Groups › Edge: "url-encoded" does not crash the UI @edge
[1A[2K[59/351] [chromium] › search-suite\tests\search.spec.ts:134:7 › Search · Groups › Security: "SQLi ' OR 1=1 --" is inert (no execution) @security
[1A[2K[60/351] [chromium] › search-suite\tests\search.spec.ts:134:7 › Search · Groups › Security: "SQLi admin'--" is inert (no execution) @security
[1A[2K[61/351] [chromium] › search-suite\tests\search.spec.ts:134:7 › Search · Groups › Security: "SQLi DROP TABLE" is inert (no execution) @security
[1A[2K[62/351] [chromium] › search-suite\tests\search.spec.ts:134:7 › Search · Groups › Security: "XSS <script>" is inert (no execution) @security
[1A[2K[63/351] [chromium] › search-suite\tests\search.spec.ts:134:7 › Search · Groups › Security: "XSS img onerror" is inert (no execution) @security
[1A[2K[64/351] [chromium] › search-suite\tests\search.spec.ts:134:7 › Search · Groups › Security: "XSS svg onload" is inert (no execution) @security
[1A[2K[65/351] [chromium] › search-suite\tests\search.spec.ts:134:7 › Search · Groups › Security: "HTML injection" is inert (no execution) @security
[1A[2K[66/351] [chromium] › search-suite\tests\search.spec.ts:153:7 › Search · Groups › API: "500 server error" degrades gracefully (no blank) @api
[1A[2K[67/351] [chromium] › search-suite\tests\search.spec.ts:153:7 › Search · Groups › API: "404 not found" degrades gracefully (no blank) @api
[1A[2K[68/351] [chromium] › search-suite\tests\search.spec.ts:153:7 › Search · Groups › API: "401 unauthorized" degrades gracefully (no blank) @api
[1A[2K[69/351] [chromium] › search-suite\tests\search.spec.ts:153:7 › Search · Groups › API: "403 forbidden" degrades gracefully (no blank) @api
[1A[2K[70/351] [chromium] › search-suite\tests\search.spec.ts:153:7 › Search · Groups › API: "empty array" degrades gracefully (no blank) @api
[1A[2K[71/351] [chromium] › search-suite\tests\search.spec.ts:153:7 › Search · Groups › API: "malformed JSON" degrades gracefully (no blank) @api
[1A[2K[72/351] [chromium] › search-suite\tests\search.spec.ts:153:7 › Search · Groups › API: "backend unavailable" degrades gracefully (no blank) @api
[1A[2K[73/351] [chromium] › search-suite\tests\search.spec.ts:153:7 › Search · Groups › API: "timeout (no response)" degrades gracefully (no blank) @api
[1A[2K  39) [chromium] › search-suite\tests\search.spec.ts:153:7 › Search · Groups › API: "401 unauthorized" degrades gracefully (no blank) @api 

    Error: sidebar/header must remain visible

    [2mexpect([22m[31mlocator[39m[2m).[22mtoBeVisible[2m([22m[2m)[22m failed

    Locator: locator('aside:visible, nav:visible, header:visible, [class*="sidebar" i]:visible').first()
    Expected: visible
    Timeout: 15000ms
    Error: element(s) not found

    Call log:
    [2m  - sidebar/header must remain visible with timeout 15000ms[22m
    [2m  - waiting for locator('aside:visible, nav:visible, header:visible, [class*="sidebar" i]:visible').first()[22m


      165 |         // Resilience contract: shell survives, no blank, no uncaught exception.
      166 |         await helper.verifyNoWhiteScreen(`api:${fail.name}`);
    > 167 |         await expect(helper.sp.shell, 'sidebar/header must remain visible').toBeVisible();
          |                                                                             ^
      168 |         expect(monitor.report().pageErrors, 'no uncaught JS exceptions on API failure').toEqual([]);
      169 |
      170 |         await helper.unmock();
        at C:\Users\User\Downloads\wilyer-playwright\search-suite\tests\search.spec.ts:167:77

    attachment #1: screenshot (image/png) ──────────────────────────────────────────────────────────
    search-suite\test-results\search-Search-·-Groups-API-cadae-des-gracefully-no-blank-api-chromium\test-failed-1.png
    ────────────────────────────────────────────────────────────────────────────────────────────────

    Error Context: search-suite\test-results\search-Search-·-Groups-API-cadae-des-gracefully-no-blank-api-chromium\error-context.md

    attachment #4: trace (application/zip) ─────────────────────────────────────────────────────────
    search-suite\test-results\search-Search-·-Groups-API-cadae-des-gracefully-no-blank-api-chromium\trace.zip
    Usage:

        npx playwright show-trace search-suite\test-results\search-Search-·-Groups-API-cadae-des-gracefully-no-blank-api-chromium\trace.zip

    ────────────────────────────────────────────────────────────────────────────────────────────────


[1A[2K[74/351] [chromium] › search-suite\tests\search.spec.ts:174:5 › Search · Groups › API: offline during search keeps the UI stable @api
[1A[2K[75/351] [chromium] › search-suite\tests\search.spec.ts:184:5 › Search · Groups › API: successful search is fast and debounced (≤ threshold calls) @api
[1A[2K[76/351] [chromium] › search-suite\tests\search.spec.ts:212:5 › Search · Groups › Combined: search + pagination stays healthy @combined
[1A[2K[chromium] › search-suite\tests\search.spec.ts:184:5 › Search · Groups › API: successful search is fast and debounced (≤ threshold calls) @api
[Groups] search calls=1 slowest=352ms

[1A[2K[77/351] [chromium] › search-suite\tests\search.spec.ts:225:5 › Search · Groups › Combined: search + browser back/forward recovers cleanly @combined
[1A[2K[78/351] [chromium] › search-suite\tests\search.spec.ts:235:5 › Search · Groups › Perf: consecutive searches stay within the average threshold @perf
[1A[2K[79/351] [chromium] › search-suite\tests\search.spec.ts:44:5 › Search · Clusters › UI: search input is visible, enabled and has a placeholder @ui
[1A[2K[80/351] [chromium] › search-suite\tests\search.spec.ts:52:5 › Search · Clusters › UI: invalid search shows a no-records state, not a blank page @ui
[1A[2K  40) [chromium] › search-suite\tests\search.spec.ts:225:5 › Search · Groups › Combined: search + browser back/forward recovers cleanly @combined 

    Error: blank white screen detected (after-back)

    [2mexpect([22m[31mreceived[39m[2m).[22mtoBeTruthy[2m()[22m

    Received: [31mfalse[39m

       at ..\pages\basePage.ts:38

      36 |       text.trim().length > 0 || domLen > 2_000,
      37 |       `blank white screen detected (${context})`,
    > 38 |     ).toBeTruthy();
         |       ^
      39 |   }
      40 |
      41 |   /** App shell rendered and non-blank — the baseline "not crashed" assertion. */
        at SearchPage.verifyNoWhiteScreen (C:\Users\User\Downloads\wilyer-playwright\search-suite\pages\basePage.ts:38:7)
        at C:\Users\User\Downloads\wilyer-playwright\search-suite\tests\search.spec.ts:229:7

    attachment #1: screenshot (image/png) ──────────────────────────────────────────────────────────
    search-suite\test-results\search-Search-·-Groups-Com-7fac5-d-recovers-cleanly-combined-chromium\test-failed-1.png
    ────────────────────────────────────────────────────────────────────────────────────────────────

    Error Context: search-suite\test-results\search-Search-·-Groups-Com-7fac5-d-recovers-cleanly-combined-chromium\error-context.md

    attachment #4: trace (application/zip) ─────────────────────────────────────────────────────────
    search-suite\test-results\search-Search-·-Groups-Com-7fac5-d-recovers-cleanly-combined-chromium\trace.zip
    Usage:

        npx playwright show-trace search-suite\test-results\search-Search-·-Groups-Com-7fac5-d-recovers-cleanly-combined-chromium\trace.zip

    ────────────────────────────────────────────────────────────────────────────────────────────────


[1A[2K[81/351] [chromium] › search-suite\tests\search.spec.ts:59:5 › Search · Clusters › Functional: exact + partial match return relevant rows @functional
[1A[2K[82/351] [chromium] › search-suite\tests\search.spec.ts:73:5 › Search · Clusters › Functional: search is case-insensitive @functional
[1A[2K[83/351] [chromium] › search-suite\tests\search.spec.ts:86:5 › Search · Clusters › Functional: Enter triggers a search request @functional
[1A[2K[84/351] [chromium] › search-suite\tests\search.spec.ts:93:5 › Search · Clusters › Functional: clearing the search restores the full list @functional
[1A[2K[85/351] [chromium] › search-suite\tests\search.spec.ts:104:5 › Search · Clusters › Functional: search state is sane after a page refresh @functional
[1A[2K[86/351] [chromium] › search-suite\tests\search.spec.ts:112:5 › Search · Clusters › Functional: multiple consecutive searches stay healthy @functional
[1A[2K[87/351] [chromium] › search-suite\tests\search.spec.ts:122:7 › Search · Clusters › Edge: "empty" does not crash the UI @edge
[1A[2K[88/351] [chromium] › search-suite\tests\search.spec.ts:122:7 › Search · Clusters › Edge: "single character" does not crash the UI @edge
[1A[2K  41) [chromium] › search-suite\tests\search.spec.ts:59:5 › Search · Clusters › Functional: exact + partial match return relevant rows @functional 

    Error: [2mexpect([22m[31mreceived[39m[2m).[22mtoBeTruthy[2m()[22m

    Received: [31mfalse[39m

    Call Log:
    - Timeout 15000ms exceeded while waiting on the predicate

       at ..\pages\searchPage.ts:106

      104 |       await this.spinner.waitFor({ state: 'hidden', timeout }).catch(() => {});
      105 |     }
    > 106 |     await expect
          |     ^
      107 |       .poll(
      108 |         async () => (await this.rowCount()) > 0 || (await this.noResults.isVisible().catch(() => false)),
      109 |         { timeout },
        at SearchPage.waitForSearchResults (C:\Users\User\Downloads\wilyer-playwright\search-suite\pages\searchPage.ts:106:5)
        at SearchHelper.validateSearchResults (C:\Users\User\Downloads\wilyer-playwright\search-suite\utils\searchHelper.ts:33:5)
        at C:\Users\User\Downloads\wilyer-playwright\search-suite\tests\search.spec.ts:66:7

    attachment #1: screenshot (image/png) ──────────────────────────────────────────────────────────
    search-suite\test-results\search-Search-·-Clusters-F-ad6bf-rn-relevant-rows-functional-chromium\test-failed-1.png
    ────────────────────────────────────────────────────────────────────────────────────────────────

    Error Context: search-suite\test-results\search-Search-·-Clusters-F-ad6bf-rn-relevant-rows-functional-chromium\error-context.md

    attachment #4: trace (application/zip) ─────────────────────────────────────────────────────────
    search-suite\test-results\search-Search-·-Clusters-F-ad6bf-rn-relevant-rows-functional-chromium\trace.zip
    Usage:

        npx playwright show-trace search-suite\test-results\search-Search-·-Clusters-F-ad6bf-rn-relevant-rows-functional-chromium\trace.zip

    ────────────────────────────────────────────────────────────────────────────────────────────────


[1A[2K[89/351] [chromium] › search-suite\tests\search.spec.ts:122:7 › Search · Clusters › Edge: "leading/trailing spaces" does not crash the UI @edge
[1A[2K[90/351] [chromium] › search-suite\tests\search.spec.ts:122:7 › Search · Clusters › Edge: "only spaces" does not crash the UI @edge
[1A[2K[91/351] [chromium] › search-suite\tests\search.spec.ts:122:7 › Search · Clusters › Edge: "multiple inner spaces" does not crash the UI @edge
[1A[2K[92/351] [chromium] › search-suite\tests\search.spec.ts:122:7 › Search · Clusters › Edge: "very long (1200 chars)" does not crash the UI @edge
[1A[2K[93/351] [chromium] › search-suite\tests\search.spec.ts:122:7 › Search · Clusters › Edge: "special characters" does not crash the UI @edge
[1A[2K[94/351] [chromium] › search-suite\tests\search.spec.ts:122:7 › Search · Clusters › Edge: "unicode hi/zh/ja" does not crash the UI @edge
[1A[2K[95/351] [chromium] › search-suite\tests\search.spec.ts:122:7 › Search · Clusters › Edge: "emoji" does not crash the UI @edge
[1A[2K[96/351] [chromium] › search-suite\tests\search.spec.ts:122:7 › Search · Clusters › Edge: "newline and tab" does not crash the UI @edge
[1A[2K[97/351] [chromium] › search-suite\tests\search.spec.ts:122:7 › Search · Clusters › Edge: "url-encoded" does not crash the UI @edge
[1A[2K[98/351] [chromium] › search-suite\tests\search.spec.ts:134:7 › Search · Clusters › Security: "SQLi ' OR 1=1 --" is inert (no execution) @security
[1A[2K[99/351] [chromium] › search-suite\tests\search.spec.ts:134:7 › Search · Clusters › Security: "SQLi admin'--" is inert (no execution) @security
[1A[2K[100/351] [chromium] › search-suite\tests\search.spec.ts:134:7 › Search · Clusters › Security: "SQLi DROP TABLE" is inert (no execution) @security
[1A[2K[101/351] [chromium] › search-suite\tests\search.spec.ts:134:7 › Search · Clusters › Security: "XSS <script>" is inert (no execution) @security
[1A[2K[102/351] [chromium] › search-suite\tests\search.spec.ts:134:7 › Search · Clusters › Security: "XSS img onerror" is inert (no execution) @security
[1A[2K[103/351] [chromium] › search-suite\tests\search.spec.ts:134:7 › Search · Clusters › Security: "XSS svg onload" is inert (no execution) @security
[1A[2K[104/351] [chromium] › search-suite\tests\search.spec.ts:134:7 › Search · Clusters › Security: "HTML injection" is inert (no execution) @security
[1A[2K[105/351] [chromium] › search-suite\tests\search.spec.ts:153:7 › Search · Clusters › API: "500 server error" degrades gracefully (no blank) @api
[1A[2K[106/351] [chromium] › search-suite\tests\search.spec.ts:153:7 › Search · Clusters › API: "404 not found" degrades gracefully (no blank) @api
[1A[2K[107/351] [chromium] › search-suite\tests\search.spec.ts:153:7 › Search · Clusters › API: "401 unauthorized" degrades gracefully (no blank) @api
[1A[2K[108/351] [chromium] › search-suite\tests\search.spec.ts:153:7 › Search · Clusters › API: "403 forbidden" degrades gracefully (no blank) @api
[1A[2K[109/351] [chromium] › search-suite\tests\search.spec.ts:153:7 › Search · Clusters › API: "empty array" degrades gracefully (no blank) @api
[1A[2K[110/351] [chromium] › search-suite\tests\search.spec.ts:153:7 › Search · Clusters › API: "malformed JSON" degrades gracefully (no blank) @api
[1A[2K[111/351] [chromium] › search-suite\tests\search.spec.ts:153:7 › Search · Clusters › API: "backend unavailable" degrades gracefully (no blank) @api
[1A[2K[112/351] [chromium] › search-suite\tests\search.spec.ts:153:7 › Search · Clusters › API: "timeout (no response)" degrades gracefully (no blank) @api
[1A[2K[113/351] [chromium] › search-suite\tests\search.spec.ts:174:5 › Search · Clusters › API: offline during search keeps the UI stable @api
[1A[2K[114/351] [chromium] › search-suite\tests\search.spec.ts:184:5 › Search · Clusters › API: successful search is fast and debounced (≤ threshold calls) @api
[1A[2K  42) [chromium] › search-suite\tests\search.spec.ts:153:7 › Search · Clusters › API: "401 unauthorized" degrades gracefully (no blank) @api 

    Error: sidebar/header must remain visible

    [2mexpect([22m[31mlocator[39m[2m).[22mtoBeVisible[2m([22m[2m)[22m failed

    Locator: locator('aside:visible, nav:visible, header:visible, [class*="sidebar" i]:visible').first()
    Expected: visible
    Timeout: 15000ms
    Error: element(s) not found

    Call log:
    [2m  - sidebar/header must remain visible with timeout 15000ms[22m
    [2m  - waiting for locator('aside:visible, nav:visible, header:visible, [class*="sidebar" i]:visible').first()[22m


      165 |         // Resilience contract: shell survives, no blank, no uncaught exception.
      166 |         await helper.verifyNoWhiteScreen(`api:${fail.name}`);
    > 167 |         await expect(helper.sp.shell, 'sidebar/header must remain visible').toBeVisible();
          |                                                                             ^
      168 |         expect(monitor.report().pageErrors, 'no uncaught JS exceptions on API failure').toEqual([]);
      169 |
      170 |         await helper.unmock();
        at C:\Users\User\Downloads\wilyer-playwright\search-suite\tests\search.spec.ts:167:77

    attachment #1: screenshot (image/png) ──────────────────────────────────────────────────────────
    search-suite\test-results\search-Search-·-Clusters-A-fa86f-des-gracefully-no-blank-api-chromium\test-failed-1.png
    ────────────────────────────────────────────────────────────────────────────────────────────────

    Error Context: search-suite\test-results\search-Search-·-Clusters-A-fa86f-des-gracefully-no-blank-api-chromium\error-context.md

    attachment #4: trace (application/zip) ─────────────────────────────────────────────────────────
    search-suite\test-results\search-Search-·-Clusters-A-fa86f-des-gracefully-no-blank-api-chromium\trace.zip
    Usage:

        npx playwright show-trace search-suite\test-results\search-Search-·-Clusters-A-fa86f-des-gracefully-no-blank-api-chromium\trace.zip

    ────────────────────────────────────────────────────────────────────────────────────────────────


[1A[2K[115/351] [chromium] › search-suite\tests\search.spec.ts:212:5 › Search · Clusters › Combined: search + pagination stays healthy @combined
[1A[2K[116/351] [chromium] › search-suite\tests\search.spec.ts:225:5 › Search · Clusters › Combined: search + browser back/forward recovers cleanly @combined
[1A[2K  43) [chromium] › search-suite\tests\search.spec.ts:225:5 › Search · Clusters › Combined: search + browser back/forward recovers cleanly @combined 

    Error: blank white screen detected (after-back)

    [2mexpect([22m[31mreceived[39m[2m).[22mtoBeTruthy[2m()[22m

    Received: [31mfalse[39m

       at ..\pages\basePage.ts:38

      36 |       text.trim().length > 0 || domLen > 2_000,
      37 |       `blank white screen detected (${context})`,
    > 38 |     ).toBeTruthy();
         |       ^
      39 |   }
      40 |
      41 |   /** App shell rendered and non-blank — the baseline "not crashed" assertion. */
        at SearchPage.verifyNoWhiteScreen (C:\Users\User\Downloads\wilyer-playwright\search-suite\pages\basePage.ts:38:7)
        at C:\Users\User\Downloads\wilyer-playwright\search-suite\tests\search.spec.ts:229:7

    attachment #1: screenshot (image/png) ──────────────────────────────────────────────────────────
    search-suite\test-results\search-Search-·-Clusters-C-09a6f-d-recovers-cleanly-combined-chromium\test-failed-1.png
    ────────────────────────────────────────────────────────────────────────────────────────────────

    Error Context: search-suite\test-results\search-Search-·-Clusters-C-09a6f-d-recovers-cleanly-combined-chromium\error-context.md

    attachment #4: trace (application/zip) ─────────────────────────────────────────────────────────
    search-suite\test-results\search-Search-·-Clusters-C-09a6f-d-recovers-cleanly-combined-chromium\trace.zip
    Usage:

        npx playwright show-trace search-suite\test-results\search-Search-·-Clusters-C-09a6f-d-recovers-cleanly-combined-chromium\trace.zip

    ────────────────────────────────────────────────────────────────────────────────────────────────


[1A[2K[117/351] [chromium] › search-suite\tests\search.spec.ts:44:5 › Search · Library › UI: search input is visible, enabled and has a placeholder @ui
[1A[2K[118/351] [chromium] › search-suite\tests\search.spec.ts:235:5 › Search · Clusters › Perf: consecutive searches stay within the average threshold @perf
[1A[2K[119/351] [chromium] › search-suite\tests\search.spec.ts:52:5 › Search · Library › UI: invalid search shows a no-records state, not a blank page @ui
[1A[2K[chromium] › search-suite\tests\search.spec.ts:184:5 › Search · Clusters › API: successful search is fast and debounced (≤ threshold calls) @api
[Clusters] search calls=1 slowest=318ms

[1A[2K[120/351] [chromium] › search-suite\tests\search.spec.ts:59:5 › Search · Library › Functional: exact + partial match return relevant rows @functional
[1A[2K  44) [chromium] › search-suite\tests\search.spec.ts:52:5 › Search · Library › UI: invalid search shows a no-records state, not a blank page @ui 

    Error: [Library] search input should be present

    [2mexpect([22m[31mlocator[39m[2m).[22mtoBeVisible[2m([22m[2m)[22m failed

    Locator: locator('input[placeholder="Search..."]:visible').first().or(getByPlaceholder(/search/i).first())
    Expected: visible
    Error: strict mode violation: locator('input[placeholder="Search..."]:visible').first().or(getByPlaceholder(/search/i).first()) resolved to 2 elements:
        1) <input value="" type="text" class="form-control" placeholder="Search folders (including nested)..."/> aka getByRole('textbox', { name: 'Search folders (including' })
        2) <input value="" type="text" placeholder="Search..." id="formGroupExampleInput" class="form-control rounded-pill shadow-sm"/> aka getByRole('textbox', { name: 'Search...' })

    Call log:
    [2m  - [Library] search input should be present with timeout 20000ms[22m
    [2m  - waiting for locator('input[placeholder="Search..."]:visible').first().or(getByPlaceholder(/search/i).first())[22m


       at ..\pages\searchPage.ts:62

      60 |     await firstLoad;
      61 |     await expect(this.searchInput, `[${this.module.name}] search input should be present`)
    > 62 |       .toBeVisible({ timeout: 20_000 });
         |        ^
      63 |     return this;
      64 |   }
      65 |
        at SearchPage.open (C:\Users\User\Downloads\wilyer-playwright\search-suite\pages\searchPage.ts:62:8)
        at open (C:\Users\User\Downloads\wilyer-playwright\search-suite\tests\search.spec.ts:39:7)
        at C:\Users\User\Downloads\wilyer-playwright\search-suite\tests\search.spec.ts:53:22

    attachment #1: screenshot (image/png) ──────────────────────────────────────────────────────────
    search-suite\test-results\search-Search-·-Library-UI-cc966-s-state-not-a-blank-page-ui-chromium\test-failed-1.png
    ────────────────────────────────────────────────────────────────────────────────────────────────

    Error Context: search-suite\test-results\search-Search-·-Library-UI-cc966-s-state-not-a-blank-page-ui-chromium\error-context.md

    attachment #4: trace (application/zip) ─────────────────────────────────────────────────────────
    search-suite\test-results\search-Search-·-Library-UI-cc966-s-state-not-a-blank-page-ui-chromium\trace.zip
    Usage:

        npx playwright show-trace search-suite\test-results\search-Search-·-Library-UI-cc966-s-state-not-a-blank-page-ui-chromium\trace.zip

    ────────────────────────────────────────────────────────────────────────────────────────────────


[1A[2K  45) [chromium] › search-suite\tests\search.spec.ts:44:5 › Search · Library › UI: search input is visible, enabled and has a placeholder @ui 

    Error: [Library] search input should be present

    [2mexpect([22m[31mlocator[39m[2m).[22mtoBeVisible[2m([22m[2m)[22m failed

    Locator: locator('input[placeholder="Search..."]:visible').first().or(getByPlaceholder(/search/i).first())
    Expected: visible
    Error: strict mode violation: locator('input[placeholder="Search..."]:visible').first().or(getByPlaceholder(/search/i).first()) resolved to 2 elements:
        1) <input value="" type="text" class="form-control" placeholder="Search folders (including nested)..."/> aka getByRole('textbox', { name: 'Search folders (including' })
        2) <input value="" type="text" placeholder="Search..." id="formGroupExampleInput" class="form-control rounded-pill shadow-sm"/> aka getByRole('textbox', { name: 'Search...' })

    Call log:
    [2m  - [Library] search input should be present with timeout 20000ms[22m
    [2m  - waiting for locator('input[placeholder="Search..."]:visible').first().or(getByPlaceholder(/search/i).first())[22m


       at ..\pages\searchPage.ts:62

      60 |     await firstLoad;
      61 |     await expect(this.searchInput, `[${this.module.name}] search input should be present`)
    > 62 |       .toBeVisible({ timeout: 20_000 });
         |        ^
      63 |     return this;
      64 |   }
      65 |
        at SearchPage.open (C:\Users\User\Downloads\wilyer-playwright\search-suite\pages\searchPage.ts:62:8)
        at open (C:\Users\User\Downloads\wilyer-playwright\search-suite\tests\search.spec.ts:39:7)
        at C:\Users\User\Downloads\wilyer-playwright\search-suite\tests\search.spec.ts:45:22

    attachment #1: screenshot (image/png) ──────────────────────────────────────────────────────────
    search-suite\test-results\search-Search-·-Library-UI-3280a-ed-and-has-a-placeholder-ui-chromium\test-failed-1.png
    ────────────────────────────────────────────────────────────────────────────────────────────────

    Error Context: search-suite\test-results\search-Search-·-Library-UI-3280a-ed-and-has-a-placeholder-ui-chromium\error-context.md

    attachment #4: trace (application/zip) ─────────────────────────────────────────────────────────
    search-suite\test-results\search-Search-·-Library-UI-3280a-ed-and-has-a-placeholder-ui-chromium\trace.zip
    Usage:

        npx playwright show-trace search-suite\test-results\search-Search-·-Library-UI-3280a-ed-and-has-a-placeholder-ui-chromium\trace.zip

    ────────────────────────────────────────────────────────────────────────────────────────────────


[1A[2K  46) [chromium] › search-suite\tests\search.spec.ts:59:5 › Search · Library › Functional: exact + partial match return relevant rows @functional 

    Error: [Library] search input should be present

    [2mexpect([22m[31mlocator[39m[2m).[22mtoBeVisible[2m([22m[2m)[22m failed

    Locator: locator('input[placeholder="Search..."]:visible').first().or(getByPlaceholder(/search/i).first())
    Expected: visible
    Error: strict mode violation: locator('input[placeholder="Search..."]:visible').first().or(getByPlaceholder(/search/i).first()) resolved to 2 elements:
        1) <input value="" type="text" class="form-control" placeholder="Search folders (including nested)..."/> aka getByRole('textbox', { name: 'Search folders (including' })
        2) <input value="" type="text" placeholder="Search..." id="formGroupExampleInput" class="form-control rounded-pill shadow-sm"/> aka getByRole('textbox', { name: 'Search...' })

    Call log:
    [2m  - [Library] search input should be present with timeout 20000ms[22m
    [2m  - waiting for locator('input[placeholder="Search..."]:visible').first().or(getByPlaceholder(/search/i).first())[22m


       at ..\pages\searchPage.ts:62

      60 |     await firstLoad;
      61 |     await expect(this.searchInput, `[${this.module.name}] search input should be present`)
    > 62 |       .toBeVisible({ timeout: 20_000 });
         |        ^
      63 |     return this;
      64 |   }
      65 |
        at SearchPage.open (C:\Users\User\Downloads\wilyer-playwright\search-suite\pages\searchPage.ts:62:8)
        at open (C:\Users\User\Downloads\wilyer-playwright\search-suite\tests\search.spec.ts:39:7)
        at C:\Users\User\Downloads\wilyer-playwright\search-suite\tests\search.spec.ts:60:22

    attachment #1: screenshot (image/png) ──────────────────────────────────────────────────────────
    search-suite\test-results\search-Search-·-Library-Fu-757f4-rn-relevant-rows-functional-chromium\test-failed-1.png
    ────────────────────────────────────────────────────────────────────────────────────────────────

    Error Context: search-suite\test-results\search-Search-·-Library-Fu-757f4-rn-relevant-rows-functional-chromium\error-context.md

    attachment #4: trace (application/zip) ─────────────────────────────────────────────────────────
    search-suite\test-results\search-Search-·-Library-Fu-757f4-rn-relevant-rows-functional-chromium\trace.zip
    Usage:

        npx playwright show-trace search-suite\test-results\search-Search-·-Library-Fu-757f4-rn-relevant-rows-functional-chromium\trace.zip

    ────────────────────────────────────────────────────────────────────────────────────────────────


[1A[2K[121/351] [chromium] › search-suite\tests\search.spec.ts:73:5 › Search · Library › Functional: search is case-insensitive @functional
[1A[2K[122/351] [chromium] › search-suite\tests\search.spec.ts:86:5 › Search · Library › Functional: Enter triggers a search request @functional
[1A[2K[123/351] [chromium] › search-suite\tests\search.spec.ts:93:5 › Search · Library › Functional: clearing the search restores the full list @functional
[1A[2K  47) [chromium] › search-suite\tests\search.spec.ts:93:5 › Search · Library › Functional: clearing the search restores the full list @functional 

    Error: [Library] search input should be present

    [2mexpect([22m[31mlocator[39m[2m).[22mtoBeVisible[2m([22m[2m)[22m failed

    Locator: locator('input[placeholder="Search..."]:visible').first().or(getByPlaceholder(/search/i).first())
    Expected: visible
    Error: strict mode violation: locator('input[placeholder="Search..."]:visible').first().or(getByPlaceholder(/search/i).first()) resolved to 2 elements:
        1) <input value="" type="text" class="form-control" placeholder="Search folders (including nested)..."/> aka getByRole('textbox', { name: 'Search folders (including' })
        2) <input value="" type="text" placeholder="Search..." id="formGroupExampleInput" class="form-control rounded-pill shadow-sm"/> aka getByRole('textbox', { name: 'Search...' })

    Call log:
    [2m  - [Library] search input should be present with timeout 20000ms[22m
    [2m  - waiting for locator('input[placeholder="Search..."]:visible').first().or(getByPlaceholder(/search/i).first())[22m


       at ..\pages\searchPage.ts:62

      60 |     await firstLoad;
      61 |     await expect(this.searchInput, `[${this.module.name}] search input should be present`)
    > 62 |       .toBeVisible({ timeout: 20_000 });
         |        ^
      63 |     return this;
      64 |   }
      65 |
        at SearchPage.open (C:\Users\User\Downloads\wilyer-playwright\search-suite\pages\searchPage.ts:62:8)
        at open (C:\Users\User\Downloads\wilyer-playwright\search-suite\tests\search.spec.ts:39:7)
        at C:\Users\User\Downloads\wilyer-playwright\search-suite\tests\search.spec.ts:94:22

    attachment #1: screenshot (image/png) ──────────────────────────────────────────────────────────
    search-suite\test-results\search-Search-·-Library-Fu-8fa0a-es-the-full-list-functional-chromium\test-failed-1.png
    ────────────────────────────────────────────────────────────────────────────────────────────────

    Error Context: search-suite\test-results\search-Search-·-Library-Fu-8fa0a-es-the-full-list-functional-chromium\error-context.md

    attachment #4: trace (application/zip) ─────────────────────────────────────────────────────────
    search-suite\test-results\search-Search-·-Library-Fu-8fa0a-es-the-full-list-functional-chromium\trace.zip
    Usage:

        npx playwright show-trace search-suite\test-results\search-Search-·-Library-Fu-8fa0a-es-the-full-list-functional-chromium\trace.zip

    ────────────────────────────────────────────────────────────────────────────────────────────────


[1A[2K  48) [chromium] › search-suite\tests\search.spec.ts:86:5 › Search · Library › Functional: Enter triggers a search request @functional 

    Error: [Library] search input should be present

    [2mexpect([22m[31mlocator[39m[2m).[22mtoBeVisible[2m([22m[2m)[22m failed

    Locator: locator('input[placeholder="Search..."]:visible').first().or(getByPlaceholder(/search/i).first())
    Expected: visible
    Error: strict mode violation: locator('input[placeholder="Search..."]:visible').first().or(getByPlaceholder(/search/i).first()) resolved to 2 elements:
        1) <input value="" type="text" class="form-control" placeholder="Search folders (including nested)..."/> aka getByRole('textbox', { name: 'Search folders (including' })
        2) <input value="" type="text" placeholder="Search..." id="formGroupExampleInput" class="form-control rounded-pill shadow-sm"/> aka getByRole('textbox', { name: 'Search...' })

    Call log:
    [2m  - [Library] search input should be present with timeout 20000ms[22m
    [2m  - waiting for locator('input[placeholder="Search..."]:visible').first().or(getByPlaceholder(/search/i).first())[22m


       at ..\pages\searchPage.ts:62

      60 |     await firstLoad;
      61 |     await expect(this.searchInput, `[${this.module.name}] search input should be present`)
    > 62 |       .toBeVisible({ timeout: 20_000 });
         |        ^
      63 |     return this;
      64 |   }
      65 |
        at SearchPage.open (C:\Users\User\Downloads\wilyer-playwright\search-suite\pages\searchPage.ts:62:8)
        at open (C:\Users\User\Downloads\wilyer-playwright\search-suite\tests\search.spec.ts:39:7)
        at C:\Users\User\Downloads\wilyer-playwright\search-suite\tests\search.spec.ts:87:22

    attachment #1: screenshot (image/png) ──────────────────────────────────────────────────────────
    search-suite\test-results\search-Search-·-Library-Fu-2fb59-a-search-request-functional-chromium\test-failed-1.png
    ────────────────────────────────────────────────────────────────────────────────────────────────

    Error Context: search-suite\test-results\search-Search-·-Library-Fu-2fb59-a-search-request-functional-chromium\error-context.md

    attachment #4: trace (application/zip) ─────────────────────────────────────────────────────────
    search-suite\test-results\search-Search-·-Library-Fu-2fb59-a-search-request-functional-chromium\trace.zip
    Usage:

        npx playwright show-trace search-suite\test-results\search-Search-·-Library-Fu-2fb59-a-search-request-functional-chromium\trace.zip

    ────────────────────────────────────────────────────────────────────────────────────────────────


[1A[2K  49) [chromium] › search-suite\tests\search.spec.ts:73:5 › Search · Library › Functional: search is case-insensitive @functional 

    Error: [Library] search input should be present

    [2mexpect([22m[31mlocator[39m[2m).[22mtoBeVisible[2m([22m[2m)[22m failed

    Locator: locator('input[placeholder="Search..."]:visible').first().or(getByPlaceholder(/search/i).first())
    Expected: visible
    Error: strict mode violation: locator('input[placeholder="Search..."]:visible').first().or(getByPlaceholder(/search/i).first()) resolved to 2 elements:
        1) <input value="" type="text" class="form-control" placeholder="Search folders (including nested)..."/> aka getByRole('textbox', { name: 'Search folders (including' })
        2) <input value="" type="text" placeholder="Search..." id="formGroupExampleInput" class="form-control rounded-pill shadow-sm"/> aka getByRole('textbox', { name: 'Search...' })

    Call log:
    [2m  - [Library] search input should be present with timeout 20000ms[22m
    [2m  - waiting for locator('input[placeholder="Search..."]:visible').first().or(getByPlaceholder(/search/i).first())[22m


       at ..\pages\searchPage.ts:62

      60 |     await firstLoad;
      61 |     await expect(this.searchInput, `[${this.module.name}] search input should be present`)
    > 62 |       .toBeVisible({ timeout: 20_000 });
         |        ^
      63 |     return this;
      64 |   }
      65 |
        at SearchPage.open (C:\Users\User\Downloads\wilyer-playwright\search-suite\pages\searchPage.ts:62:8)
        at open (C:\Users\User\Downloads\wilyer-playwright\search-suite\tests\search.spec.ts:39:7)
        at C:\Users\User\Downloads\wilyer-playwright\search-suite\tests\search.spec.ts:74:22

    attachment #1: screenshot (image/png) ──────────────────────────────────────────────────────────
    search-suite\test-results\search-Search-·-Library-Fu-8191d-case-insensitive-functional-chromium\test-failed-1.png
    ────────────────────────────────────────────────────────────────────────────────────────────────

    Error Context: search-suite\test-results\search-Search-·-Library-Fu-8191d-case-insensitive-functional-chromium\error-context.md

    attachment #4: trace (application/zip) ─────────────────────────────────────────────────────────
    search-suite\test-results\search-Search-·-Library-Fu-8191d-case-insensitive-functional-chromium\trace.zip
    Usage:

        npx playwright show-trace search-suite\test-results\search-Search-·-Library-Fu-8191d-case-insensitive-functional-chromium\trace.zip

    ────────────────────────────────────────────────────────────────────────────────────────────────


[1A[2K[124/351] [chromium] › search-suite\tests\search.spec.ts:104:5 › Search · Library › Functional: search state is sane after a page refresh @functional
[1A[2K[125/351] [chromium] › search-suite\tests\search.spec.ts:112:5 › Search · Library › Functional: multiple consecutive searches stay healthy @functional
[1A[2K[126/351] [chromium] › search-suite\tests\search.spec.ts:122:7 › Search · Library › Edge: "empty" does not crash the UI @edge
[1A[2K  50) [chromium] › search-suite\tests\search.spec.ts:112:5 › Search · Library › Functional: multiple consecutive searches stay healthy @functional 

    Error: [Library] search input should be present

    [2mexpect([22m[31mlocator[39m[2m).[22mtoBeVisible[2m([22m[2m)[22m failed

    Locator: locator('input[placeholder="Search..."]:visible').first().or(getByPlaceholder(/search/i).first())
    Expected: visible
    Error: strict mode violation: locator('input[placeholder="Search..."]:visible').first().or(getByPlaceholder(/search/i).first()) resolved to 2 elements:
        1) <input value="" type="text" class="form-control" placeholder="Search folders (including nested)..."/> aka getByRole('textbox', { name: 'Search folders (including' })
        2) <input value="" type="text" placeholder="Search..." id="formGroupExampleInput" class="form-control rounded-pill shadow-sm"/> aka getByRole('textbox', { name: 'Search...' })

    Call log:
    [2m  - [Library] search input should be present with timeout 20000ms[22m
    [2m  - waiting for locator('input[placeholder="Search..."]:visible').first().or(getByPlaceholder(/search/i).first())[22m


       at ..\pages\searchPage.ts:62

      60 |     await firstLoad;
      61 |     await expect(this.searchInput, `[${this.module.name}] search input should be present`)
    > 62 |       .toBeVisible({ timeout: 20_000 });
         |        ^
      63 |     return this;
      64 |   }
      65 |
        at SearchPage.open (C:\Users\User\Downloads\wilyer-playwright\search-suite\pages\searchPage.ts:62:8)
        at open (C:\Users\User\Downloads\wilyer-playwright\search-suite\tests\search.spec.ts:39:7)
        at C:\Users\User\Downloads\wilyer-playwright\search-suite\tests\search.spec.ts:113:22

    attachment #1: screenshot (image/png) ──────────────────────────────────────────────────────────
    search-suite\test-results\search-Search-·-Library-Fu-80c1f-hes-stay-healthy-functional-chromium\test-failed-1.png
    ────────────────────────────────────────────────────────────────────────────────────────────────

    Error Context: search-suite\test-results\search-Search-·-Library-Fu-80c1f-hes-stay-healthy-functional-chromium\error-context.md

    attachment #4: trace (application/zip) ─────────────────────────────────────────────────────────
    search-suite\test-results\search-Search-·-Library-Fu-80c1f-hes-stay-healthy-functional-chromium\trace.zip
    Usage:

        npx playwright show-trace search-suite\test-results\search-Search-·-Library-Fu-80c1f-hes-stay-healthy-functional-chromium\trace.zip

    ────────────────────────────────────────────────────────────────────────────────────────────────


[1A[2K  51) [chromium] › search-suite\tests\search.spec.ts:122:7 › Search · Library › Edge: "empty" does not crash the UI @edge 

    Error: [Library] search input should be present

    [2mexpect([22m[31mlocator[39m[2m).[22mtoBeVisible[2m([22m[2m)[22m failed

    Locator: locator('input[placeholder="Search..."]:visible').first().or(getByPlaceholder(/search/i).first())
    Expected: visible
    Error: strict mode violation: locator('input[placeholder="Search..."]:visible').first().or(getByPlaceholder(/search/i).first()) resolved to 2 elements:
        1) <input value="" type="text" class="form-control" placeholder="Search folders (including nested)..."/> aka getByRole('textbox', { name: 'Search folders (including' })
        2) <input value="" type="text" placeholder="Search..." id="formGroupExampleInput" class="form-control rounded-pill shadow-sm"/> aka getByRole('textbox', { name: 'Search...' })

    Call log:
    [2m  - [Library] search input should be present with timeout 20000ms[22m
    [2m  - waiting for locator('input[placeholder="Search..."]:visible').first().or(getByPlaceholder(/search/i).first())[22m


       at ..\pages\searchPage.ts:62

      60 |     await firstLoad;
      61 |     await expect(this.searchInput, `[${this.module.name}] search input should be present`)
    > 62 |       .toBeVisible({ timeout: 20_000 });
         |        ^
      63 |     return this;
      64 |   }
      65 |
        at SearchPage.open (C:\Users\User\Downloads\wilyer-playwright\search-suite\pages\searchPage.ts:62:8)
        at open (C:\Users\User\Downloads\wilyer-playwright\search-suite\tests\search.spec.ts:39:7)
        at C:\Users\User\Downloads\wilyer-playwright\search-suite\tests\search.spec.ts:123:24

    attachment #1: screenshot (image/png) ──────────────────────────────────────────────────────────
    search-suite\test-results\search-Search-·-Library-Ed-bf727--does-not-crash-the-UI-edge-chromium\test-failed-1.png
    ────────────────────────────────────────────────────────────────────────────────────────────────

    Error Context: search-suite\test-results\search-Search-·-Library-Ed-bf727--does-not-crash-the-UI-edge-chromium\error-context.md

    attachment #4: trace (application/zip) ─────────────────────────────────────────────────────────
    search-suite\test-results\search-Search-·-Library-Ed-bf727--does-not-crash-the-UI-edge-chromium\trace.zip
    Usage:

        npx playwright show-trace search-suite\test-results\search-Search-·-Library-Ed-bf727--does-not-crash-the-UI-edge-chromium\trace.zip

    ────────────────────────────────────────────────────────────────────────────────────────────────


[1A[2K  52) [chromium] › search-suite\tests\search.spec.ts:104:5 › Search · Library › Functional: search state is sane after a page refresh @functional 

    Error: [Library] search input should be present

    [2mexpect([22m[31mlocator[39m[2m).[22mtoBeVisible[2m([22m[2m)[22m failed

    Locator: locator('input[placeholder="Search..."]:visible').first().or(getByPlaceholder(/search/i).first())
    Expected: visible
    Error: strict mode violation: locator('input[placeholder="Search..."]:visible').first().or(getByPlaceholder(/search/i).first()) resolved to 2 elements:
        1) <input value="" type="text" class="form-control" placeholder="Search folders (including nested)..."/> aka getByRole('textbox', { name: 'Search folders (including' })
        2) <input value="" type="text" placeholder="Search..." id="formGroupExampleInput" class="form-control rounded-pill shadow-sm"/> aka getByRole('textbox', { name: 'Search...' })

    Call log:
    [2m  - [Library] search input should be present with timeout 20000ms[22m
    [2m  - waiting for locator('input[placeholder="Search..."]:visible').first().or(getByPlaceholder(/search/i).first())[22m


       at ..\pages\searchPage.ts:62

      60 |     await firstLoad;
      61 |     await expect(this.searchInput, `[${this.module.name}] search input should be present`)
    > 62 |       .toBeVisible({ timeout: 20_000 });
         |        ^
      63 |     return this;
      64 |   }
      65 |
        at SearchPage.open (C:\Users\User\Downloads\wilyer-playwright\search-suite\pages\searchPage.ts:62:8)
        at open (C:\Users\User\Downloads\wilyer-playwright\search-suite\tests\search.spec.ts:39:7)
        at C:\Users\User\Downloads\wilyer-playwright\search-suite\tests\search.spec.ts:105:22

    attachment #1: screenshot (image/png) ──────────────────────────────────────────────────────────
    search-suite\test-results\search-Search-·-Library-Fu-a0356-r-a-page-refresh-functional-chromium\test-failed-1.png
    ────────────────────────────────────────────────────────────────────────────────────────────────

    Error Context: search-suite\test-results\search-Search-·-Library-Fu-a0356-r-a-page-refresh-functional-chromium\error-context.md

    attachment #4: trace (application/zip) ─────────────────────────────────────────────────────────
    search-suite\test-results\search-Search-·-Library-Fu-a0356-r-a-page-refresh-functional-chromium\trace.zip
    Usage:

        npx playwright show-trace search-suite\test-results\search-Search-·-Library-Fu-a0356-r-a-page-refresh-functional-chromium\trace.zip

    ────────────────────────────────────────────────────────────────────────────────────────────────


[1A[2K[127/351] [chromium] › search-suite\tests\search.spec.ts:122:7 › Search · Library › Edge: "single character" does not crash the UI @edge
[1A[2K[128/351] [chromium] › search-suite\tests\search.spec.ts:122:7 › Search · Library › Edge: "only spaces" does not crash the UI @edge
[1A[2K[129/351] [chromium] › search-suite\tests\search.spec.ts:122:7 › Search · Library › Edge: "leading/trailing spaces" does not crash the UI @edge
[1A[2K  53) [chromium] › search-suite\tests\search.spec.ts:122:7 › Search · Library › Edge: "single character" does not crash the UI @edge 

    Error: [Library] search input should be present

    [2mexpect([22m[31mlocator[39m[2m).[22mtoBeVisible[2m([22m[2m)[22m failed

    Locator: locator('input[placeholder="Search..."]:visible').first().or(getByPlaceholder(/search/i).first())
    Expected: visible
    Error: strict mode violation: locator('input[placeholder="Search..."]:visible').first().or(getByPlaceholder(/search/i).first()) resolved to 2 elements:
        1) <input value="" type="text" class="form-control" placeholder="Search folders (including nested)..."/> aka getByRole('textbox', { name: 'Search folders (including' })
        2) <input value="" type="text" placeholder="Search..." id="formGroupExampleInput" class="form-control rounded-pill shadow-sm"/> aka getByRole('textbox', { name: 'Search...' })

    Call log:
    [2m  - [Library] search input should be present with timeout 20000ms[22m
    [2m  - waiting for locator('input[placeholder="Search..."]:visible').first().or(getByPlaceholder(/search/i).first())[22m


       at ..\pages\searchPage.ts:62

      60 |     await firstLoad;
      61 |     await expect(this.searchInput, `[${this.module.name}] search input should be present`)
    > 62 |       .toBeVisible({ timeout: 20_000 });
         |        ^
      63 |     return this;
      64 |   }
      65 |
        at SearchPage.open (C:\Users\User\Downloads\wilyer-playwright\search-suite\pages\searchPage.ts:62:8)
        at open (C:\Users\User\Downloads\wilyer-playwright\search-suite\tests\search.spec.ts:39:7)
        at C:\Users\User\Downloads\wilyer-playwright\search-suite\tests\search.spec.ts:123:24

    attachment #1: screenshot (image/png) ──────────────────────────────────────────────────────────
    search-suite\test-results\search-Search-·-Library-Ed-21f38--does-not-crash-the-UI-edge-chromium\test-failed-1.png
    ────────────────────────────────────────────────────────────────────────────────────────────────

    Error Context: search-suite\test-results\search-Search-·-Library-Ed-21f38--does-not-crash-the-UI-edge-chromium\error-context.md

    attachment #4: trace (application/zip) ─────────────────────────────────────────────────────────
    search-suite\test-results\search-Search-·-Library-Ed-21f38--does-not-crash-the-UI-edge-chromium\trace.zip
    Usage:

        npx playwright show-trace search-suite\test-results\search-Search-·-Library-Ed-21f38--does-not-crash-the-UI-edge-chromium\trace.zip

    ────────────────────────────────────────────────────────────────────────────────────────────────


[1A[2K  54) [chromium] › search-suite\tests\search.spec.ts:122:7 › Search · Library › Edge: "leading/trailing spaces" does not crash the UI @edge 

    Error: [Library] search input should be present

    [2mexpect([22m[31mlocator[39m[2m).[22mtoBeVisible[2m([22m[2m)[22m failed

    Locator: locator('input[placeholder="Search..."]:visible').first().or(getByPlaceholder(/search/i).first())
    Expected: visible
    Error: strict mode violation: locator('input[placeholder="Search..."]:visible').first().or(getByPlaceholder(/search/i).first()) resolved to 2 elements:
        1) <input value="" type="text" class="form-control" placeholder="Search folders (including nested)..."/> aka getByRole('textbox', { name: 'Search folders (including' })
        2) <input value="" type="text" placeholder="Search..." id="formGroupExampleInput" class="form-control rounded-pill shadow-sm"/> aka getByRole('textbox', { name: 'Search...' })

    Call log:
    [2m  - [Library] search input should be present with timeout 20000ms[22m
    [2m  - waiting for locator('input[placeholder="Search..."]:visible').first().or(getByPlaceholder(/search/i).first())[22m


       at ..\pages\searchPage.ts:62

      60 |     await firstLoad;
      61 |     await expect(this.searchInput, `[${this.module.name}] search input should be present`)
    > 62 |       .toBeVisible({ timeout: 20_000 });
         |        ^
      63 |     return this;
      64 |   }
      65 |
        at SearchPage.open (C:\Users\User\Downloads\wilyer-playwright\search-suite\pages\searchPage.ts:62:8)
        at open (C:\Users\User\Downloads\wilyer-playwright\search-suite\tests\search.spec.ts:39:7)
        at C:\Users\User\Downloads\wilyer-playwright\search-suite\tests\search.spec.ts:123:24

    attachment #1: screenshot (image/png) ──────────────────────────────────────────────────────────
    search-suite\test-results\search-Search-·-Library-Ed-75752--does-not-crash-the-UI-edge-chromium\test-failed-1.png
    ────────────────────────────────────────────────────────────────────────────────────────────────

    Error Context: search-suite\test-results\search-Search-·-Library-Ed-75752--does-not-crash-the-UI-edge-chromium\error-context.md

    attachment #4: trace (application/zip) ─────────────────────────────────────────────────────────
    search-suite\test-results\search-Search-·-Library-Ed-75752--does-not-crash-the-UI-edge-chromium\trace.zip
    Usage:

        npx playwright show-trace search-suite\test-results\search-Search-·-Library-Ed-75752--does-not-crash-the-UI-edge-chromium\trace.zip

    ────────────────────────────────────────────────────────────────────────────────────────────────


[1A[2K  55) [chromium] › search-suite\tests\search.spec.ts:122:7 › Search · Library › Edge: "only spaces" does not crash the UI @edge 

    Error: [Library] search input should be present

    [2mexpect([22m[31mlocator[39m[2m).[22mtoBeVisible[2m([22m[2m)[22m failed

    Locator: locator('input[placeholder="Search..."]:visible').first().or(getByPlaceholder(/search/i).first())
    Expected: visible
    Error: strict mode violation: locator('input[placeholder="Search..."]:visible').first().or(getByPlaceholder(/search/i).first()) resolved to 2 elements:
        1) <input value="" type="text" class="form-control" placeholder="Search folders (including nested)..."/> aka getByRole('textbox', { name: 'Search folders (including' })
        2) <input value="" type="text" placeholder="Search..." id="formGroupExampleInput" class="form-control rounded-pill shadow-sm"/> aka getByRole('textbox', { name: 'Search...' })

    Call log:
    [2m  - [Library] search input should be present with timeout 20000ms[22m
    [2m  - waiting for locator('input[placeholder="Search..."]:visible').first().or(getByPlaceholder(/search/i).first())[22m


       at ..\pages\searchPage.ts:62

      60 |     await firstLoad;
      61 |     await expect(this.searchInput, `[${this.module.name}] search input should be present`)
    > 62 |       .toBeVisible({ timeout: 20_000 });
         |        ^
      63 |     return this;
      64 |   }
      65 |
        at SearchPage.open (C:\Users\User\Downloads\wilyer-playwright\search-suite\pages\searchPage.ts:62:8)
        at open (C:\Users\User\Downloads\wilyer-playwright\search-suite\tests\search.spec.ts:39:7)
        at C:\Users\User\Downloads\wilyer-playwright\search-suite\tests\search.spec.ts:123:24

    attachment #1: screenshot (image/png) ──────────────────────────────────────────────────────────
    search-suite\test-results\search-Search-·-Library-Ed-7ee5e--does-not-crash-the-UI-edge-chromium\test-failed-1.png
    ────────────────────────────────────────────────────────────────────────────────────────────────

    Error Context: search-suite\test-results\search-Search-·-Library-Ed-7ee5e--does-not-crash-the-UI-edge-chromium\error-context.md

    attachment #4: trace (application/zip) ─────────────────────────────────────────────────────────
    search-suite\test-results\search-Search-·-Library-Ed-7ee5e--does-not-crash-the-UI-edge-chromium\trace.zip
    Usage:

        npx playwright show-trace search-suite\test-results\search-Search-·-Library-Ed-7ee5e--does-not-crash-the-UI-edge-chromium\trace.zip

    ────────────────────────────────────────────────────────────────────────────────────────────────


[1A[2K[130/351] [chromium] › search-suite\tests\search.spec.ts:122:7 › Search · Library › Edge: "multiple inner spaces" does not crash the UI @edge
[1A[2K[131/351] [chromium] › search-suite\tests\search.spec.ts:122:7 › Search · Library › Edge: "very long (1200 chars)" does not crash the UI @edge
[1A[2K[132/351] [chromium] › search-suite\tests\search.spec.ts:122:7 › Search · Library › Edge: "special characters" does not crash the UI @edge
[1A[2K  56) [chromium] › search-suite\tests\search.spec.ts:122:7 › Search · Library › Edge: "very long (1200 chars)" does not crash the UI @edge 

    Error: [Library] search input should be present

    [2mexpect([22m[31mlocator[39m[2m).[22mtoBeVisible[2m([22m[2m)[22m failed

    Locator: locator('input[placeholder="Search..."]:visible').first().or(getByPlaceholder(/search/i).first())
    Expected: visible
    Error: strict mode violation: locator('input[placeholder="Search..."]:visible').first().or(getByPlaceholder(/search/i).first()) resolved to 2 elements:
        1) <input value="" type="text" class="form-control" placeholder="Search folders (including nested)..."/> aka getByRole('textbox', { name: 'Search folders (including' })
        2) <input value="" type="text" placeholder="Search..." id="formGroupExampleInput" class="form-control rounded-pill shadow-sm"/> aka getByRole('textbox', { name: 'Search...' })

    Call log:
    [2m  - [Library] search input should be present with timeout 20000ms[22m
    [2m  - waiting for locator('input[placeholder="Search..."]:visible').first().or(getByPlaceholder(/search/i).first())[22m


       at ..\pages\searchPage.ts:62

      60 |     await firstLoad;
      61 |     await expect(this.searchInput, `[${this.module.name}] search input should be present`)
    > 62 |       .toBeVisible({ timeout: 20_000 });
         |        ^
      63 |     return this;
      64 |   }
      65 |
        at SearchPage.open (C:\Users\User\Downloads\wilyer-playwright\search-suite\pages\searchPage.ts:62:8)
        at open (C:\Users\User\Downloads\wilyer-playwright\search-suite\tests\search.spec.ts:39:7)
        at C:\Users\User\Downloads\wilyer-playwright\search-suite\tests\search.spec.ts:123:24

    attachment #1: screenshot (image/png) ──────────────────────────────────────────────────────────
    search-suite\test-results\search-Search-·-Library-Ed-c11ca--does-not-crash-the-UI-edge-chromium\test-failed-1.png
    ────────────────────────────────────────────────────────────────────────────────────────────────

    Error Context: search-suite\test-results\search-Search-·-Library-Ed-c11ca--does-not-crash-the-UI-edge-chromium\error-context.md

    attachment #4: trace (application/zip) ─────────────────────────────────────────────────────────
    search-suite\test-results\search-Search-·-Library-Ed-c11ca--does-not-crash-the-UI-edge-chromium\trace.zip
    Usage:

        npx playwright show-trace search-suite\test-results\search-Search-·-Library-Ed-c11ca--does-not-crash-the-UI-edge-chromium\trace.zip

    ────────────────────────────────────────────────────────────────────────────────────────────────


[1A[2K  57) [chromium] › search-suite\tests\search.spec.ts:122:7 › Search · Library › Edge: "multiple inner spaces" does not crash the UI @edge 

    Error: [Library] search input should be present

    [2mexpect([22m[31mlocator[39m[2m).[22mtoBeVisible[2m([22m[2m)[22m failed

    Locator: locator('input[placeholder="Search..."]:visible').first().or(getByPlaceholder(/search/i).first())
    Expected: visible
    Error: strict mode violation: locator('input[placeholder="Search..."]:visible').first().or(getByPlaceholder(/search/i).first()) resolved to 2 elements:
        1) <input value="" type="text" class="form-control" placeholder="Search folders (including nested)..."/> aka getByRole('textbox', { name: 'Search folders (including' })
        2) <input value="" type="text" placeholder="Search..." id="formGroupExampleInput" class="form-control rounded-pill shadow-sm"/> aka getByRole('textbox', { name: 'Search...' })

    Call log:
    [2m  - [Library] search input should be present with timeout 20000ms[22m
    [2m  - waiting for locator('input[placeholder="Search..."]:visible').first().or(getByPlaceholder(/search/i).first())[22m


       at ..\pages\searchPage.ts:62

      60 |     await firstLoad;
      61 |     await expect(this.searchInput, `[${this.module.name}] search input should be present`)
    > 62 |       .toBeVisible({ timeout: 20_000 });
         |        ^
      63 |     return this;
      64 |   }
      65 |
        at SearchPage.open (C:\Users\User\Downloads\wilyer-playwright\search-suite\pages\searchPage.ts:62:8)
        at open (C:\Users\User\Downloads\wilyer-playwright\search-suite\tests\search.spec.ts:39:7)
        at C:\Users\User\Downloads\wilyer-playwright\search-suite\tests\search.spec.ts:123:24

    attachment #1: screenshot (image/png) ──────────────────────────────────────────────────────────
    search-suite\test-results\search-Search-·-Library-Ed-432d8--does-not-crash-the-UI-edge-chromium\test-failed-1.png
    ────────────────────────────────────────────────────────────────────────────────────────────────

    Error Context: search-suite\test-results\search-Search-·-Library-Ed-432d8--does-not-crash-the-UI-edge-chromium\error-context.md

    attachment #4: trace (application/zip) ─────────────────────────────────────────────────────────
    search-suite\test-results\search-Search-·-Library-Ed-432d8--does-not-crash-the-UI-edge-chromium\trace.zip
    Usage:

        npx playwright show-trace search-suite\test-results\search-Search-·-Library-Ed-432d8--does-not-crash-the-UI-edge-chromium\trace.zip

    ────────────────────────────────────────────────────────────────────────────────────────────────


[1A[2K  58) [chromium] › search-suite\tests\search.spec.ts:122:7 › Search · Library › Edge: "special characters" does not crash the UI @edge 

    Error: [Library] search input should be present

    [2mexpect([22m[31mlocator[39m[2m).[22mtoBeVisible[2m([22m[2m)[22m failed

    Locator: locator('input[placeholder="Search..."]:visible').first().or(getByPlaceholder(/search/i).first())
    Expected: visible
    Error: strict mode violation: locator('input[placeholder="Search..."]:visible').first().or(getByPlaceholder(/search/i).first()) resolved to 2 elements:
        1) <input value="" type="text" class="form-control" placeholder="Search folders (including nested)..."/> aka getByRole('textbox', { name: 'Search folders (including' })
        2) <input value="" type="text" placeholder="Search..." id="formGroupExampleInput" class="form-control rounded-pill shadow-sm"/> aka getByRole('textbox', { name: 'Search...' })

    Call log:
    [2m  - [Library] search input should be present with timeout 20000ms[22m
    [2m  - waiting for locator('input[placeholder="Search..."]:visible').first().or(getByPlaceholder(/search/i).first())[22m


       at ..\pages\searchPage.ts:62

      60 |     await firstLoad;
      61 |     await expect(this.searchInput, `[${this.module.name}] search input should be present`)
    > 62 |       .toBeVisible({ timeout: 20_000 });
         |        ^
      63 |     return this;
      64 |   }
      65 |
        at SearchPage.open (C:\Users\User\Downloads\wilyer-playwright\search-suite\pages\searchPage.ts:62:8)
        at open (C:\Users\User\Downloads\wilyer-playwright\search-suite\tests\search.spec.ts:39:7)
        at C:\Users\User\Downloads\wilyer-playwright\search-suite\tests\search.spec.ts:123:24

    attachment #1: screenshot (image/png) ──────────────────────────────────────────────────────────
    search-suite\test-results\search-Search-·-Library-Ed-09a43--does-not-crash-the-UI-edge-chromium\test-failed-1.png
    ────────────────────────────────────────────────────────────────────────────────────────────────

    Error Context: search-suite\test-results\search-Search-·-Library-Ed-09a43--does-not-crash-the-UI-edge-chromium\error-context.md

    attachment #4: trace (application/zip) ─────────────────────────────────────────────────────────
    search-suite\test-results\search-Search-·-Library-Ed-09a43--does-not-crash-the-UI-edge-chromium\trace.zip
    Usage:

        npx playwright show-trace search-suite\test-results\search-Search-·-Library-Ed-09a43--does-not-crash-the-UI-edge-chromium\trace.zip

    ────────────────────────────────────────────────────────────────────────────────────────────────


[1A[2K[133/351] [chromium] › search-suite\tests\search.spec.ts:122:7 › Search · Library › Edge: "unicode hi/zh/ja" does not crash the UI @edge
[1A[2K[134/351] [chromium] › search-suite\tests\search.spec.ts:122:7 › Search · Library › Edge: "newline and tab" does not crash the UI @edge
[1A[2K[135/351] [chromium] › search-suite\tests\search.spec.ts:122:7 › Search · Library › Edge: "emoji" does not crash the UI @edge
[1A[2K  59) [chromium] › search-suite\tests\search.spec.ts:122:7 › Search · Library › Edge: "newline and tab" does not crash the UI @edge 

    Error: [Library] search input should be present

    [2mexpect([22m[31mlocator[39m[2m).[22mtoBeVisible[2m([22m[2m)[22m failed

    Locator: locator('input[placeholder="Search..."]:visible').first().or(getByPlaceholder(/search/i).first())
    Expected: visible
    Error: strict mode violation: locator('input[placeholder="Search..."]:visible').first().or(getByPlaceholder(/search/i).first()) resolved to 2 elements:
        1) <input value="" type="text" class="form-control" placeholder="Search folders (including nested)..."/> aka getByRole('textbox', { name: 'Search folders (including' })
        2) <input value="" type="text" placeholder="Search..." id="formGroupExampleInput" class="form-control rounded-pill shadow-sm"/> aka getByRole('textbox', { name: 'Search...' })

    Call log:
    [2m  - [Library] search input should be present with timeout 20000ms[22m
    [2m  - waiting for locator('input[placeholder="Search..."]:visible').first().or(getByPlaceholder(/search/i).first())[22m


       at ..\pages\searchPage.ts:62

      60 |     await firstLoad;
      61 |     await expect(this.searchInput, `[${this.module.name}] search input should be present`)
    > 62 |       .toBeVisible({ timeout: 20_000 });
         |        ^
      63 |     return this;
      64 |   }
      65 |
        at SearchPage.open (C:\Users\User\Downloads\wilyer-playwright\search-suite\pages\searchPage.ts:62:8)
        at open (C:\Users\User\Downloads\wilyer-playwright\search-suite\tests\search.spec.ts:39:7)
        at C:\Users\User\Downloads\wilyer-playwright\search-suite\tests\search.spec.ts:123:24

    attachment #1: screenshot (image/png) ──────────────────────────────────────────────────────────
    search-suite\test-results\search-Search-·-Library-Ed-95281--does-not-crash-the-UI-edge-chromium\test-failed-1.png
    ────────────────────────────────────────────────────────────────────────────────────────────────

    Error Context: search-suite\test-results\search-Search-·-Library-Ed-95281--does-not-crash-the-UI-edge-chromium\error-context.md

    attachment #4: trace (application/zip) ─────────────────────────────────────────────────────────
    search-suite\test-results\search-Search-·-Library-Ed-95281--does-not-crash-the-UI-edge-chromium\trace.zip
    Usage:

        npx playwright show-trace search-suite\test-results\search-Search-·-Library-Ed-95281--does-not-crash-the-UI-edge-chromium\trace.zip

    ────────────────────────────────────────────────────────────────────────────────────────────────


[1A[2K  60) [chromium] › search-suite\tests\search.spec.ts:122:7 › Search · Library › Edge: "unicode hi/zh/ja" does not crash the UI @edge 

    Error: [Library] search input should be present

    [2mexpect([22m[31mlocator[39m[2m).[22mtoBeVisible[2m([22m[2m)[22m failed

    Locator: locator('input[placeholder="Search..."]:visible').first().or(getByPlaceholder(/search/i).first())
    Expected: visible
    Error: strict mode violation: locator('input[placeholder="Search..."]:visible').first().or(getByPlaceholder(/search/i).first()) resolved to 2 elements:
        1) <input value="" type="text" class="form-control" placeholder="Search folders (including nested)..."/> aka getByRole('textbox', { name: 'Search folders (including' })
        2) <input value="" type="text" placeholder="Search..." id="formGroupExampleInput" class="form-control rounded-pill shadow-sm"/> aka getByRole('textbox', { name: 'Search...' })

    Call log:
    [2m  - [Library] search input should be present with timeout 20000ms[22m
    [2m  - waiting for locator('input[placeholder="Search..."]:visible').first().or(getByPlaceholder(/search/i).first())[22m


       at ..\pages\searchPage.ts:62

      60 |     await firstLoad;
      61 |     await expect(this.searchInput, `[${this.module.name}] search input should be present`)
    > 62 |       .toBeVisible({ timeout: 20_000 });
         |        ^
      63 |     return this;
      64 |   }
      65 |
        at SearchPage.open (C:\Users\User\Downloads\wilyer-playwright\search-suite\pages\searchPage.ts:62:8)
        at open (C:\Users\User\Downloads\wilyer-playwright\search-suite\tests\search.spec.ts:39:7)
        at C:\Users\User\Downloads\wilyer-playwright\search-suite\tests\search.spec.ts:123:24

    attachment #1: screenshot (image/png) ──────────────────────────────────────────────────────────
    search-suite\test-results\search-Search-·-Library-Ed-d287b--does-not-crash-the-UI-edge-chromium\test-failed-1.png
    ────────────────────────────────────────────────────────────────────────────────────────────────

    Error Context: search-suite\test-results\search-Search-·-Library-Ed-d287b--does-not-crash-the-UI-edge-chromium\error-context.md

    attachment #4: trace (application/zip) ─────────────────────────────────────────────────────────
    search-suite\test-results\search-Search-·-Library-Ed-d287b--does-not-crash-the-UI-edge-chromium\trace.zip
    Usage:

        npx playwright show-trace search-suite\test-results\search-Search-·-Library-Ed-d287b--does-not-crash-the-UI-edge-chromium\trace.zip

    ────────────────────────────────────────────────────────────────────────────────────────────────


[1A[2K  61) [chromium] › search-suite\tests\search.spec.ts:122:7 › Search · Library › Edge: "emoji" does not crash the UI @edge 

    Error: [Library] search input should be present

    [2mexpect([22m[31mlocator[39m[2m).[22mtoBeVisible[2m([22m[2m)[22m failed

    Locator: locator('input[placeholder="Search..."]:visible').first().or(getByPlaceholder(/search/i).first())
    Expected: visible
    Error: strict mode violation: locator('input[placeholder="Search..."]:visible').first().or(getByPlaceholder(/search/i).first()) resolved to 2 elements:
        1) <input value="" type="text" class="form-control" placeholder="Search folders (including nested)..."/> aka getByRole('textbox', { name: 'Search folders (including' })
        2) <input value="" type="text" placeholder="Search..." id="formGroupExampleInput" class="form-control rounded-pill shadow-sm"/> aka getByRole('textbox', { name: 'Search...' })

    Call log:
    [2m  - [Library] search input should be present with timeout 20000ms[22m
    [2m  - waiting for locator('input[placeholder="Search..."]:visible').first().or(getByPlaceholder(/search/i).first())[22m


       at ..\pages\searchPage.ts:62

      60 |     await firstLoad;
      61 |     await expect(this.searchInput, `[${this.module.name}] search input should be present`)
    > 62 |       .toBeVisible({ timeout: 20_000 });
         |        ^
      63 |     return this;
      64 |   }
      65 |
        at SearchPage.open (C:\Users\User\Downloads\wilyer-playwright\search-suite\pages\searchPage.ts:62:8)
        at open (C:\Users\User\Downloads\wilyer-playwright\search-suite\tests\search.spec.ts:39:7)
        at C:\Users\User\Downloads\wilyer-playwright\search-suite\tests\search.spec.ts:123:24

    attachment #1: screenshot (image/png) ──────────────────────────────────────────────────────────
    search-suite\test-results\search-Search-·-Library-Ed-92b2f--does-not-crash-the-UI-edge-chromium\test-failed-1.png
    ────────────────────────────────────────────────────────────────────────────────────────────────

    Error Context: search-suite\test-results\search-Search-·-Library-Ed-92b2f--does-not-crash-the-UI-edge-chromium\error-context.md

    attachment #4: trace (application/zip) ─────────────────────────────────────────────────────────
    search-suite\test-results\search-Search-·-Library-Ed-92b2f--does-not-crash-the-UI-edge-chromium\trace.zip
    Usage:

        npx playwright show-trace search-suite\test-results\search-Search-·-Library-Ed-92b2f--does-not-crash-the-UI-edge-chromium\trace.zip

    ────────────────────────────────────────────────────────────────────────────────────────────────


[1A[2K[136/351] [chromium] › search-suite\tests\search.spec.ts:122:7 › Search · Library › Edge: "url-encoded" does not crash the UI @edge
[1A[2K[137/351] [chromium] › search-suite\tests\search.spec.ts:134:7 › Search · Library › Security: "SQLi ' OR 1=1 --" is inert (no execution) @security
[1A[2K[138/351] [chromium] › search-suite\tests\search.spec.ts:134:7 › Search · Library › Security: "SQLi admin'--" is inert (no execution) @security
[1A[2K  62) [chromium] › search-suite\tests\search.spec.ts:122:7 › Search · Library › Edge: "url-encoded" does not crash the UI @edge 

    Error: [Library] search input should be present

    [2mexpect([22m[31mlocator[39m[2m).[22mtoBeVisible[2m([22m[2m)[22m failed

    Locator: locator('input[placeholder="Search..."]:visible').first().or(getByPlaceholder(/search/i).first())
    Expected: visible
    Error: strict mode violation: locator('input[placeholder="Search..."]:visible').first().or(getByPlaceholder(/search/i).first()) resolved to 2 elements:
        1) <input value="" type="text" class="form-control" placeholder="Search folders (including nested)..."/> aka getByRole('textbox', { name: 'Search folders (including' })
        2) <input value="" type="text" placeholder="Search..." id="formGroupExampleInput" class="form-control rounded-pill shadow-sm"/> aka getByRole('textbox', { name: 'Search...' })

    Call log:
    [2m  - [Library] search input should be present with timeout 20000ms[22m
    [2m  - waiting for locator('input[placeholder="Search..."]:visible').first().or(getByPlaceholder(/search/i).first())[22m


       at ..\pages\searchPage.ts:62

      60 |     await firstLoad;
      61 |     await expect(this.searchInput, `[${this.module.name}] search input should be present`)
    > 62 |       .toBeVisible({ timeout: 20_000 });
         |        ^
      63 |     return this;
      64 |   }
      65 |
        at SearchPage.open (C:\Users\User\Downloads\wilyer-playwright\search-suite\pages\searchPage.ts:62:8)
        at open (C:\Users\User\Downloads\wilyer-playwright\search-suite\tests\search.spec.ts:39:7)
        at C:\Users\User\Downloads\wilyer-playwright\search-suite\tests\search.spec.ts:123:24

    attachment #1: screenshot (image/png) ──────────────────────────────────────────────────────────
    search-suite\test-results\search-Search-·-Library-Ed-cb0f4--does-not-crash-the-UI-edge-chromium\test-failed-1.png
    ────────────────────────────────────────────────────────────────────────────────────────────────

    Error Context: search-suite\test-results\search-Search-·-Library-Ed-cb0f4--does-not-crash-the-UI-edge-chromium\error-context.md

    attachment #4: trace (application/zip) ─────────────────────────────────────────────────────────
    search-suite\test-results\search-Search-·-Library-Ed-cb0f4--does-not-crash-the-UI-edge-chromium\trace.zip
    Usage:

        npx playwright show-trace search-suite\test-results\search-Search-·-Library-Ed-cb0f4--does-not-crash-the-UI-edge-chromium\trace.zip

    ────────────────────────────────────────────────────────────────────────────────────────────────


[1A[2K  63) [chromium] › search-suite\tests\search.spec.ts:134:7 › Search · Library › Security: "SQLi admin'--" is inert (no execution) @security 

    Error: [Library] search input should be present

    [2mexpect([22m[31mlocator[39m[2m).[22mtoBeVisible[2m([22m[2m)[22m failed

    Locator: locator('input[placeholder="Search..."]:visible').first().or(getByPlaceholder(/search/i).first())
    Expected: visible
    Error: strict mode violation: locator('input[placeholder="Search..."]:visible').first().or(getByPlaceholder(/search/i).first()) resolved to 2 elements:
        1) <input value="" type="text" class="form-control" placeholder="Search folders (including nested)..."/> aka getByRole('textbox', { name: 'Search folders (including' })
        2) <input value="" type="text" placeholder="Search..." id="formGroupExampleInput" class="form-control rounded-pill shadow-sm"/> aka getByRole('textbox', { name: 'Search...' })

    Call log:
    [2m  - [Library] search input should be present with timeout 20000ms[22m
    [2m  - waiting for locator('input[placeholder="Search..."]:visible').first().or(getByPlaceholder(/search/i).first())[22m


       at ..\pages\searchPage.ts:62

      60 |     await firstLoad;
      61 |     await expect(this.searchInput, `[${this.module.name}] search input should be present`)
    > 62 |       .toBeVisible({ timeout: 20_000 });
         |        ^
      63 |     return this;
      64 |   }
      65 |
        at SearchPage.open (C:\Users\User\Downloads\wilyer-playwright\search-suite\pages\searchPage.ts:62:8)
        at open (C:\Users\User\Downloads\wilyer-playwright\search-suite\tests\search.spec.ts:39:7)
        at C:\Users\User\Downloads\wilyer-playwright\search-suite\tests\search.spec.ts:138:24

    attachment #1: screenshot (image/png) ──────────────────────────────────────────────────────────
    search-suite\test-results\search-Search-·-Library-Se-ccb8d-inert-no-execution-security-chromium\test-failed-1.png
    ────────────────────────────────────────────────────────────────────────────────────────────────

    Error Context: search-suite\test-results\search-Search-·-Library-Se-ccb8d-inert-no-execution-security-chromium\error-context.md

    attachment #4: trace (application/zip) ─────────────────────────────────────────────────────────
    search-suite\test-results\search-Search-·-Library-Se-ccb8d-inert-no-execution-security-chromium\trace.zip
    Usage:

        npx playwright show-trace search-suite\test-results\search-Search-·-Library-Se-ccb8d-inert-no-execution-security-chromium\trace.zip

    ────────────────────────────────────────────────────────────────────────────────────────────────


[1A[2K  64) [chromium] › search-suite\tests\search.spec.ts:134:7 › Search · Library › Security: "SQLi ' OR 1=1 --" is inert (no execution) @security 

    Error: [Library] search input should be present

    [2mexpect([22m[31mlocator[39m[2m).[22mtoBeVisible[2m([22m[2m)[22m failed

    Locator: locator('input[placeholder="Search..."]:visible').first().or(getByPlaceholder(/search/i).first())
    Expected: visible
    Error: strict mode violation: locator('input[placeholder="Search..."]:visible').first().or(getByPlaceholder(/search/i).first()) resolved to 2 elements:
        1) <input value="" type="text" class="form-control" placeholder="Search folders (including nested)..."/> aka getByRole('textbox', { name: 'Search folders (including' })
        2) <input value="" type="text" placeholder="Search..." id="formGroupExampleInput" class="form-control rounded-pill shadow-sm"/> aka getByRole('textbox', { name: 'Search...' })

    Call log:
    [2m  - [Library] search input should be present with timeout 20000ms[22m
    [2m  - waiting for locator('input[placeholder="Search..."]:visible').first().or(getByPlaceholder(/search/i).first())[22m


       at ..\pages\searchPage.ts:62

      60 |     await firstLoad;
      61 |     await expect(this.searchInput, `[${this.module.name}] search input should be present`)
    > 62 |       .toBeVisible({ timeout: 20_000 });
         |        ^
      63 |     return this;
      64 |   }
      65 |
        at SearchPage.open (C:\Users\User\Downloads\wilyer-playwright\search-suite\pages\searchPage.ts:62:8)
        at open (C:\Users\User\Downloads\wilyer-playwright\search-suite\tests\search.spec.ts:39:7)
        at C:\Users\User\Downloads\wilyer-playwright\search-suite\tests\search.spec.ts:138:24

    attachment #1: screenshot (image/png) ──────────────────────────────────────────────────────────
    search-suite\test-results\search-Search-·-Library-Se-56f05-inert-no-execution-security-chromium\test-failed-1.png
    ────────────────────────────────────────────────────────────────────────────────────────────────

    Error Context: search-suite\test-results\search-Search-·-Library-Se-56f05-inert-no-execution-security-chromium\error-context.md

    attachment #4: trace (application/zip) ─────────────────────────────────────────────────────────
    search-suite\test-results\search-Search-·-Library-Se-56f05-inert-no-execution-security-chromium\trace.zip
    Usage:

        npx playwright show-trace search-suite\test-results\search-Search-·-Library-Se-56f05-inert-no-execution-security-chromium\trace.zip

    ────────────────────────────────────────────────────────────────────────────────────────────────


[1A[2K[139/351] [chromium] › search-suite\tests\search.spec.ts:134:7 › Search · Library › Security: "XSS <script>" is inert (no execution) @security
[1A[2K[140/351] [chromium] › search-suite\tests\search.spec.ts:134:7 › Search · Library › Security: "SQLi DROP TABLE" is inert (no execution) @security
[1A[2K[141/351] [chromium] › search-suite\tests\search.spec.ts:134:7 › Search · Library › Security: "XSS img onerror" is inert (no execution) @security
[1A[2K  65) [chromium] › search-suite\tests\search.spec.ts:134:7 › Search · Library › Security: "XSS img onerror" is inert (no execution) @security 

    Error: [Library] search input should be present

    [2mexpect([22m[31mlocator[39m[2m).[22mtoBeVisible[2m([22m[2m)[22m failed

    Locator: locator('input[placeholder="Search..."]:visible').first().or(getByPlaceholder(/search/i).first())
    Expected: visible
    Error: strict mode violation: locator('input[placeholder="Search..."]:visible').first().or(getByPlaceholder(/search/i).first()) resolved to 2 elements:
        1) <input value="" type="text" class="form-control" placeholder="Search folders (including nested)..."/> aka getByRole('textbox', { name: 'Search folders (including' })
        2) <input value="" type="text" placeholder="Search..." id="formGroupExampleInput" class="form-control rounded-pill shadow-sm"/> aka getByRole('textbox', { name: 'Search...' })

    Call log:
    [2m  - [Library] search input should be present with timeout 20000ms[22m
    [2m  - waiting for locator('input[placeholder="Search..."]:visible').first().or(getByPlaceholder(/search/i).first())[22m


       at ..\pages\searchPage.ts:62

      60 |     await firstLoad;
      61 |     await expect(this.searchInput, `[${this.module.name}] search input should be present`)
    > 62 |       .toBeVisible({ timeout: 20_000 });
         |        ^
      63 |     return this;
      64 |   }
      65 |
        at SearchPage.open (C:\Users\User\Downloads\wilyer-playwright\search-suite\pages\searchPage.ts:62:8)
        at open (C:\Users\User\Downloads\wilyer-playwright\search-suite\tests\search.spec.ts:39:7)
        at C:\Users\User\Downloads\wilyer-playwright\search-suite\tests\search.spec.ts:138:24

    attachment #1: screenshot (image/png) ──────────────────────────────────────────────────────────
    search-suite\test-results\search-Search-·-Library-Se-a5baa-inert-no-execution-security-chromium\test-failed-1.png
    ────────────────────────────────────────────────────────────────────────────────────────────────

    Error Context: search-suite\test-results\search-Search-·-Library-Se-a5baa-inert-no-execution-security-chromium\error-context.md

    attachment #4: trace (application/zip) ─────────────────────────────────────────────────────────
    search-suite\test-results\search-Search-·-Library-Se-a5baa-inert-no-execution-security-chromium\trace.zip
    Usage:

        npx playwright show-trace search-suite\test-results\search-Search-·-Library-Se-a5baa-inert-no-execution-security-chromium\trace.zip

    ────────────────────────────────────────────────────────────────────────────────────────────────


[1A[2K  66) [chromium] › search-suite\tests\search.spec.ts:134:7 › Search · Library › Security: "SQLi DROP TABLE" is inert (no execution) @security 

    Error: [Library] search input should be present

    [2mexpect([22m[31mlocator[39m[2m).[22mtoBeVisible[2m([22m[2m)[22m failed

    Locator: locator('input[placeholder="Search..."]:visible').first().or(getByPlaceholder(/search/i).first())
    Expected: visible
    Error: strict mode violation: locator('input[placeholder="Search..."]:visible').first().or(getByPlaceholder(/search/i).first()) resolved to 2 elements:
        1) <input value="" type="text" class="form-control" placeholder="Search folders (including nested)..."/> aka getByRole('textbox', { name: 'Search folders (including' })
        2) <input value="" type="text" placeholder="Search..." id="formGroupExampleInput" class="form-control rounded-pill shadow-sm"/> aka getByRole('textbox', { name: 'Search...' })

    Call log:
    [2m  - [Library] search input should be present with timeout 20000ms[22m
    [2m  - waiting for locator('input[placeholder="Search..."]:visible').first().or(getByPlaceholder(/search/i).first())[22m


       at ..\pages\searchPage.ts:62

      60 |     await firstLoad;
      61 |     await expect(this.searchInput, `[${this.module.name}] search input should be present`)
    > 62 |       .toBeVisible({ timeout: 20_000 });
         |        ^
      63 |     return this;
      64 |   }
      65 |
        at SearchPage.open (C:\Users\User\Downloads\wilyer-playwright\search-suite\pages\searchPage.ts:62:8)
        at open (C:\Users\User\Downloads\wilyer-playwright\search-suite\tests\search.spec.ts:39:7)
        at C:\Users\User\Downloads\wilyer-playwright\search-suite\tests\search.spec.ts:138:24

    attachment #1: screenshot (image/png) ──────────────────────────────────────────────────────────
    search-suite\test-results\search-Search-·-Library-Se-d091c-inert-no-execution-security-chromium\test-failed-1.png
    ────────────────────────────────────────────────────────────────────────────────────────────────

    Error Context: search-suite\test-results\search-Search-·-Library-Se-d091c-inert-no-execution-security-chromium\error-context.md

    attachment #4: trace (application/zip) ─────────────────────────────────────────────────────────
    search-suite\test-results\search-Search-·-Library-Se-d091c-inert-no-execution-security-chromium\trace.zip
    Usage:

        npx playwright show-trace search-suite\test-results\search-Search-·-Library-Se-d091c-inert-no-execution-security-chromium\trace.zip

    ────────────────────────────────────────────────────────────────────────────────────────────────


[1A[2K  67) [chromium] › search-suite\tests\search.spec.ts:134:7 › Search · Library › Security: "XSS <script>" is inert (no execution) @security 

    Error: [Library] search input should be present

    [2mexpect([22m[31mlocator[39m[2m).[22mtoBeVisible[2m([22m[2m)[22m failed

    Locator: locator('input[placeholder="Search..."]:visible').first().or(getByPlaceholder(/search/i).first())
    Expected: visible
    Error: strict mode violation: locator('input[placeholder="Search..."]:visible').first().or(getByPlaceholder(/search/i).first()) resolved to 2 elements:
        1) <input value="" type="text" class="form-control" placeholder="Search folders (including nested)..."/> aka getByRole('textbox', { name: 'Search folders (including' })
        2) <input value="" type="text" placeholder="Search..." id="formGroupExampleInput" class="form-control rounded-pill shadow-sm"/> aka getByRole('textbox', { name: 'Search...' })

    Call log:
    [2m  - [Library] search input should be present with timeout 20000ms[22m
    [2m  - waiting for locator('input[placeholder="Search..."]:visible').first().or(getByPlaceholder(/search/i).first())[22m


       at ..\pages\searchPage.ts:62

      60 |     await firstLoad;
      61 |     await expect(this.searchInput, `[${this.module.name}] search input should be present`)
    > 62 |       .toBeVisible({ timeout: 20_000 });
         |        ^
      63 |     return this;
      64 |   }
      65 |
        at SearchPage.open (C:\Users\User\Downloads\wilyer-playwright\search-suite\pages\searchPage.ts:62:8)
        at open (C:\Users\User\Downloads\wilyer-playwright\search-suite\tests\search.spec.ts:39:7)
        at C:\Users\User\Downloads\wilyer-playwright\search-suite\tests\search.spec.ts:138:24

    attachment #1: screenshot (image/png) ──────────────────────────────────────────────────────────
    search-suite\test-results\search-Search-·-Library-Se-34577-inert-no-execution-security-chromium\test-failed-1.png
    ────────────────────────────────────────────────────────────────────────────────────────────────

    Error Context: search-suite\test-results\search-Search-·-Library-Se-34577-inert-no-execution-security-chromium\error-context.md

    attachment #4: trace (application/zip) ─────────────────────────────────────────────────────────
    search-suite\test-results\search-Search-·-Library-Se-34577-inert-no-execution-security-chromium\trace.zip
    Usage:

        npx playwright show-trace search-suite\test-results\search-Search-·-Library-Se-34577-inert-no-execution-security-chromium\trace.zip

    ────────────────────────────────────────────────────────────────────────────────────────────────


[1A[2K[142/351] [chromium] › search-suite\tests\search.spec.ts:134:7 › Search · Library › Security: "XSS svg onload" is inert (no execution) @security
[1A[2K[143/351] [chromium] › search-suite\tests\search.spec.ts:153:7 › Search · Library › API: "500 server error" degrades gracefully (no blank) @api
[1A[2K[144/351] [chromium] › search-suite\tests\search.spec.ts:134:7 › Search · Library › Security: "HTML injection" is inert (no execution) @security
[1A[2K  68) [chromium] › search-suite\tests\search.spec.ts:153:7 › Search · Library › API: "500 server error" degrades gracefully (no blank) @api 

    Error: [Library] search input should be present

    [2mexpect([22m[31mlocator[39m[2m).[22mtoBeVisible[2m([22m[2m)[22m failed

    Locator: locator('input[placeholder="Search..."]:visible').first().or(getByPlaceholder(/search/i).first())
    Expected: visible
    Error: strict mode violation: locator('input[placeholder="Search..."]:visible').first().or(getByPlaceholder(/search/i).first()) resolved to 2 elements:
        1) <input value="" type="text" class="form-control" placeholder="Search folders (including nested)..."/> aka getByRole('textbox', { name: 'Search folders (including' })
        2) <input value="" type="text" placeholder="Search..." id="formGroupExampleInput" class="form-control rounded-pill shadow-sm"/> aka getByRole('textbox', { name: 'Search...' })

    Call log:
    [2m  - [Library] search input should be present with timeout 20000ms[22m
    [2m  - waiting for locator('input[placeholder="Search..."]:visible').first().or(getByPlaceholder(/search/i).first())[22m


       at ..\pages\searchPage.ts:62

      60 |     await firstLoad;
      61 |     await expect(this.searchInput, `[${this.module.name}] search input should be present`)
    > 62 |       .toBeVisible({ timeout: 20_000 });
         |        ^
      63 |     return this;
      64 |   }
      65 |
        at SearchPage.open (C:\Users\User\Downloads\wilyer-playwright\search-suite\pages\searchPage.ts:62:8)
        at open (C:\Users\User\Downloads\wilyer-playwright\search-suite\tests\search.spec.ts:39:7)
        at C:\Users\User\Downloads\wilyer-playwright\search-suite\tests\search.spec.ts:155:24

    attachment #1: screenshot (image/png) ──────────────────────────────────────────────────────────
    search-suite\test-results\search-Search-·-Library-AP-bb2df-des-gracefully-no-blank-api-chromium\test-failed-1.png
    ────────────────────────────────────────────────────────────────────────────────────────────────

    Error Context: search-suite\test-results\search-Search-·-Library-AP-bb2df-des-gracefully-no-blank-api-chromium\error-context.md

    attachment #4: trace (application/zip) ─────────────────────────────────────────────────────────
    search-suite\test-results\search-Search-·-Library-AP-bb2df-des-gracefully-no-blank-api-chromium\trace.zip
    Usage:

        npx playwright show-trace search-suite\test-results\search-Search-·-Library-AP-bb2df-des-gracefully-no-blank-api-chromium\trace.zip

    ────────────────────────────────────────────────────────────────────────────────────────────────


[1A[2K  69) [chromium] › search-suite\tests\search.spec.ts:134:7 › Search · Library › Security: "HTML injection" is inert (no execution) @security 

    Error: [Library] search input should be present

    [2mexpect([22m[31mlocator[39m[2m).[22mtoBeVisible[2m([22m[2m)[22m failed

    Locator: locator('input[placeholder="Search..."]:visible').first().or(getByPlaceholder(/search/i).first())
    Expected: visible
    Error: strict mode violation: locator('input[placeholder="Search..."]:visible').first().or(getByPlaceholder(/search/i).first()) resolved to 2 elements:
        1) <input value="" type="text" class="form-control" placeholder="Search folders (including nested)..."/> aka getByRole('textbox', { name: 'Search folders (including' })
        2) <input value="" type="text" placeholder="Search..." id="formGroupExampleInput" class="form-control rounded-pill shadow-sm"/> aka getByRole('textbox', { name: 'Search...' })

    Call log:
    [2m  - [Library] search input should be present with timeout 20000ms[22m
    [2m  - waiting for locator('input[placeholder="Search..."]:visible').first().or(getByPlaceholder(/search/i).first())[22m


       at ..\pages\searchPage.ts:62

      60 |     await firstLoad;
      61 |     await expect(this.searchInput, `[${this.module.name}] search input should be present`)
    > 62 |       .toBeVisible({ timeout: 20_000 });
         |        ^
      63 |     return this;
      64 |   }
      65 |
        at SearchPage.open (C:\Users\User\Downloads\wilyer-playwright\search-suite\pages\searchPage.ts:62:8)
        at open (C:\Users\User\Downloads\wilyer-playwright\search-suite\tests\search.spec.ts:39:7)
        at C:\Users\User\Downloads\wilyer-playwright\search-suite\tests\search.spec.ts:138:24

    attachment #1: screenshot (image/png) ──────────────────────────────────────────────────────────
    search-suite\test-results\search-Search-·-Library-Se-09119-inert-no-execution-security-chromium\test-failed-1.png
    ────────────────────────────────────────────────────────────────────────────────────────────────

    Error Context: search-suite\test-results\search-Search-·-Library-Se-09119-inert-no-execution-security-chromium\error-context.md

    attachment #4: trace (application/zip) ─────────────────────────────────────────────────────────
    search-suite\test-results\search-Search-·-Library-Se-09119-inert-no-execution-security-chromium\trace.zip
    Usage:

        npx playwright show-trace search-suite\test-results\search-Search-·-Library-Se-09119-inert-no-execution-security-chromium\trace.zip

    ────────────────────────────────────────────────────────────────────────────────────────────────


[1A[2K  70) [chromium] › search-suite\tests\search.spec.ts:134:7 › Search · Library › Security: "XSS svg onload" is inert (no execution) @security 

    Error: [Library] search input should be present

    [2mexpect([22m[31mlocator[39m[2m).[22mtoBeVisible[2m([22m[2m)[22m failed

    Locator: locator('input[placeholder="Search..."]:visible').first().or(getByPlaceholder(/search/i).first())
    Expected: visible
    Error: strict mode violation: locator('input[placeholder="Search..."]:visible').first().or(getByPlaceholder(/search/i).first()) resolved to 2 elements:
        1) <input value="" type="text" class="form-control" placeholder="Search folders (including nested)..."/> aka getByRole('textbox', { name: 'Search folders (including' })
        2) <input value="" type="text" placeholder="Search..." id="formGroupExampleInput" class="form-control rounded-pill shadow-sm"/> aka getByRole('textbox', { name: 'Search...' })

    Call log:
    [2m  - [Library] search input should be present with timeout 20000ms[22m
    [2m  - waiting for locator('input[placeholder="Search..."]:visible').first().or(getByPlaceholder(/search/i).first())[22m


       at ..\pages\searchPage.ts:62

      60 |     await firstLoad;
      61 |     await expect(this.searchInput, `[${this.module.name}] search input should be present`)
    > 62 |       .toBeVisible({ timeout: 20_000 });
         |        ^
      63 |     return this;
      64 |   }
      65 |
        at SearchPage.open (C:\Users\User\Downloads\wilyer-playwright\search-suite\pages\searchPage.ts:62:8)
        at open (C:\Users\User\Downloads\wilyer-playwright\search-suite\tests\search.spec.ts:39:7)
        at C:\Users\User\Downloads\wilyer-playwright\search-suite\tests\search.spec.ts:138:24

    attachment #1: screenshot (image/png) ──────────────────────────────────────────────────────────
    search-suite\test-results\search-Search-·-Library-Se-14984-inert-no-execution-security-chromium\test-failed-1.png
    ────────────────────────────────────────────────────────────────────────────────────────────────

    Error Context: search-suite\test-results\search-Search-·-Library-Se-14984-inert-no-execution-security-chromium\error-context.md

    attachment #4: trace (application/zip) ─────────────────────────────────────────────────────────
    search-suite\test-results\search-Search-·-Library-Se-14984-inert-no-execution-security-chromium\trace.zip
    Usage:

        npx playwright show-trace search-suite\test-results\search-Search-·-Library-Se-14984-inert-no-execution-security-chromium\trace.zip

    ────────────────────────────────────────────────────────────────────────────────────────────────


[1A[2K[145/351] [chromium] › search-suite\tests\search.spec.ts:153:7 › Search · Library › API: "401 unauthorized" degrades gracefully (no blank) @api
[1A[2K[146/351] [chromium] › search-suite\tests\search.spec.ts:153:7 › Search · Library › API: "404 not found" degrades gracefully (no blank) @api
[1A[2K[147/351] [chromium] › search-suite\tests\search.spec.ts:153:7 › Search · Library › API: "403 forbidden" degrades gracefully (no blank) @api
[1A[2K  71) [chromium] › search-suite\tests\search.spec.ts:153:7 › Search · Library › API: "401 unauthorized" degrades gracefully (no blank) @api 

    Error: [Library] search input should be present

    [2mexpect([22m[31mlocator[39m[2m).[22mtoBeVisible[2m([22m[2m)[22m failed

    Locator: locator('input[placeholder="Search..."]:visible').first().or(getByPlaceholder(/search/i).first())
    Expected: visible
    Error: strict mode violation: locator('input[placeholder="Search..."]:visible').first().or(getByPlaceholder(/search/i).first()) resolved to 2 elements:
        1) <input value="" type="text" class="form-control" placeholder="Search folders (including nested)..."/> aka getByRole('textbox', { name: 'Search folders (including' })
        2) <input value="" type="text" placeholder="Search..." id="formGroupExampleInput" class="form-control rounded-pill shadow-sm"/> aka getByRole('textbox', { name: 'Search...' })

    Call log:
    [2m  - [Library] search input should be present with timeout 20000ms[22m
    [2m  - waiting for locator('input[placeholder="Search..."]:visible').first().or(getByPlaceholder(/search/i).first())[22m


       at ..\pages\searchPage.ts:62

      60 |     await firstLoad;
      61 |     await expect(this.searchInput, `[${this.module.name}] search input should be present`)
    > 62 |       .toBeVisible({ timeout: 20_000 });
         |        ^
      63 |     return this;
      64 |   }
      65 |
        at SearchPage.open (C:\Users\User\Downloads\wilyer-playwright\search-suite\pages\searchPage.ts:62:8)
        at open (C:\Users\User\Downloads\wilyer-playwright\search-suite\tests\search.spec.ts:39:7)
        at C:\Users\User\Downloads\wilyer-playwright\search-suite\tests\search.spec.ts:155:24

    attachment #1: screenshot (image/png) ──────────────────────────────────────────────────────────
    search-suite\test-results\search-Search-·-Library-AP-8f606-des-gracefully-no-blank-api-chromium\test-failed-1.png
    ────────────────────────────────────────────────────────────────────────────────────────────────

    Error Context: search-suite\test-results\search-Search-·-Library-AP-8f606-des-gracefully-no-blank-api-chromium\error-context.md

    attachment #4: trace (application/zip) ─────────────────────────────────────────────────────────
    search-suite\test-results\search-Search-·-Library-AP-8f606-des-gracefully-no-blank-api-chromium\trace.zip
    Usage:

        npx playwright show-trace search-suite\test-results\search-Search-·-Library-AP-8f606-des-gracefully-no-blank-api-chromium\trace.zip

    ────────────────────────────────────────────────────────────────────────────────────────────────


[1A[2K  72) [chromium] › search-suite\tests\search.spec.ts:153:7 › Search · Library › API: "404 not found" degrades gracefully (no blank) @api 

    Error: [Library] search input should be present

    [2mexpect([22m[31mlocator[39m[2m).[22mtoBeVisible[2m([22m[2m)[22m failed

    Locator: locator('input[placeholder="Search..."]:visible').first().or(getByPlaceholder(/search/i).first())
    Expected: visible
    Error: strict mode violation: locator('input[placeholder="Search..."]:visible').first().or(getByPlaceholder(/search/i).first()) resolved to 2 elements:
        1) <input value="" type="text" class="form-control" placeholder="Search folders (including nested)..."/> aka getByRole('textbox', { name: 'Search folders (including' })
        2) <input value="" type="text" placeholder="Search..." id="formGroupExampleInput" class="form-control rounded-pill shadow-sm"/> aka getByRole('textbox', { name: 'Search...' })

    Call log:
    [2m  - [Library] search input should be present with timeout 20000ms[22m
    [2m  - waiting for locator('input[placeholder="Search..."]:visible').first().or(getByPlaceholder(/search/i).first())[22m


       at ..\pages\searchPage.ts:62

      60 |     await firstLoad;
      61 |     await expect(this.searchInput, `[${this.module.name}] search input should be present`)
    > 62 |       .toBeVisible({ timeout: 20_000 });
         |        ^
      63 |     return this;
      64 |   }
      65 |
        at SearchPage.open (C:\Users\User\Downloads\wilyer-playwright\search-suite\pages\searchPage.ts:62:8)
        at open (C:\Users\User\Downloads\wilyer-playwright\search-suite\tests\search.spec.ts:39:7)
        at C:\Users\User\Downloads\wilyer-playwright\search-suite\tests\search.spec.ts:155:24

    attachment #1: screenshot (image/png) ──────────────────────────────────────────────────────────
    search-suite\test-results\search-Search-·-Library-AP-c39d7-des-gracefully-no-blank-api-chromium\test-failed-1.png
    ────────────────────────────────────────────────────────────────────────────────────────────────

    Error Context: search-suite\test-results\search-Search-·-Library-AP-c39d7-des-gracefully-no-blank-api-chromium\error-context.md

    attachment #4: trace (application/zip) ─────────────────────────────────────────────────────────
    search-suite\test-results\search-Search-·-Library-AP-c39d7-des-gracefully-no-blank-api-chromium\trace.zip
    Usage:

        npx playwright show-trace search-suite\test-results\search-Search-·-Library-AP-c39d7-des-gracefully-no-blank-api-chromium\trace.zip

    ────────────────────────────────────────────────────────────────────────────────────────────────


[1A[2K  73) [chromium] › search-suite\tests\search.spec.ts:153:7 › Search · Library › API: "403 forbidden" degrades gracefully (no blank) @api 

    Error: [Library] search input should be present

    [2mexpect([22m[31mlocator[39m[2m).[22mtoBeVisible[2m([22m[2m)[22m failed

    Locator: locator('input[placeholder="Search..."]:visible').first().or(getByPlaceholder(/search/i).first())
    Expected: visible
    Error: strict mode violation: locator('input[placeholder="Search..."]:visible').first().or(getByPlaceholder(/search/i).first()) resolved to 2 elements:
        1) <input value="" type="text" class="form-control" placeholder="Search folders (including nested)..."/> aka getByRole('textbox', { name: 'Search folders (including' })
        2) <input value="" type="text" placeholder="Search..." id="formGroupExampleInput" class="form-control rounded-pill shadow-sm"/> aka getByRole('textbox', { name: 'Search...' })

    Call log:
    [2m  - [Library] search input should be present with timeout 20000ms[22m
    [2m  - waiting for locator('input[placeholder="Search..."]:visible').first().or(getByPlaceholder(/search/i).first())[22m


       at ..\pages\searchPage.ts:62

      60 |     await firstLoad;
      61 |     await expect(this.searchInput, `[${this.module.name}] search input should be present`)
    > 62 |       .toBeVisible({ timeout: 20_000 });
         |        ^
      63 |     return this;
      64 |   }
      65 |
        at SearchPage.open (C:\Users\User\Downloads\wilyer-playwright\search-suite\pages\searchPage.ts:62:8)
        at open (C:\Users\User\Downloads\wilyer-playwright\search-suite\tests\search.spec.ts:39:7)
        at C:\Users\User\Downloads\wilyer-playwright\search-suite\tests\search.spec.ts:155:24

    attachment #1: screenshot (image/png) ──────────────────────────────────────────────────────────
    search-suite\test-results\search-Search-·-Library-AP-7041a-des-gracefully-no-blank-api-chromium\test-failed-1.png
    ────────────────────────────────────────────────────────────────────────────────────────────────

    Error Context: search-suite\test-results\search-Search-·-Library-AP-7041a-des-gracefully-no-blank-api-chromium\error-context.md

    attachment #4: trace (application/zip) ─────────────────────────────────────────────────────────
    search-suite\test-results\search-Search-·-Library-AP-7041a-des-gracefully-no-blank-api-chromium\trace.zip
    Usage:

        npx playwright show-trace search-suite\test-results\search-Search-·-Library-AP-7041a-des-gracefully-no-blank-api-chromium\trace.zip

    ────────────────────────────────────────────────────────────────────────────────────────────────


[1A[2K[148/351] [chromium] › search-suite\tests\search.spec.ts:153:7 › Search · Library › API: "malformed JSON" degrades gracefully (no blank) @api
[1A[2K[149/351] [chromium] › search-suite\tests\search.spec.ts:153:7 › Search · Library › API: "empty array" degrades gracefully (no blank) @api
[1A[2K[150/351] [chromium] › search-suite\tests\search.spec.ts:153:7 › Search · Library › API: "backend unavailable" degrades gracefully (no blank) @api
[1A[2K  74) [chromium] › search-suite\tests\search.spec.ts:153:7 › Search · Library › API: "backend unavailable" degrades gracefully (no blank) @api 

    Error: [Library] search input should be present

    [2mexpect([22m[31mlocator[39m[2m).[22mtoBeVisible[2m([22m[2m)[22m failed

    Locator: locator('input[placeholder="Search..."]:visible').first().or(getByPlaceholder(/search/i).first())
    Expected: visible
    Error: strict mode violation: locator('input[placeholder="Search..."]:visible').first().or(getByPlaceholder(/search/i).first()) resolved to 2 elements:
        1) <input value="" type="text" class="form-control" placeholder="Search folders (including nested)..."/> aka getByRole('textbox', { name: 'Search folders (including' })
        2) <input value="" type="text" placeholder="Search..." id="formGroupExampleInput" class="form-control rounded-pill shadow-sm"/> aka getByRole('textbox', { name: 'Search...' })

    Call log:
    [2m  - [Library] search input should be present with timeout 20000ms[22m
    [2m  - waiting for locator('input[placeholder="Search..."]:visible').first().or(getByPlaceholder(/search/i).first())[22m


       at ..\pages\searchPage.ts:62

      60 |     await firstLoad;
      61 |     await expect(this.searchInput, `[${this.module.name}] search input should be present`)
    > 62 |       .toBeVisible({ timeout: 20_000 });
         |        ^
      63 |     return this;
      64 |   }
      65 |
        at SearchPage.open (C:\Users\User\Downloads\wilyer-playwright\search-suite\pages\searchPage.ts:62:8)
        at open (C:\Users\User\Downloads\wilyer-playwright\search-suite\tests\search.spec.ts:39:7)
        at C:\Users\User\Downloads\wilyer-playwright\search-suite\tests\search.spec.ts:155:24

    attachment #1: screenshot (image/png) ──────────────────────────────────────────────────────────
    search-suite\test-results\search-Search-·-Library-AP-14cc7-des-gracefully-no-blank-api-chromium\test-failed-1.png
    ────────────────────────────────────────────────────────────────────────────────────────────────

    Error Context: search-suite\test-results\search-Search-·-Library-AP-14cc7-des-gracefully-no-blank-api-chromium\error-context.md

    attachment #4: trace (application/zip) ─────────────────────────────────────────────────────────
    search-suite\test-results\search-Search-·-Library-AP-14cc7-des-gracefully-no-blank-api-chromium\trace.zip
    Usage:

        npx playwright show-trace search-suite\test-results\search-Search-·-Library-AP-14cc7-des-gracefully-no-blank-api-chromium\trace.zip

    ────────────────────────────────────────────────────────────────────────────────────────────────


[1A[2K  75) [chromium] › search-suite\tests\search.spec.ts:153:7 › Search · Library › API: "empty array" degrades gracefully (no blank) @api 

    Error: [Library] search input should be present

    [2mexpect([22m[31mlocator[39m[2m).[22mtoBeVisible[2m([22m[2m)[22m failed

    Locator: locator('input[placeholder="Search..."]:visible').first().or(getByPlaceholder(/search/i).first())
    Expected: visible
    Error: strict mode violation: locator('input[placeholder="Search..."]:visible').first().or(getByPlaceholder(/search/i).first()) resolved to 2 elements:
        1) <input value="" type="text" class="form-control" placeholder="Search folders (including nested)..."/> aka getByRole('textbox', { name: 'Search folders (including' })
        2) <input value="" type="text" placeholder="Search..." id="formGroupExampleInput" class="form-control rounded-pill shadow-sm"/> aka getByRole('textbox', { name: 'Search...' })

    Call log:
    [2m  - [Library] search input should be present with timeout 20000ms[22m
    [2m  - waiting for locator('input[placeholder="Search..."]:visible').first().or(getByPlaceholder(/search/i).first())[22m


       at ..\pages\searchPage.ts:62

      60 |     await firstLoad;
      61 |     await expect(this.searchInput, `[${this.module.name}] search input should be present`)
    > 62 |       .toBeVisible({ timeout: 20_000 });
         |        ^
      63 |     return this;
      64 |   }
      65 |
        at SearchPage.open (C:\Users\User\Downloads\wilyer-playwright\search-suite\pages\searchPage.ts:62:8)
        at open (C:\Users\User\Downloads\wilyer-playwright\search-suite\tests\search.spec.ts:39:7)
        at C:\Users\User\Downloads\wilyer-playwright\search-suite\tests\search.spec.ts:155:24

    attachment #1: screenshot (image/png) ──────────────────────────────────────────────────────────
    search-suite\test-results\search-Search-·-Library-AP-10905-des-gracefully-no-blank-api-chromium\test-failed-1.png
    ────────────────────────────────────────────────────────────────────────────────────────────────

    Error Context: search-suite\test-results\search-Search-·-Library-AP-10905-des-gracefully-no-blank-api-chromium\error-context.md

    attachment #4: trace (application/zip) ─────────────────────────────────────────────────────────
    search-suite\test-results\search-Search-·-Library-AP-10905-des-gracefully-no-blank-api-chromium\trace.zip
    Usage:

        npx playwright show-trace search-suite\test-results\search-Search-·-Library-AP-10905-des-gracefully-no-blank-api-chromium\trace.zip

    ────────────────────────────────────────────────────────────────────────────────────────────────


[1A[2K  76) [chromium] › search-suite\tests\search.spec.ts:153:7 › Search · Library › API: "malformed JSON" degrades gracefully (no blank) @api 

    Error: [Library] search input should be present

    [2mexpect([22m[31mlocator[39m[2m).[22mtoBeVisible[2m([22m[2m)[22m failed

    Locator: locator('input[placeholder="Search..."]:visible').first().or(getByPlaceholder(/search/i).first())
    Expected: visible
    Error: strict mode violation: locator('input[placeholder="Search..."]:visible').first().or(getByPlaceholder(/search/i).first()) resolved to 2 elements:
        1) <input value="" type="text" class="form-control" placeholder="Search folders (including nested)..."/> aka getByRole('textbox', { name: 'Search folders (including' })
        2) <input value="" type="text" placeholder="Search..." id="formGroupExampleInput" class="form-control rounded-pill shadow-sm"/> aka getByRole('textbox', { name: 'Search...' })

    Call log:
    [2m  - [Library] search input should be present with timeout 20000ms[22m
    [2m  - waiting for locator('input[placeholder="Search..."]:visible').first().or(getByPlaceholder(/search/i).first())[22m


       at ..\pages\searchPage.ts:62

      60 |     await firstLoad;
      61 |     await expect(this.searchInput, `[${this.module.name}] search input should be present`)
    > 62 |       .toBeVisible({ timeout: 20_000 });
         |        ^
      63 |     return this;
      64 |   }
      65 |
        at SearchPage.open (C:\Users\User\Downloads\wilyer-playwright\search-suite\pages\searchPage.ts:62:8)
        at open (C:\Users\User\Downloads\wilyer-playwright\search-suite\tests\search.spec.ts:39:7)
        at C:\Users\User\Downloads\wilyer-playwright\search-suite\tests\search.spec.ts:155:24

    attachment #1: screenshot (image/png) ──────────────────────────────────────────────────────────
    search-suite\test-results\search-Search-·-Library-AP-aef1e-des-gracefully-no-blank-api-chromium\test-failed-1.png
    ────────────────────────────────────────────────────────────────────────────────────────────────

    Error Context: search-suite\test-results\search-Search-·-Library-AP-aef1e-des-gracefully-no-blank-api-chromium\error-context.md

    attachment #4: trace (application/zip) ─────────────────────────────────────────────────────────
    search-suite\test-results\search-Search-·-Library-AP-aef1e-des-gracefully-no-blank-api-chromium\trace.zip
    Usage:

        npx playwright show-trace search-suite\test-results\search-Search-·-Library-AP-aef1e-des-gracefully-no-blank-api-chromium\trace.zip

    ────────────────────────────────────────────────────────────────────────────────────────────────


[1A[2K[151/351] [chromium] › search-suite\tests\search.spec.ts:153:7 › Search · Library › API: "timeout (no response)" degrades gracefully (no blank) @api
[1A[2K[152/351] [chromium] › search-suite\tests\search.spec.ts:174:5 › Search · Library › API: offline during search keeps the UI stable @api
[1A[2K[153/351] [chromium] › search-suite\tests\search.spec.ts:184:5 › Search · Library › API: successful search is fast and debounced (≤ threshold calls) @api
[1A[2K  77) [chromium] › search-suite\tests\search.spec.ts:153:7 › Search · Library › API: "timeout (no response)" degrades gracefully (no blank) @api 

    Error: [Library] search input should be present

    [2mexpect([22m[31mlocator[39m[2m).[22mtoBeVisible[2m([22m[2m)[22m failed

    Locator: locator('input[placeholder="Search..."]:visible').first().or(getByPlaceholder(/search/i).first())
    Expected: visible
    Error: strict mode violation: locator('input[placeholder="Search..."]:visible').first().or(getByPlaceholder(/search/i).first()) resolved to 2 elements:
        1) <input value="" type="text" class="form-control" placeholder="Search folders (including nested)..."/> aka getByRole('textbox', { name: 'Search folders (including' })
        2) <input value="" type="text" placeholder="Search..." id="formGroupExampleInput" class="form-control rounded-pill shadow-sm"/> aka getByRole('textbox', { name: 'Search...' })

    Call log:
    [2m  - [Library] search input should be present with timeout 20000ms[22m
    [2m  - waiting for locator('input[placeholder="Search..."]:visible').first().or(getByPlaceholder(/search/i).first())[22m


       at ..\pages\searchPage.ts:62

      60 |     await firstLoad;
      61 |     await expect(this.searchInput, `[${this.module.name}] search input should be present`)
    > 62 |       .toBeVisible({ timeout: 20_000 });
         |        ^
      63 |     return this;
      64 |   }
      65 |
        at SearchPage.open (C:\Users\User\Downloads\wilyer-playwright\search-suite\pages\searchPage.ts:62:8)
        at open (C:\Users\User\Downloads\wilyer-playwright\search-suite\tests\search.spec.ts:39:7)
        at C:\Users\User\Downloads\wilyer-playwright\search-suite\tests\search.spec.ts:155:24

    attachment #1: screenshot (image/png) ──────────────────────────────────────────────────────────
    search-suite\test-results\search-Search-·-Library-AP-3eaee-des-gracefully-no-blank-api-chromium\test-failed-1.png
    ────────────────────────────────────────────────────────────────────────────────────────────────

    Error Context: search-suite\test-results\search-Search-·-Library-AP-3eaee-des-gracefully-no-blank-api-chromium\error-context.md

    attachment #4: trace (application/zip) ─────────────────────────────────────────────────────────
    search-suite\test-results\search-Search-·-Library-AP-3eaee-des-gracefully-no-blank-api-chromium\trace.zip
    Usage:

        npx playwright show-trace search-suite\test-results\search-Search-·-Library-AP-3eaee-des-gracefully-no-blank-api-chromium\trace.zip

    ────────────────────────────────────────────────────────────────────────────────────────────────


[1A[2K  78) [chromium] › search-suite\tests\search.spec.ts:174:5 › Search · Library › API: offline during search keeps the UI stable @api 

    Error: [Library] search input should be present

    [2mexpect([22m[31mlocator[39m[2m).[22mtoBeVisible[2m([22m[2m)[22m failed

    Locator: locator('input[placeholder="Search..."]:visible').first().or(getByPlaceholder(/search/i).first())
    Expected: visible
    Error: strict mode violation: locator('input[placeholder="Search..."]:visible').first().or(getByPlaceholder(/search/i).first()) resolved to 2 elements:
        1) <input value="" type="text" class="form-control" placeholder="Search folders (including nested)..."/> aka getByRole('textbox', { name: 'Search folders (including' })
        2) <input value="" type="text" placeholder="Search..." id="formGroupExampleInput" class="form-control rounded-pill shadow-sm"/> aka getByRole('textbox', { name: 'Search...' })

    Call log:
    [2m  - [Library] search input should be present with timeout 20000ms[22m
    [2m  - waiting for locator('input[placeholder="Search..."]:visible').first().or(getByPlaceholder(/search/i).first())[22m


       at ..\pages\searchPage.ts:62

      60 |     await firstLoad;
      61 |     await expect(this.searchInput, `[${this.module.name}] search input should be present`)
    > 62 |       .toBeVisible({ timeout: 20_000 });
         |        ^
      63 |     return this;
      64 |   }
      65 |
        at SearchPage.open (C:\Users\User\Downloads\wilyer-playwright\search-suite\pages\searchPage.ts:62:8)
        at open (C:\Users\User\Downloads\wilyer-playwright\search-suite\tests\search.spec.ts:39:7)
        at C:\Users\User\Downloads\wilyer-playwright\search-suite\tests\search.spec.ts:176:22

    attachment #1: screenshot (image/png) ──────────────────────────────────────────────────────────
    search-suite\test-results\search-Search-·-Library-AP-dc1be-rch-keeps-the-UI-stable-api-chromium\test-failed-1.png
    ────────────────────────────────────────────────────────────────────────────────────────────────

    Error Context: search-suite\test-results\search-Search-·-Library-AP-dc1be-rch-keeps-the-UI-stable-api-chromium\error-context.md

    attachment #4: trace (application/zip) ─────────────────────────────────────────────────────────
    search-suite\test-results\search-Search-·-Library-AP-dc1be-rch-keeps-the-UI-stable-api-chromium\trace.zip
    Usage:

        npx playwright show-trace search-suite\test-results\search-Search-·-Library-AP-dc1be-rch-keeps-the-UI-stable-api-chromium\trace.zip

    ────────────────────────────────────────────────────────────────────────────────────────────────


[1A[2K  79) [chromium] › search-suite\tests\search.spec.ts:184:5 › Search · Library › API: successful search is fast and debounced (≤ threshold calls) @api 

    Error: [Library] search input should be present

    [2mexpect([22m[31mlocator[39m[2m).[22mtoBeVisible[2m([22m[2m)[22m failed

    Locator: locator('input[placeholder="Search..."]:visible').first().or(getByPlaceholder(/search/i).first())
    Expected: visible
    Error: strict mode violation: locator('input[placeholder="Search..."]:visible').first().or(getByPlaceholder(/search/i).first()) resolved to 2 elements:
        1) <input value="" type="text" class="form-control" placeholder="Search folders (including nested)..."/> aka getByRole('textbox', { name: 'Search folders (including' })
        2) <input value="" type="text" placeholder="Search..." id="formGroupExampleInput" class="form-control rounded-pill shadow-sm"/> aka getByRole('textbox', { name: 'Search...' })

    Call log:
    [2m  - [Library] search input should be present with timeout 20000ms[22m
    [2m  - waiting for locator('input[placeholder="Search..."]:visible').first().or(getByPlaceholder(/search/i).first())[22m


       at ..\pages\searchPage.ts:62

      60 |     await firstLoad;
      61 |     await expect(this.searchInput, `[${this.module.name}] search input should be present`)
    > 62 |       .toBeVisible({ timeout: 20_000 });
         |        ^
      63 |     return this;
      64 |   }
      65 |
        at SearchPage.open (C:\Users\User\Downloads\wilyer-playwright\search-suite\pages\searchPage.ts:62:8)
        at open (C:\Users\User\Downloads\wilyer-playwright\search-suite\tests\search.spec.ts:39:7)
        at C:\Users\User\Downloads\wilyer-playwright\search-suite\tests\search.spec.ts:185:22

    attachment #1: screenshot (image/png) ──────────────────────────────────────────────────────────
    search-suite\test-results\search-Search-·-Library-AP-86ec7-unced-≤-threshold-calls-api-chromium\test-failed-1.png
    ────────────────────────────────────────────────────────────────────────────────────────────────

    Error Context: search-suite\test-results\search-Search-·-Library-AP-86ec7-unced-≤-threshold-calls-api-chromium\error-context.md

    attachment #4: trace (application/zip) ─────────────────────────────────────────────────────────
    search-suite\test-results\search-Search-·-Library-AP-86ec7-unced-≤-threshold-calls-api-chromium\trace.zip
    Usage:

        npx playwright show-trace search-suite\test-results\search-Search-·-Library-AP-86ec7-unced-≤-threshold-calls-api-chromium\trace.zip

    ────────────────────────────────────────────────────────────────────────────────────────────────


[1A[2K[154/351] [chromium] › search-suite\tests\search.spec.ts:212:5 › Search · Library › Combined: search + pagination stays healthy @combined
[1A[2K[155/351] [chromium] › search-suite\tests\search.spec.ts:225:5 › Search · Library › Combined: search + browser back/forward recovers cleanly @combined
[1A[2K[156/351] [chromium] › search-suite\tests\search.spec.ts:235:5 › Search · Library › Perf: consecutive searches stay within the average threshold @perf
[1A[2K[157/351] [chromium] › search-suite\tests\search.spec.ts:44:5 › Search · Playlists › UI: search input is visible, enabled and has a placeholder @ui
[1A[2K  80) [chromium] › search-suite\tests\search.spec.ts:212:5 › Search · Library › Combined: search + pagination stays healthy @combined 

    Error: [Library] search input should be present

    [2mexpect([22m[31mlocator[39m[2m).[22mtoBeVisible[2m([22m[2m)[22m failed

    Locator: locator('input[placeholder="Search..."]:visible').first().or(getByPlaceholder(/search/i).first())
    Expected: visible
    Error: strict mode violation: locator('input[placeholder="Search..."]:visible').first().or(getByPlaceholder(/search/i).first()) resolved to 2 elements:
        1) <input value="" type="text" class="form-control" placeholder="Search folders (including nested)..."/> aka getByRole('textbox', { name: 'Search folders (including' })
        2) <input value="" type="text" placeholder="Search..." id="formGroupExampleInput" class="form-control rounded-pill shadow-sm"/> aka getByRole('textbox', { name: 'Search...' })

    Call log:
    [2m  - [Library] search input should be present with timeout 20000ms[22m
    [2m  - waiting for locator('input[placeholder="Search..."]:visible').first().or(getByPlaceholder(/search/i).first())[22m


       at ..\pages\searchPage.ts:62

      60 |     await firstLoad;
      61 |     await expect(this.searchInput, `[${this.module.name}] search input should be present`)
    > 62 |       .toBeVisible({ timeout: 20_000 });
         |        ^
      63 |     return this;
      64 |   }
      65 |
        at SearchPage.open (C:\Users\User\Downloads\wilyer-playwright\search-suite\pages\searchPage.ts:62:8)
        at open (C:\Users\User\Downloads\wilyer-playwright\search-suite\tests\search.spec.ts:39:7)
        at C:\Users\User\Downloads\wilyer-playwright\search-suite\tests\search.spec.ts:213:22

    attachment #1: screenshot (image/png) ──────────────────────────────────────────────────────────
    search-suite\test-results\search-Search-·-Library-Co-9076d-tion-stays-healthy-combined-chromium\test-failed-1.png
    ────────────────────────────────────────────────────────────────────────────────────────────────

    Error Context: search-suite\test-results\search-Search-·-Library-Co-9076d-tion-stays-healthy-combined-chromium\error-context.md

    attachment #4: trace (application/zip) ─────────────────────────────────────────────────────────
    search-suite\test-results\search-Search-·-Library-Co-9076d-tion-stays-healthy-combined-chromium\trace.zip
    Usage:

        npx playwright show-trace search-suite\test-results\search-Search-·-Library-Co-9076d-tion-stays-healthy-combined-chromium\trace.zip

    ────────────────────────────────────────────────────────────────────────────────────────────────


[1A[2K  81) [chromium] › search-suite\tests\search.spec.ts:44:5 › Search · Playlists › UI: search input is visible, enabled and has a placeholder @ui 

    Error: unexpected console/network errors:
    console: Failed to load resource: the server responded with a status of 429 ()
    console: Failed to load resource: the server responded with a status of 429 ()
    console: Failed to load resource: the server responded with a status of 429 ()

    [2mexpect([22m[31mreceived[39m[2m).[22mtoEqual[2m([22m[32mexpected[39m[2m) // deep equality[22m

    [32m- Expected  - 1[39m
    [31m+ Received  + 5[39m

    [32m- Array [][39m
    [31m+ Array [[39m
    [31m+   "console: Failed to load resource: the server responded with a status of 429 ()",[39m
    [31m+   "console: Failed to load resource: the server responded with a status of 429 ()",[39m
    [31m+   "console: Failed to load resource: the server responded with a status of 429 ()",[39m
    [31m+ ][39m

       at ..\fixtures\searchFixtures.ts:44

      42 |       ];
      43 |       if (ENV.STRICT_CONSOLE) {
    > 44 |         expect(problems, `unexpected console/network errors:\n${problems.join('\n')}`).toEqual([]);
         |                                                                                        ^
      45 |       } else if (problems.length) {
      46 |         console.warn(`[monitor] ${testInfo.title} — ${problems.length} non-fatal issue(s):\n${problems.join('\n')}`);
      47 |       }
        at Object.base.extend.monitor.auto (C:\Users\User\Downloads\wilyer-playwright\search-suite\fixtures\searchFixtures.ts:44:88)

    attachment #2: screenshot (image/png) ──────────────────────────────────────────────────────────
    search-suite\test-results\search-Search-·-Playlists--7ad28-ed-and-has-a-placeholder-ui-chromium\test-failed-1.png
    ────────────────────────────────────────────────────────────────────────────────────────────────

    Error Context: search-suite\test-results\search-Search-·-Playlists--7ad28-ed-and-has-a-placeholder-ui-chromium\error-context.md

    attachment #4: trace (application/zip) ─────────────────────────────────────────────────────────
    search-suite\test-results\search-Search-·-Playlists--7ad28-ed-and-has-a-placeholder-ui-chromium\trace.zip
    Usage:

        npx playwright show-trace search-suite\test-results\search-Search-·-Playlists--7ad28-ed-and-has-a-placeholder-ui-chromium\trace.zip

    ────────────────────────────────────────────────────────────────────────────────────────────────


[1A[2K  82) [chromium] › search-suite\tests\search.spec.ts:225:5 › Search · Library › Combined: search + browser back/forward recovers cleanly @combined 

    Error: [Library] search input should be present

    [2mexpect([22m[31mlocator[39m[2m).[22mtoBeVisible[2m([22m[2m)[22m failed

    Locator: locator('input[placeholder="Search..."]:visible').first().or(getByPlaceholder(/search/i).first())
    Expected: visible
    Error: strict mode violation: locator('input[placeholder="Search..."]:visible').first().or(getByPlaceholder(/search/i).first()) resolved to 2 elements:
        1) <input value="" type="text" class="form-control" placeholder="Search folders (including nested)..."/> aka getByRole('textbox', { name: 'Search folders (including' })
        2) <input value="" type="text" placeholder="Search..." id="formGroupExampleInput" class="form-control rounded-pill shadow-sm"/> aka getByRole('textbox', { name: 'Search...' })

    Call log:
    [2m  - [Library] search input should be present with timeout 20000ms[22m
    [2m  - waiting for locator('input[placeholder="Search..."]:visible').first().or(getByPlaceholder(/search/i).first())[22m


       at ..\pages\searchPage.ts:62

      60 |     await firstLoad;
      61 |     await expect(this.searchInput, `[${this.module.name}] search input should be present`)
    > 62 |       .toBeVisible({ timeout: 20_000 });
         |        ^
      63 |     return this;
      64 |   }
      65 |
        at SearchPage.open (C:\Users\User\Downloads\wilyer-playwright\search-suite\pages\searchPage.ts:62:8)
        at open (C:\Users\User\Downloads\wilyer-playwright\search-suite\tests\search.spec.ts:39:7)
        at C:\Users\User\Downloads\wilyer-playwright\search-suite\tests\search.spec.ts:226:22

    attachment #1: screenshot (image/png) ──────────────────────────────────────────────────────────
    search-suite\test-results\search-Search-·-Library-Co-fa547-d-recovers-cleanly-combined-chromium\test-failed-1.png
    ────────────────────────────────────────────────────────────────────────────────────────────────

    Error Context: search-suite\test-results\search-Search-·-Library-Co-fa547-d-recovers-cleanly-combined-chromium\error-context.md

    attachment #4: trace (application/zip) ─────────────────────────────────────────────────────────
    search-suite\test-results\search-Search-·-Library-Co-fa547-d-recovers-cleanly-combined-chromium\trace.zip
    Usage:

        npx playwright show-trace search-suite\test-results\search-Search-·-Library-Co-fa547-d-recovers-cleanly-combined-chromium\trace.zip

    ────────────────────────────────────────────────────────────────────────────────────────────────


[1A[2K[158/351] [chromium] › search-suite\tests\search.spec.ts:52:5 › Search · Playlists › UI: invalid search shows a no-records state, not a blank page @ui
[1A[2K[159/351] [chromium] › search-suite\tests\search.spec.ts:59:5 › Search · Playlists › Functional: exact + partial match return relevant rows @functional
[1A[2K[160/351] [chromium] › search-suite\tests\search.spec.ts:73:5 › Search · Playlists › Functional: search is case-insensitive @functional
[1A[2K  83) [chromium] › search-suite\tests\search.spec.ts:52:5 › Search · Playlists › UI: invalid search shows a no-records state, not a blank page @ui 

    Error: unexpected console/network errors:
    console: Failed to load resource: the server responded with a status of 429 ()
    console: Failed to load resource: the server responded with a status of 429 ()
    console: Failed to load resource: the server responded with a status of 429 ()

    [2mexpect([22m[31mreceived[39m[2m).[22mtoEqual[2m([22m[32mexpected[39m[2m) // deep equality[22m

    [32m- Expected  - 1[39m
    [31m+ Received  + 5[39m

    [32m- Array [][39m
    [31m+ Array [[39m
    [31m+   "console: Failed to load resource: the server responded with a status of 429 ()",[39m
    [31m+   "console: Failed to load resource: the server responded with a status of 429 ()",[39m
    [31m+   "console: Failed to load resource: the server responded with a status of 429 ()",[39m
    [31m+ ][39m

       at ..\fixtures\searchFixtures.ts:44

      42 |       ];
      43 |       if (ENV.STRICT_CONSOLE) {
    > 44 |         expect(problems, `unexpected console/network errors:\n${problems.join('\n')}`).toEqual([]);
         |                                                                                        ^
      45 |       } else if (problems.length) {
      46 |         console.warn(`[monitor] ${testInfo.title} — ${problems.length} non-fatal issue(s):\n${problems.join('\n')}`);
      47 |       }
        at Object.base.extend.monitor.auto (C:\Users\User\Downloads\wilyer-playwright\search-suite\fixtures\searchFixtures.ts:44:88)

    attachment #2: screenshot (image/png) ──────────────────────────────────────────────────────────
    search-suite\test-results\search-Search-·-Playlists--ee3f4-s-state-not-a-blank-page-ui-chromium\test-failed-1.png
    ────────────────────────────────────────────────────────────────────────────────────────────────

    Error Context: search-suite\test-results\search-Search-·-Playlists--ee3f4-s-state-not-a-blank-page-ui-chromium\error-context.md

    attachment #4: trace (application/zip) ─────────────────────────────────────────────────────────
    search-suite\test-results\search-Search-·-Playlists--ee3f4-s-state-not-a-blank-page-ui-chromium\trace.zip
    Usage:

        npx playwright show-trace search-suite\test-results\search-Search-·-Playlists--ee3f4-s-state-not-a-blank-page-ui-chromium\trace.zip

    ────────────────────────────────────────────────────────────────────────────────────────────────


[1A[2K  84) [chromium] › search-suite\tests\search.spec.ts:73:5 › Search · Playlists › Functional: search is case-insensitive @functional 

    Error: unexpected console/network errors:
    console: Failed to load resource: the server responded with a status of 429 ()
    console: Failed to load resource: the server responded with a status of 429 ()
    console: Failed to load resource: the server responded with a status of 429 ()

    [2mexpect([22m[31mreceived[39m[2m).[22mtoEqual[2m([22m[32mexpected[39m[2m) // deep equality[22m

    [32m- Expected  - 1[39m
    [31m+ Received  + 5[39m

    [32m- Array [][39m
    [31m+ Array [[39m
    [31m+   "console: Failed to load resource: the server responded with a status of 429 ()",[39m
    [31m+   "console: Failed to load resource: the server responded with a status of 429 ()",[39m
    [31m+   "console: Failed to load resource: the server responded with a status of 429 ()",[39m
    [31m+ ][39m

       at ..\fixtures\searchFixtures.ts:44

      42 |       ];
      43 |       if (ENV.STRICT_CONSOLE) {
    > 44 |         expect(problems, `unexpected console/network errors:\n${problems.join('\n')}`).toEqual([]);
         |                                                                                        ^
      45 |       } else if (problems.length) {
      46 |         console.warn(`[monitor] ${testInfo.title} — ${problems.length} non-fatal issue(s):\n${problems.join('\n')}`);
      47 |       }
        at Object.base.extend.monitor.auto (C:\Users\User\Downloads\wilyer-playwright\search-suite\fixtures\searchFixtures.ts:44:88)

    attachment #2: screenshot (image/png) ──────────────────────────────────────────────────────────
    search-suite\test-results\search-Search-·-Playlists--4cd39-case-insensitive-functional-chromium\test-failed-1.png
    ────────────────────────────────────────────────────────────────────────────────────────────────

    Error Context: search-suite\test-results\search-Search-·-Playlists--4cd39-case-insensitive-functional-chromium\error-context.md

    attachment #4: trace (application/zip) ─────────────────────────────────────────────────────────
    search-suite\test-results\search-Search-·-Playlists--4cd39-case-insensitive-functional-chromium\trace.zip
    Usage:

        npx playwright show-trace search-suite\test-results\search-Search-·-Playlists--4cd39-case-insensitive-functional-chromium\trace.zip

    ────────────────────────────────────────────────────────────────────────────────────────────────


[1A[2K[161/351] [chromium] › search-suite\tests\search.spec.ts:86:5 › Search · Playlists › Functional: Enter triggers a search request @functional
[1A[2K  85) [chromium] › search-suite\tests\search.spec.ts:59:5 › Search · Playlists › Functional: exact + partial match return relevant rows @functional 

    Error: unexpected console/network errors:
    console: Failed to load resource: the server responded with a status of 429 ()
    console: Failed to load resource: the server responded with a status of 429 ()
    console: Failed to load resource: the server responded with a status of 429 ()
    console: Failed to load resource: the server responded with a status of 429 ()

    [2mexpect([22m[31mreceived[39m[2m).[22mtoEqual[2m([22m[32mexpected[39m[2m) // deep equality[22m

    [32m- Expected  - 1[39m
    [31m+ Received  + 6[39m

    [32m- Array [][39m
    [31m+ Array [[39m
    [31m+   "console: Failed to load resource: the server responded with a status of 429 ()",[39m
    [31m+   "console: Failed to load resource: the server responded with a status of 429 ()",[39m
    [31m+   "console: Failed to load resource: the server responded with a status of 429 ()",[39m
    [31m+   "console: Failed to load resource: the server responded with a status of 429 ()",[39m
    [31m+ ][39m

       at ..\fixtures\searchFixtures.ts:44

      42 |       ];
      43 |       if (ENV.STRICT_CONSOLE) {
    > 44 |         expect(problems, `unexpected console/network errors:\n${problems.join('\n')}`).toEqual([]);
         |                                                                                        ^
      45 |       } else if (problems.length) {
      46 |         console.warn(`[monitor] ${testInfo.title} — ${problems.length} non-fatal issue(s):\n${problems.join('\n')}`);
      47 |       }
        at Object.base.extend.monitor.auto (C:\Users\User\Downloads\wilyer-playwright\search-suite\fixtures\searchFixtures.ts:44:88)

    attachment #2: screenshot (image/png) ──────────────────────────────────────────────────────────
    search-suite\test-results\search-Search-·-Playlists--9aeed-rn-relevant-rows-functional-chromium\test-failed-1.png
    ────────────────────────────────────────────────────────────────────────────────────────────────

    Error Context: search-suite\test-results\search-Search-·-Playlists--9aeed-rn-relevant-rows-functional-chromium\error-context.md

    attachment #4: trace (application/zip) ─────────────────────────────────────────────────────────
    search-suite\test-results\search-Search-·-Playlists--9aeed-rn-relevant-rows-functional-chromium\trace.zip
    Usage:

        npx playwright show-trace search-suite\test-results\search-Search-·-Playlists--9aeed-rn-relevant-rows-functional-chromium\trace.zip

    ────────────────────────────────────────────────────────────────────────────────────────────────


[1A[2K[162/351] [chromium] › search-suite\tests\search.spec.ts:93:5 › Search · Playlists › Functional: clearing the search restores the full list @functional
[1A[2K[163/351] [chromium] › search-suite\tests\search.spec.ts:104:5 › Search · Playlists › Functional: search state is sane after a page refresh @functional
[1A[2K  86) [chromium] › search-suite\tests\search.spec.ts:86:5 › Search · Playlists › Functional: Enter triggers a search request @functional 

    Error: unexpected console/network errors:
    console: Failed to load resource: the server responded with a status of 429 ()
    console: Failed to load resource: the server responded with a status of 429 ()
    console: Failed to load resource: the server responded with a status of 429 ()

    [2mexpect([22m[31mreceived[39m[2m).[22mtoEqual[2m([22m[32mexpected[39m[2m) // deep equality[22m

    [32m- Expected  - 1[39m
    [31m+ Received  + 5[39m

    [32m- Array [][39m
    [31m+ Array [[39m
    [31m+   "console: Failed to load resource: the server responded with a status of 429 ()",[39m
    [31m+   "console: Failed to load resource: the server responded with a status of 429 ()",[39m
    [31m+   "console: Failed to load resource: the server responded with a status of 429 ()",[39m
    [31m+ ][39m

       at ..\fixtures\searchFixtures.ts:44

      42 |       ];
      43 |       if (ENV.STRICT_CONSOLE) {
    > 44 |         expect(problems, `unexpected console/network errors:\n${problems.join('\n')}`).toEqual([]);
         |                                                                                        ^
      45 |       } else if (problems.length) {
      46 |         console.warn(`[monitor] ${testInfo.title} — ${problems.length} non-fatal issue(s):\n${problems.join('\n')}`);
      47 |       }
        at Object.base.extend.monitor.auto (C:\Users\User\Downloads\wilyer-playwright\search-suite\fixtures\searchFixtures.ts:44:88)

    attachment #2: screenshot (image/png) ──────────────────────────────────────────────────────────
    search-suite\test-results\search-Search-·-Playlists--005b2-a-search-request-functional-chromium\test-failed-1.png
    ────────────────────────────────────────────────────────────────────────────────────────────────

    Error Context: search-suite\test-results\search-Search-·-Playlists--005b2-a-search-request-functional-chromium\error-context.md

    attachment #4: trace (application/zip) ─────────────────────────────────────────────────────────
    search-suite\test-results\search-Search-·-Playlists--005b2-a-search-request-functional-chromium\trace.zip
    Usage:

        npx playwright show-trace search-suite\test-results\search-Search-·-Playlists--005b2-a-search-request-functional-chromium\trace.zip

    ────────────────────────────────────────────────────────────────────────────────────────────────


[1A[2K  87) [chromium] › search-suite\tests\search.spec.ts:104:5 › Search · Playlists › Functional: search state is sane after a page refresh @functional 

    Error: unexpected console/network errors:
    console: Failed to load resource: the server responded with a status of 429 ()
    console: Failed to load resource: the server responded with a status of 429 ()
    console: Failed to load resource: the server responded with a status of 429 ()

    [2mexpect([22m[31mreceived[39m[2m).[22mtoEqual[2m([22m[32mexpected[39m[2m) // deep equality[22m

    [32m- Expected  - 1[39m
    [31m+ Received  + 5[39m

    [32m- Array [][39m
    [31m+ Array [[39m
    [31m+   "console: Failed to load resource: the server responded with a status of 429 ()",[39m
    [31m+   "console: Failed to load resource: the server responded with a status of 429 ()",[39m
    [31m+   "console: Failed to load resource: the server responded with a status of 429 ()",[39m
    [31m+ ][39m

       at ..\fixtures\searchFixtures.ts:44

      42 |       ];
      43 |       if (ENV.STRICT_CONSOLE) {
    > 44 |         expect(problems, `unexpected console/network errors:\n${problems.join('\n')}`).toEqual([]);
         |                                                                                        ^
      45 |       } else if (problems.length) {
      46 |         console.warn(`[monitor] ${testInfo.title} — ${problems.length} non-fatal issue(s):\n${problems.join('\n')}`);
      47 |       }
        at Object.base.extend.monitor.auto (C:\Users\User\Downloads\wilyer-playwright\search-suite\fixtures\searchFixtures.ts:44:88)

    attachment #2: screenshot (image/png) ──────────────────────────────────────────────────────────
    search-suite\test-results\search-Search-·-Playlists--0067f-r-a-page-refresh-functional-chromium\test-failed-1.png
    ────────────────────────────────────────────────────────────────────────────────────────────────

    Error Context: search-suite\test-results\search-Search-·-Playlists--0067f-r-a-page-refresh-functional-chromium\error-context.md

    attachment #4: trace (application/zip) ─────────────────────────────────────────────────────────
    search-suite\test-results\search-Search-·-Playlists--0067f-r-a-page-refresh-functional-chromium\trace.zip
    Usage:

        npx playwright show-trace search-suite\test-results\search-Search-·-Playlists--0067f-r-a-page-refresh-functional-chromium\trace.zip

    ────────────────────────────────────────────────────────────────────────────────────────────────


[1A[2K[164/351] [chromium] › search-suite\tests\search.spec.ts:112:5 › Search · Playlists › Functional: multiple consecutive searches stay healthy @functional
[1A[2K  88) [chromium] › search-suite\tests\search.spec.ts:93:5 › Search · Playlists › Functional: clearing the search restores the full list @functional 

    Error: unexpected console/network errors:
    console: Failed to load resource: the server responded with a status of 429 ()
    console: Failed to load resource: the server responded with a status of 429 ()
    console: Failed to load resource: the server responded with a status of 429 ()
    console: Failed to load resource: the server responded with a status of 429 ()
    console: Failed to load resource: the server responded with a status of 429 ()
    console: Failed to load resource: the server responded with a status of 429 ()

    [2mexpect([22m[31mreceived[39m[2m).[22mtoEqual[2m([22m[32mexpected[39m[2m) // deep equality[22m

    [32m- Expected  - 1[39m
    [31m+ Received  + 8[39m

    [32m- Array [][39m
    [31m+ Array [[39m
    [31m+   "console: Failed to load resource: the server responded with a status of 429 ()",[39m
    [31m+   "console: Failed to load resource: the server responded with a status of 429 ()",[39m
    [31m+   "console: Failed to load resource: the server responded with a status of 429 ()",[39m
    [31m+   "console: Failed to load resource: the server responded with a status of 429 ()",[39m
    [31m+   "console: Failed to load resource: the server responded with a status of 429 ()",[39m
    [31m+   "console: Failed to load resource: the server responded with a status of 429 ()",[39m
    [31m+ ][39m

       at ..\fixtures\searchFixtures.ts:44

      42 |       ];
      43 |       if (ENV.STRICT_CONSOLE) {
    > 44 |         expect(problems, `unexpected console/network errors:\n${problems.join('\n')}`).toEqual([]);
         |                                                                                        ^
      45 |       } else if (problems.length) {
      46 |         console.warn(`[monitor] ${testInfo.title} — ${problems.length} non-fatal issue(s):\n${problems.join('\n')}`);
      47 |       }
        at Object.base.extend.monitor.auto (C:\Users\User\Downloads\wilyer-playwright\search-suite\fixtures\searchFixtures.ts:44:88)

    attachment #2: screenshot (image/png) ──────────────────────────────────────────────────────────
    search-suite\test-results\search-Search-·-Playlists--ffee2-es-the-full-list-functional-chromium\test-failed-1.png
    ────────────────────────────────────────────────────────────────────────────────────────────────

    Error Context: search-suite\test-results\search-Search-·-Playlists--ffee2-es-the-full-list-functional-chromium\error-context.md

    attachment #4: trace (application/zip) ─────────────────────────────────────────────────────────
    search-suite\test-results\search-Search-·-Playlists--ffee2-es-the-full-list-functional-chromium\trace.zip
    Usage:

        npx playwright show-trace search-suite\test-results\search-Search-·-Playlists--ffee2-es-the-full-list-functional-chromium\trace.zip

    ────────────────────────────────────────────────────────────────────────────────────────────────


[1A[2K[165/351] [chromium] › search-suite\tests\search.spec.ts:122:7 › Search · Playlists › Edge: "empty" does not crash the UI @edge
[1A[2K[166/351] [chromium] › search-suite\tests\search.spec.ts:122:7 › Search · Playlists › Edge: "single character" does not crash the UI @edge
[1A[2K  89) [chromium] › search-suite\tests\search.spec.ts:122:7 › Search · Playlists › Edge: "single character" does not crash the UI @edge 

    Error: unexpected console/network errors:
    console: Failed to load resource: the server responded with a status of 429 ()
    console: Failed to load resource: the server responded with a status of 429 ()
    console: Failed to load resource: the server responded with a status of 429 ()
    console: Failed to load resource: the server responded with a status of 429 ()
    console: Failed to load resource: the server responded with a status of 429 ()

    [2mexpect([22m[31mreceived[39m[2m).[22mtoEqual[2m([22m[32mexpected[39m[2m) // deep equality[22m

    [32m- Expected  - 1[39m
    [31m+ Received  + 7[39m

    [32m- Array [][39m
    [31m+ Array [[39m
    [31m+   "console: Failed to load resource: the server responded with a status of 429 ()",[39m
    [31m+   "console: Failed to load resource: the server responded with a status of 429 ()",[39m
    [31m+   "console: Failed to load resource: the server responded with a status of 429 ()",[39m
    [31m+   "console: Failed to load resource: the server responded with a status of 429 ()",[39m
    [31m+   "console: Failed to load resource: the server responded with a status of 429 ()",[39m
    [31m+ ][39m

       at ..\fixtures\searchFixtures.ts:44

      42 |       ];
      43 |       if (ENV.STRICT_CONSOLE) {
    > 44 |         expect(problems, `unexpected console/network errors:\n${problems.join('\n')}`).toEqual([]);
         |                                                                                        ^
      45 |       } else if (problems.length) {
      46 |         console.warn(`[monitor] ${testInfo.title} — ${problems.length} non-fatal issue(s):\n${problems.join('\n')}`);
      47 |       }
        at Object.base.extend.monitor.auto (C:\Users\User\Downloads\wilyer-playwright\search-suite\fixtures\searchFixtures.ts:44:88)

    attachment #2: screenshot (image/png) ──────────────────────────────────────────────────────────
    search-suite\test-results\search-Search-·-Playlists--49afc--does-not-crash-the-UI-edge-chromium\test-failed-1.png
    ────────────────────────────────────────────────────────────────────────────────────────────────

    Error Context: search-suite\test-results\search-Search-·-Playlists--49afc--does-not-crash-the-UI-edge-chromium\error-context.md

    attachment #4: trace (application/zip) ─────────────────────────────────────────────────────────
    search-suite\test-results\search-Search-·-Playlists--49afc--does-not-crash-the-UI-edge-chromium\trace.zip
    Usage:

        npx playwright show-trace search-suite\test-results\search-Search-·-Playlists--49afc--does-not-crash-the-UI-edge-chromium\trace.zip

    ────────────────────────────────────────────────────────────────────────────────────────────────


[1A[2K  90) [chromium] › search-suite\tests\search.spec.ts:112:5 › Search · Playlists › Functional: multiple consecutive searches stay healthy @functional 

    Error: unexpected console/network errors:
    console: Failed to load resource: the server responded with a status of 429 ()
    console: Failed to load resource: the server responded with a status of 429 ()
    console: Failed to load resource: the server responded with a status of 429 ()
    console: Failed to load resource: the server responded with a status of 429 ()
    console: Failed to load resource: the server responded with a status of 429 ()

    [2mexpect([22m[31mreceived[39m[2m).[22mtoEqual[2m([22m[32mexpected[39m[2m) // deep equality[22m

    [32m- Expected  - 1[39m
    [31m+ Received  + 7[39m

    [32m- Array [][39m
    [31m+ Array [[39m
    [31m+   "console: Failed to load resource: the server responded with a status of 429 ()",[39m
    [31m+   "console: Failed to load resource: the server responded with a status of 429 ()",[39m
    [31m+   "console: Failed to load resource: the server responded with a status of 429 ()",[39m
    [31m+   "console: Failed to load resource: the server responded with a status of 429 ()",[39m
    [31m+   "console: Failed to load resource: the server responded with a status of 429 ()",[39m
    [31m+ ][39m

       at ..\fixtures\searchFixtures.ts:44

      42 |       ];
      43 |       if (ENV.STRICT_CONSOLE) {
    > 44 |         expect(problems, `unexpected console/network errors:\n${problems.join('\n')}`).toEqual([]);
         |                                                                                        ^
      45 |       } else if (problems.length) {
      46 |         console.warn(`[monitor] ${testInfo.title} — ${problems.length} non-fatal issue(s):\n${problems.join('\n')}`);
      47 |       }
        at Object.base.extend.monitor.auto (C:\Users\User\Downloads\wilyer-playwright\search-suite\fixtures\searchFixtures.ts:44:88)

    attachment #2: screenshot (image/png) ──────────────────────────────────────────────────────────
    search-suite\test-results\search-Search-·-Playlists--ff80d-hes-stay-healthy-functional-chromium\test-failed-1.png
    ────────────────────────────────────────────────────────────────────────────────────────────────

    Error Context: search-suite\test-results\search-Search-·-Playlists--ff80d-hes-stay-healthy-functional-chromium\error-context.md

    attachment #4: trace (application/zip) ─────────────────────────────────────────────────────────
    search-suite\test-results\search-Search-·-Playlists--ff80d-hes-stay-healthy-functional-chromium\trace.zip
    Usage:

        npx playwright show-trace search-suite\test-results\search-Search-·-Playlists--ff80d-hes-stay-healthy-functional-chromium\trace.zip

    ────────────────────────────────────────────────────────────────────────────────────────────────


[1A[2K[167/351] [chromium] › search-suite\tests\search.spec.ts:122:7 › Search · Playlists › Edge: "only spaces" does not crash the UI @edge
[1A[2K[168/351] [chromium] › search-suite\tests\search.spec.ts:122:7 › Search · Playlists › Edge: "leading/trailing spaces" does not crash the UI @edge
[1A[2K  91) [chromium] › search-suite\tests\search.spec.ts:122:7 › Search · Playlists › Edge: "empty" does not crash the UI @edge 

    Error: unexpected console/network errors:
    console: Failed to load resource: the server responded with a status of 429 ()
    console: Failed to load resource: the server responded with a status of 429 ()
    console: Failed to load resource: the server responded with a status of 429 ()

    [2mexpect([22m[31mreceived[39m[2m).[22mtoEqual[2m([22m[32mexpected[39m[2m) // deep equality[22m

    [32m- Expected  - 1[39m
    [31m+ Received  + 5[39m

    [32m- Array [][39m
    [31m+ Array [[39m
    [31m+   "console: Failed to load resource: the server responded with a status of 429 ()",[39m
    [31m+   "console: Failed to load resource: the server responded with a status of 429 ()",[39m
    [31m+   "console: Failed to load resource: the server responded with a status of 429 ()",[39m
    [31m+ ][39m

       at ..\fixtures\searchFixtures.ts:44

      42 |       ];
      43 |       if (ENV.STRICT_CONSOLE) {
    > 44 |         expect(problems, `unexpected console/network errors:\n${problems.join('\n')}`).toEqual([]);
         |                                                                                        ^
      45 |       } else if (problems.length) {
      46 |         console.warn(`[monitor] ${testInfo.title} — ${problems.length} non-fatal issue(s):\n${problems.join('\n')}`);
      47 |       }
        at Object.base.extend.monitor.auto (C:\Users\User\Downloads\wilyer-playwright\search-suite\fixtures\searchFixtures.ts:44:88)

    attachment #2: screenshot (image/png) ──────────────────────────────────────────────────────────
    search-suite\test-results\search-Search-·-Playlists--6eb9f--does-not-crash-the-UI-edge-chromium\test-failed-1.png
    ────────────────────────────────────────────────────────────────────────────────────────────────

    Error Context: search-suite\test-results\search-Search-·-Playlists--6eb9f--does-not-crash-the-UI-edge-chromium\error-context.md

    attachment #4: trace (application/zip) ─────────────────────────────────────────────────────────
    search-suite\test-results\search-Search-·-Playlists--6eb9f--does-not-crash-the-UI-edge-chromium\trace.zip
    Usage:

        npx playwright show-trace search-suite\test-results\search-Search-·-Playlists--6eb9f--does-not-crash-the-UI-edge-chromium\trace.zip

    ────────────────────────────────────────────────────────────────────────────────────────────────


[1A[2K  92) [chromium] › search-suite\tests\search.spec.ts:122:7 › Search · Playlists › Edge: "leading/trailing spaces" does not crash the UI @edge 

    Error: unexpected console/network errors:
    console: Failed to load resource: the server responded with a status of 429 ()
    console: Failed to load resource: the server responded with a status of 429 ()
    console: Failed to load resource: the server responded with a status of 429 ()
    console: Failed to load resource: the server responded with a status of 429 ()
    console: Failed to load resource: the server responded with a status of 429 ()
    console: Failed to load resource: the server responded with a status of 429 ()
    console: Failed to load resource: the server responded with a status of 429 ()
    console: Failed to load resource: the server responded with a status of 429 ()
    console: Failed to load resource: the server responded with a status of 429 ()
    console: Failed to load resource: the server responded with a status of 429 ()

    [2mexpect([22m[31mreceived[39m[2m).[22mtoEqual[2m([22m[32mexpected[39m[2m) // deep equality[22m

    [32m- Expected  -  1[39m
    [31m+ Received  + 12[39m

    [32m- Array [][39m
    [31m+ Array [[39m
    [31m+   "console: Failed to load resource: the server responded with a status of 429 ()",[39m
    [31m+   "console: Failed to load resource: the server responded with a status of 429 ()",[39m
    [31m+   "console: Failed to load resource: the server responded with a status of 429 ()",[39m
    [31m+   "console: Failed to load resource: the server responded with a status of 429 ()",[39m
    [31m+   "console: Failed to load resource: the server responded with a status of 429 ()",[39m
    [31m+   "console: Failed to load resource: the server responded with a status of 429 ()",[39m
    [31m+   "console: Failed to load resource: the server responded with a status of 429 ()",[39m
    [31m+   "console: Failed to load resource: the server responded with a status of 429 ()",[39m
    [31m+   "console: Failed to load resource: the server responded with a status of 429 ()",[39m
    [31m+   "console: Failed to load resource: the server responded with a status of 429 ()",[39m
    [31m+ ][39m

       at ..\fixtures\searchFixtures.ts:44

      42 |       ];
      43 |       if (ENV.STRICT_CONSOLE) {
    > 44 |         expect(problems, `unexpected console/network errors:\n${problems.join('\n')}`).toEqual([]);
         |                                                                                        ^
      45 |       } else if (problems.length) {
      46 |         console.warn(`[monitor] ${testInfo.title} — ${problems.length} non-fatal issue(s):\n${problems.join('\n')}`);
      47 |       }
        at Object.base.extend.monitor.auto (C:\Users\User\Downloads\wilyer-playwright\search-suite\fixtures\searchFixtures.ts:44:88)

    attachment #2: screenshot (image/png) ──────────────────────────────────────────────────────────
    search-suite\test-results\search-Search-·-Playlists--6024d--does-not-crash-the-UI-edge-chromium\test-failed-1.png
    ────────────────────────────────────────────────────────────────────────────────────────────────

    Error Context: search-suite\test-results\search-Search-·-Playlists--6024d--does-not-crash-the-UI-edge-chromium\error-context.md

    attachment #4: trace (application/zip) ─────────────────────────────────────────────────────────
    search-suite\test-results\search-Search-·-Playlists--6024d--does-not-crash-the-UI-edge-chromium\trace.zip
    Usage:

        npx playwright show-trace search-suite\test-results\search-Search-·-Playlists--6024d--does-not-crash-the-UI-edge-chromium\trace.zip

    ────────────────────────────────────────────────────────────────────────────────────────────────


[1A[2K[169/351] [chromium] › search-suite\tests\search.spec.ts:122:7 › Search · Playlists › Edge: "multiple inner spaces" does not crash the UI @edge
[1A[2K[170/351] [chromium] › search-suite\tests\search.spec.ts:122:7 › Search · Playlists › Edge: "very long (1200 chars)" does not crash the UI @edge
[1A[2K  93) [chromium] › search-suite\tests\search.spec.ts:122:7 › Search · Playlists › Edge: "multiple inner spaces" does not crash the UI @edge 

    Error: unexpected console/network errors:
    console: Failed to load resource: the server responded with a status of 429 ()
    console: Failed to load resource: the server responded with a status of 429 ()
    console: Failed to load resource: the server responded with a status of 429 ()
    console: Failed to load resource: the server responded with a status of 429 ()
    console: Failed to load resource: the server responded with a status of 429 ()
    console: Failed to load resource: the server responded with a status of 429 ()
    console: Failed to load resource: the server responded with a status of 429 ()
    console: Failed to load resource: the server responded with a status of 429 ()
    console: Failed to load resource: the server responded with a status of 429 ()
    console: Failed to load resource: the server responded with a status of 429 ()
    console: Failed to load resource: the server responded with a status of 429 ()

    [2mexpect([22m[31mreceived[39m[2m).[22mtoEqual[2m([22m[32mexpected[39m[2m) // deep equality[22m

    [32m- Expected  -  1[39m
    [31m+ Received  + 13[39m

    [32m- Array [][39m
    [31m+ Array [[39m
    [31m+   "console: Failed to load resource: the server responded with a status of 429 ()",[39m
    [31m+   "console: Failed to load resource: the server responded with a status of 429 ()",[39m
    [31m+   "console: Failed to load resource: the server responded with a status of 429 ()",[39m
    [31m+   "console: Failed to load resource: the server responded with a status of 429 ()",[39m
    [31m+   "console: Failed to load resource: the server responded with a status of 429 ()",[39m
    [31m+   "console: Failed to load resource: the server responded with a status of 429 ()",[39m
    [31m+   "console: Failed to load resource: the server responded with a status of 429 ()",[39m
    [31m+   "console: Failed to load resource: the server responded with a status of 429 ()",[39m
    [31m+   "console: Failed to load resource: the server responded with a status of 429 ()",[39m
    [31m+   "console: Failed to load resource: the server responded with a status of 429 ()",[39m
    [31m+   "console: Failed to load resource: the server responded with a status of 429 ()",[39m
    [31m+ ][39m

       at ..\fixtures\searchFixtures.ts:44

      42 |       ];
      43 |       if (ENV.STRICT_CONSOLE) {
    > 44 |         expect(problems, `unexpected console/network errors:\n${problems.join('\n')}`).toEqual([]);
         |                                                                                        ^
      45 |       } else if (problems.length) {
      46 |         console.warn(`[monitor] ${testInfo.title} — ${problems.length} non-fatal issue(s):\n${problems.join('\n')}`);
      47 |       }
        at Object.base.extend.monitor.auto (C:\Users\User\Downloads\wilyer-playwright\search-suite\fixtures\searchFixtures.ts:44:88)

    attachment #2: screenshot (image/png) ──────────────────────────────────────────────────────────
    search-suite\test-results\search-Search-·-Playlists--6327c--does-not-crash-the-UI-edge-chromium\test-failed-1.png
    ────────────────────────────────────────────────────────────────────────────────────────────────

    Error Context: search-suite\test-results\search-Search-·-Playlists--6327c--does-not-crash-the-UI-edge-chromium\error-context.md

    attachment #4: trace (application/zip) ─────────────────────────────────────────────────────────
    search-suite\test-results\search-Search-·-Playlists--6327c--does-not-crash-the-UI-edge-chromium\trace.zip
    Usage:

        npx playwright show-trace search-suite\test-results\search-Search-·-Playlists--6327c--does-not-crash-the-UI-edge-chromium\trace.zip

    ────────────────────────────────────────────────────────────────────────────────────────────────


[1A[2K[171/351] [chromium] › search-suite\tests\search.spec.ts:122:7 › Search · Playlists › Edge: "special characters" does not crash the UI @edge
[1A[2K  94) [chromium] › search-suite\tests\search.spec.ts:122:7 › Search · Playlists › Edge: "only spaces" does not crash the UI @edge 

    Error: unexpected console/network errors:
    console: Failed to load resource: the server responded with a status of 429 ()
    console: Failed to load resource: the server responded with a status of 429 ()
    console: Failed to load resource: the server responded with a status of 429 ()
    console: Failed to load resource: the server responded with a status of 429 ()
    console: Failed to load resource: the server responded with a status of 429 ()
    console: Failed to load resource: the server responded with a status of 429 ()
    console: Failed to load resource: the server responded with a status of 429 ()
    console: Failed to load resource: the server responded with a status of 429 ()
    console: Failed to load resource: the server responded with a status of 429 ()

    [2mexpect([22m[31mreceived[39m[2m).[22mtoEqual[2m([22m[32mexpected[39m[2m) // deep equality[22m

    [32m- Expected  -  1[39m
    [31m+ Received  + 11[39m

    [32m- Array [][39m
    [31m+ Array [[39m
    [31m+   "console: Failed to load resource: the server responded with a status of 429 ()",[39m
    [31m+   "console: Failed to load resource: the server responded with a status of 429 ()",[39m
    [31m+   "console: Failed to load resource: the server responded with a status of 429 ()",[39m
    [31m+   "console: Failed to load resource: the server responded with a status of 429 ()",[39m
    [31m+   "console: Failed to load resource: the server responded with a status of 429 ()",[39m
    [31m+   "console: Failed to load resource: the server responded with a status of 429 ()",[39m
    [31m+   "console: Failed to load resource: the server responded with a status of 429 ()",[39m
    [31m+   "console: Failed to load resource: the server responded with a status of 429 ()",[39m
    [31m+   "console: Failed to load resource: the server responded with a status of 429 ()",[39m
    [31m+ ][39m

       at ..\fixtures\searchFixtures.ts:44

      42 |       ];
      43 |       if (ENV.STRICT_CONSOLE) {
    > 44 |         expect(problems, `unexpected console/network errors:\n${problems.join('\n')}`).toEqual([]);
         |                                                                                        ^
      45 |       } else if (problems.length) {
      46 |         console.warn(`[monitor] ${testInfo.title} — ${problems.length} non-fatal issue(s):\n${problems.join('\n')}`);
      47 |       }
        at Object.base.extend.monitor.auto (C:\Users\User\Downloads\wilyer-playwright\search-suite\fixtures\searchFixtures.ts:44:88)

    attachment #2: screenshot (image/png) ──────────────────────────────────────────────────────────
    search-suite\test-results\search-Search-·-Playlists--6d689--does-not-crash-the-UI-edge-chromium\test-failed-1.png
    ────────────────────────────────────────────────────────────────────────────────────────────────

    Error Context: search-suite\test-results\search-Search-·-Playlists--6d689--does-not-crash-the-UI-edge-chromium\error-context.md

    attachment #4: trace (application/zip) ─────────────────────────────────────────────────────────
    search-suite\test-results\search-Search-·-Playlists--6d689--does-not-crash-the-UI-edge-chromium\trace.zip
    Usage:

        npx playwright show-trace search-suite\test-results\search-Search-·-Playlists--6d689--does-not-crash-the-UI-edge-chromium\trace.zip

    ────────────────────────────────────────────────────────────────────────────────────────────────


[1A[2K[172/351] [chromium] › search-suite\tests\search.spec.ts:122:7 › Search · Playlists › Edge: "unicode hi/zh/ja" does not crash the UI @edge
[1A[2K  95) [chromium] › search-suite\tests\search.spec.ts:122:7 › Search · Playlists › Edge: "special characters" does not crash the UI @edge 

    Error: unexpected console/network errors:
    console: Failed to load resource: the server responded with a status of 429 ()
    console: Failed to load resource: the server responded with a status of 429 ()
    console: Failed to load resource: the server responded with a status of 429 ()
    console: Failed to load resource: the server responded with a status of 429 ()
    console: Failed to load resource: the server responded with a status of 429 ()
    console: Failed to load resource: the server responded with a status of 429 ()
    console: Failed to load resource: the server responded with a status of 429 ()
    console: Failed to load resource: the server responded with a status of 429 ()
    console: Failed to load resource: the server responded with a status of 429 ()
    console: Failed to load resource: the server responded with a status of 429 ()
    console: Failed to load resource: the server responded with a status of 429 ()
    console: Failed to load resource: the server responded with a status of 500 ()
    5xx: 500 https://v3-5api.pocsample.in/v3/cms/playlist/read?page=1&search=%21%40%23%24%25%5E%26*%28%29_%2B-%3D%5B%5D%7B%7D%3B%27%3A%22%2C.%2F%3C%3E%3F&limit=48&sort=createdAt&order=-1&isNotFolder=true

    [2mexpect([22m[31mreceived[39m[2m).[22mtoEqual[2m([22m[32mexpected[39m[2m) // deep equality[22m

    [32m- Expected  -  1[39m
    [31m+ Received  + 15[39m

    [32m- Array [][39m
    [31m+ Array [[39m
    [31m+   "console: Failed to load resource: the server responded with a status of 429 ()",[39m
    [31m+   "console: Failed to load resource: the server responded with a status of 429 ()",[39m
    [31m+   "console: Failed to load resource: the server responded with a status of 429 ()",[39m
    [31m+   "console: Failed to load resource: the server responded with a status of 429 ()",[39m
    [31m+   "console: Failed to load resource: the server responded with a status of 429 ()",[39m
    [31m+   "console: Failed to load resource: the server responded with a status of 429 ()",[39m
    [31m+   "console: Failed to load resource: the server responded with a status of 429 ()",[39m
    [31m+   "console: Failed to load resource: the server responded with a status of 429 ()",[39m
    [31m+   "console: Failed to load resource: the server responded with a status of 429 ()",[39m
    [31m+   "console: Failed to load resource: the server responded with a status of 429 ()",[39m
    [31m+   "console: Failed to load resource: the server responded with a status of 429 ()",[39m
    [31m+   "console: Failed to load resource: the server responded with a status of 500 ()",[39m
    [31m+   "5xx: 500 https://v3-5api.pocsample.in/v3/cms/playlist/read?page=1&search=%21%40%23%24%25%5E%26*%28%29_%2B-%3D%5B%5D%7B%7D%3B%27%3A%22%2C.%2F%3C%3E%3F&limit=48&sort=createdAt&order=-1&isNotFolder=true",[39m
    [31m+ ][39m

       at ..\fixtures\searchFixtures.ts:44

      42 |       ];
      43 |       if (ENV.STRICT_CONSOLE) {
    > 44 |         expect(problems, `unexpected console/network errors:\n${problems.join('\n')}`).toEqual([]);
         |                                                                                        ^
      45 |       } else if (problems.length) {
      46 |         console.warn(`[monitor] ${testInfo.title} — ${problems.length} non-fatal issue(s):\n${problems.join('\n')}`);
      47 |       }
        at Object.base.extend.monitor.auto (C:\Users\User\Downloads\wilyer-playwright\search-suite\fixtures\searchFixtures.ts:44:88)

    attachment #2: screenshot (image/png) ──────────────────────────────────────────────────────────
    search-suite\test-results\search-Search-·-Playlists--064aa--does-not-crash-the-UI-edge-chromium\test-failed-1.png
    ────────────────────────────────────────────────────────────────────────────────────────────────

    Error Context: search-suite\test-results\search-Search-·-Playlists--064aa--does-not-crash-the-UI-edge-chromium\error-context.md

    attachment #4: trace (application/zip) ─────────────────────────────────────────────────────────
    search-suite\test-results\search-Search-·-Playlists--064aa--does-not-crash-the-UI-edge-chromium\trace.zip
    Usage:

        npx playwright show-trace search-suite\test-results\search-Search-·-Playlists--064aa--does-not-crash-the-UI-edge-chromium\trace.zip

    ────────────────────────────────────────────────────────────────────────────────────────────────


[1A[2K  96) [chromium] › search-suite\tests\search.spec.ts:122:7 › Search · Playlists › Edge: "unicode hi/zh/ja" does not crash the UI @edge 

    Error: unexpected console/network errors:
    console: Failed to load resource: the server responded with a status of 429 ()
    console: Failed to load resource: the server responded with a status of 429 ()
    console: Failed to load resource: the server responded with a status of 429 ()
    console: Failed to load resource: the server responded with a status of 429 ()
    console: Failed to load resource: the server responded with a status of 429 ()
    console: Failed to load resource: the server responded with a status of 429 ()
    console: Failed to load resource: the server responded with a status of 429 ()
    console: Failed to load resource: the server responded with a status of 429 ()
    console: Failed to load resource: the server responded with a status of 429 ()
    console: Failed to load resource: the server responded with a status of 429 ()
    console: Failed to load resource: the server responded with a status of 429 ()

    [2mexpect([22m[31mreceived[39m[2m).[22mtoEqual[2m([22m[32mexpected[39m[2m) // deep equality[22m

    [32m- Expected  -  1[39m
    [31m+ Received  + 13[39m

    [32m- Array [][39m
    [31m+ Array [[39m
    [31m+   "console: Failed to load resource: the server responded with a status of 429 ()",[39m
    [31m+   "console: Failed to load resource: the server responded with a status of 429 ()",[39m
    [31m+   "console: Failed to load resource: the server responded with a status of 429 ()",[39m
    [31m+   "console: Failed to load resource: the server responded with a status of 429 ()",[39m
    [31m+   "console: Failed to load resource: the server responded with a status of 429 ()",[39m
    [31m+   "console: Failed to load resource: the server responded with a status of 429 ()",[39m
    [31m+   "console: Failed to load resource: the server responded with a status of 429 ()",[39m
    [31m+   "console: Failed to load resource: the server responded with a status of 429 ()",[39m
    [31m+   "console: Failed to load resource: the server responded with a status of 429 ()",[39m
    [31m+   "console: Failed to load resource: the server responded with a status of 429 ()",[39m
    [31m+   "console: Failed to load resource: the server responded with a status of 429 ()",[39m
    [31m+ ][39m

       at ..\fixtures\searchFixtures.ts:44

      42 |       ];
      43 |       if (ENV.STRICT_CONSOLE) {
    > 44 |         expect(problems, `unexpected console/network errors:\n${problems.join('\n')}`).toEqual([]);
         |                                                                                        ^
      45 |       } else if (problems.length) {
      46 |         console.warn(`[monitor] ${testInfo.title} — ${problems.length} non-fatal issue(s):\n${problems.join('\n')}`);
      47 |       }
        at Object.base.extend.monitor.auto (C:\Users\User\Downloads\wilyer-playwright\search-suite\fixtures\searchFixtures.ts:44:88)

    attachment #2: screenshot (image/png) ──────────────────────────────────────────────────────────
    search-suite\test-results\search-Search-·-Playlists--e03b3--does-not-crash-the-UI-edge-chromium\test-failed-1.png
    ────────────────────────────────────────────────────────────────────────────────────────────────

    Error Context: search-suite\test-results\search-Search-·-Playlists--e03b3--does-not-crash-the-UI-edge-chromium\error-context.md

    attachment #4: trace (application/zip) ─────────────────────────────────────────────────────────
    search-suite\test-results\search-Search-·-Playlists--e03b3--does-not-crash-the-UI-edge-chromium\trace.zip
    Usage:

        npx playwright show-trace search-suite\test-results\search-Search-·-Playlists--e03b3--does-not-crash-the-UI-edge-chromium\trace.zip

    ────────────────────────────────────────────────────────────────────────────────────────────────


[1A[2K  97) [chromium] › search-suite\tests\search.spec.ts:122:7 › Search · Playlists › Edge: "very long (1200 chars)" does not crash the UI @edge 

    Error: unexpected console/network errors:
    console: Failed to load resource: the server responded with a status of 429 ()
    console: Failed to load resource: the server responded with a status of 429 ()
    console: Failed to load resource: the server responded with a status of 429 ()
    console: Failed to load resource: the server responded with a status of 429 ()
    console: Failed to load resource: the server responded with a status of 429 ()
    console: Failed to load resource: the server responded with a status of 429 ()
    console: Failed to load resource: the server responded with a status of 429 ()
    console: Failed to load resource: the server responded with a status of 429 ()
    console: Failed to load resource: the server responded with a status of 429 ()
    console: Failed to load resource: the server responded with a status of 429 ()
    console: Failed to load resource: the server responded with a status of 429 ()

    [2mexpect([22m[31mreceived[39m[2m).[22mtoEqual[2m([22m[32mexpected[39m[2m) // deep equality[22m

    [32m- Expected  -  1[39m
    [31m+ Received  + 13[39m

    [32m- Array [][39m
    [31m+ Array [[39m
    [31m+   "console: Failed to load resource: the server responded with a status of 429 ()",[39m
    [31m+   "console: Failed to load resource: the server responded with a status of 429 ()",[39m
    [31m+   "console: Failed to load resource: the server responded with a status of 429 ()",[39m
    [31m+   "console: Failed to load resource: the server responded with a status of 429 ()",[39m
    [31m+   "console: Failed to load resource: the server responded with a status of 429 ()",[39m
    [31m+   "console: Failed to load resource: the server responded with a status of 429 ()",[39m
    [31m+   "console: Failed to load resource: the server responded with a status of 429 ()",[39m
    [31m+   "console: Failed to load resource: the server responded with a status of 429 ()",[39m
    [31m+   "console: Failed to load resource: the server responded with a status of 429 ()",[39m
    [31m+   "console: Failed to load resource: the server responded with a status of 429 ()",[39m
    [31m+   "console: Failed to load resource: the server responded with a status of 429 ()",[39m
    [31m+ ][39m

       at ..\fixtures\searchFixtures.ts:44

      42 |       ];
      43 |       if (ENV.STRICT_CONSOLE) {
    > 44 |         expect(problems, `unexpected console/network errors:\n${problems.join('\n')}`).toEqual([]);
         |                                                                                        ^
      45 |       } else if (problems.length) {
      46 |         console.warn(`[monitor] ${testInfo.title} — ${problems.length} non-fatal issue(s):\n${problems.join('\n')}`);
      47 |       }
        at Object.base.extend.monitor.auto (C:\Users\User\Downloads\wilyer-playwright\search-suite\fixtures\searchFixtures.ts:44:88)

    attachment #2: screenshot (image/png) ──────────────────────────────────────────────────────────
    search-suite\test-results\search-Search-·-Playlists--4f63a--does-not-crash-the-UI-edge-chromium\test-failed-1.png
    ────────────────────────────────────────────────────────────────────────────────────────────────

    Error Context: search-suite\test-results\search-Search-·-Playlists--4f63a--does-not-crash-the-UI-edge-chromium\error-context.md

    attachment #4: trace (application/zip) ─────────────────────────────────────────────────────────
    search-suite\test-results\search-Search-·-Playlists--4f63a--does-not-crash-the-UI-edge-chromium\trace.zip
    Usage:

        npx playwright show-trace search-suite\test-results\search-Search-·-Playlists--4f63a--does-not-crash-the-UI-edge-chromium\trace.zip

    ────────────────────────────────────────────────────────────────────────────────────────────────


[1A[2K[173/351] [chromium] › search-suite\tests\search.spec.ts:122:7 › Search · Playlists › Edge: "emoji" does not crash the UI @edge
[1A[2K[174/351] [chromium] › search-suite\tests\search.spec.ts:122:7 › Search · Playlists › Edge: "newline and tab" does not crash the UI @edge
[1A[2K[175/351] [chromium] › search-suite\tests\search.spec.ts:122:7 › Search · Playlists › Edge: "url-encoded" does not crash the UI @edge
[1A[2K  98) [chromium] › search-suite\tests\search.spec.ts:122:7 › Search · Playlists › Edge: "newline and tab" does not crash the UI @edge 

    Error: unexpected console/network errors:
    console: Failed to load resource: the server responded with a status of 429 ()
    console: Failed to load resource: the server responded with a status of 429 ()
    console: Failed to load resource: the server responded with a status of 429 ()
    console: Failed to load resource: the server responded with a status of 429 ()
    console: Failed to load resource: the server responded with a status of 429 ()
    console: Failed to load resource: the server responded with a status of 429 ()
    console: Failed to load resource: the server responded with a status of 429 ()
    console: Failed to load resource: the server responded with a status of 429 ()
    console: Failed to load resource: the server responded with a status of 429 ()
    console: Failed to load resource: the server responded with a status of 429 ()
    console: Failed to load resource: the server responded with a status of 429 ()

    [2mexpect([22m[31mreceived[39m[2m).[22mtoEqual[2m([22m[32mexpected[39m[2m) // deep equality[22m

    [32m- Expected  -  1[39m
    [31m+ Received  + 13[39m

    [32m- Array [][39m
    [31m+ Array [[39m
    [31m+   "console: Failed to load resource: the server responded with a status of 429 ()",[39m
    [31m+   "console: Failed to load resource: the server responded with a status of 429 ()",[39m
    [31m+   "console: Failed to load resource: the server responded with a status of 429 ()",[39m
    [31m+   "console: Failed to load resource: the server responded with a status of 429 ()",[39m
    [31m+   "console: Failed to load resource: the server responded with a status of 429 ()",[39m
    [31m+   "console: Failed to load resource: the server responded with a status of 429 ()",[39m
    [31m+   "console: Failed to load resource: the server responded with a status of 429 ()",[39m
    [31m+   "console: Failed to load resource: the server responded with a status of 429 ()",[39m
    [31m+   "console: Failed to load resource: the server responded with a status of 429 ()",[39m
    [31m+   "console: Failed to load resource: the server responded with a status of 429 ()",[39m
    [31m+   "console: Failed to load resource: the server responded with a status of 429 ()",[39m
    [31m+ ][39m

       at ..\fixtures\searchFixtures.ts:44

      42 |       ];
      43 |       if (ENV.STRICT_CONSOLE) {
    > 44 |         expect(problems, `unexpected console/network errors:\n${problems.join('\n')}`).toEqual([]);
         |                                                                                        ^
      45 |       } else if (problems.length) {
      46 |         console.warn(`[monitor] ${testInfo.title} — ${problems.length} non-fatal issue(s):\n${problems.join('\n')}`);
      47 |       }
        at Object.base.extend.monitor.auto (C:\Users\User\Downloads\wilyer-playwright\search-suite\fixtures\searchFixtures.ts:44:88)

    attachment #2: screenshot (image/png) ──────────────────────────────────────────────────────────
    search-suite\test-results\search-Search-·-Playlists--98a49--does-not-crash-the-UI-edge-chromium\test-failed-1.png
    ────────────────────────────────────────────────────────────────────────────────────────────────

    Error Context: search-suite\test-results\search-Search-·-Playlists--98a49--does-not-crash-the-UI-edge-chromium\error-context.md

    attachment #4: trace (application/zip) ─────────────────────────────────────────────────────────
    search-suite\test-results\search-Search-·-Playlists--98a49--does-not-crash-the-UI-edge-chromium\trace.zip
    Usage:

        npx playwright show-trace search-suite\test-results\search-Search-·-Playlists--98a49--does-not-crash-the-UI-edge-chromium\trace.zip

    ────────────────────────────────────────────────────────────────────────────────────────────────


[1A[2K  99) [chromium] › search-suite\tests\search.spec.ts:122:7 › Search · Playlists › Edge: "emoji" does not crash the UI @edge 

    Error: unexpected console/network errors:
    console: Failed to load resource: the server responded with a status of 429 ()
    console: Failed to load resource: the server responded with a status of 429 ()
    console: Failed to load resource: the server responded with a status of 429 ()
    console: Failed to load resource: the server responded with a status of 429 ()
    console: Failed to load resource: the server responded with a status of 429 ()
    console: Failed to load resource: the server responded with a status of 429 ()
    console: Failed to load resource: the server responded with a status of 429 ()
    console: Failed to load resource: the server responded with a status of 429 ()
    console: Failed to load resource: the server responded with a status of 429 ()
    console: Failed to load resource: the server responded with a status of 429 ()
    console: Failed to load resource: the server responded with a status of 429 ()

    [2mexpect([22m[31mreceived[39m[2m).[22mtoEqual[2m([22m[32mexpected[39m[2m) // deep equality[22m

    [32m- Expected  -  1[39m
    [31m+ Received  + 13[39m

    [32m- Array [][39m
    [31m+ Array [[39m
    [31m+   "console: Failed to load resource: the server responded with a status of 429 ()",[39m
    [31m+   "console: Failed to load resource: the server responded with a status of 429 ()",[39m
    [31m+   "console: Failed to load resource: the server responded with a status of 429 ()",[39m
    [31m+   "console: Failed to load resource: the server responded with a status of 429 ()",[39m
    [31m+   "console: Failed to load resource: the server responded with a status of 429 ()",[39m
    [31m+   "console: Failed to load resource: the server responded with a status of 429 ()",[39m
    [31m+   "console: Failed to load resource: the server responded with a status of 429 ()",[39m
    [31m+   "console: Failed to load resource: the server responded with a status of 429 ()",[39m
    [31m+   "console: Failed to load resource: the server responded with a status of 429 ()",[39m
    [31m+   "console: Failed to load resource: the server responded with a status of 429 ()",[39m
    [31m+   "console: Failed to load resource: the server responded with a status of 429 ()",[39m
    [31m+ ][39m

       at ..\fixtures\searchFixtures.ts:44

      42 |       ];
      43 |       if (ENV.STRICT_CONSOLE) {
    > 44 |         expect(problems, `unexpected console/network errors:\n${problems.join('\n')}`).toEqual([]);
         |                                                                                        ^
      45 |       } else if (problems.length) {
      46 |         console.warn(`[monitor] ${testInfo.title} — ${problems.length} non-fatal issue(s):\n${problems.join('\n')}`);
      47 |       }
        at Object.base.extend.monitor.auto (C:\Users\User\Downloads\wilyer-playwright\search-suite\fixtures\searchFixtures.ts:44:88)

    attachment #2: screenshot (image/png) ──────────────────────────────────────────────────────────
    search-suite\test-results\search-Search-·-Playlists--b0071--does-not-crash-the-UI-edge-chromium\test-failed-1.png
    ────────────────────────────────────────────────────────────────────────────────────────────────

    Error Context: search-suite\test-results\search-Search-·-Playlists--b0071--does-not-crash-the-UI-edge-chromium\error-context.md

    attachment #4: trace (application/zip) ─────────────────────────────────────────────────────────
    search-suite\test-results\search-Search-·-Playlists--b0071--does-not-crash-the-UI-edge-chromium\trace.zip
    Usage:

        npx playwright show-trace search-suite\test-results\search-Search-·-Playlists--b0071--does-not-crash-the-UI-edge-chromium\trace.zip

    ────────────────────────────────────────────────────────────────────────────────────────────────


[1A[2K  100) [chromium] › search-suite\tests\search.spec.ts:122:7 › Search · Playlists › Edge: "url-encoded" does not crash the UI @edge 

    Error: unexpected console/network errors:
    console: Failed to load resource: the server responded with a status of 429 ()
    console: Failed to load resource: the server responded with a status of 429 ()
    console: Failed to load resource: the server responded with a status of 429 ()
    console: Failed to load resource: the server responded with a status of 429 ()
    console: Failed to load resource: the server responded with a status of 429 ()
    console: Failed to load resource: the server responded with a status of 429 ()
    console: Failed to load resource: the server responded with a status of 429 ()
    console: Failed to load resource: the server responded with a status of 429 ()
    console: Failed to load resource: the server responded with a status of 429 ()
    console: Failed to load resource: the server responded with a status of 429 ()
    console: Failed to load resource: the server responded with a status of 429 ()

    [2mexpect([22m[31mreceived[39m[2m).[22mtoEqual[2m([22m[32mexpected[39m[2m) // deep equality[22m

    [32m- Expected  -  1[39m
    [31m+ Received  + 13[39m

    [32m- Array [][39m
    [31m+ Array [[39m
    [31m+   "console: Failed to load resource: the server responded with a status of 429 ()",[39m
    [31m+   "console: Failed to load resource: the server responded with a status of 429 ()",[39m
    [31m+   "console: Failed to load resource: the server responded with a status of 429 ()",[39m
    [31m+   "console: Failed to load resource: the server responded with a status of 429 ()",[39m
    [31m+   "console: Failed to load resource: the server responded with a status of 429 ()",[39m
    [31m+   "console: Failed to load resource: the server responded with a status of 429 ()",[39m
    [31m+   "console: Failed to load resource: the server responded with a status of 429 ()",[39m
    [31m+   "console: Failed to load resource: the server responded with a status of 429 ()",[39m
    [31m+   "console: Failed to load resource: the server responded with a status of 429 ()",[39m
    [31m+   "console: Failed to load resource: the server responded with a status of 429 ()",[39m
    [31m+   "console: Failed to load resource: the server responded with a status of 429 ()",[39m
    [31m+ ][39m

       at ..\fixtures\searchFixtures.ts:44

      42 |       ];
      43 |       if (ENV.STRICT_CONSOLE) {
    > 44 |         expect(problems, `unexpected console/network errors:\n${problems.join('\n')}`).toEqual([]);
         |                                                                                        ^
      45 |       } else if (problems.length) {
      46 |         console.warn(`[monitor] ${testInfo.title} — ${problems.length} non-fatal issue(s):\n${problems.join('\n')}`);
      47 |       }
        at Object.base.extend.monitor.auto (C:\Users\User\Downloads\wilyer-playwright\search-suite\fixtures\searchFixtures.ts:44:88)

    attachment #2: screenshot (image/png) ──────────────────────────────────────────────────────────
    search-suite\test-results\search-Search-·-Playlists--05765--does-not-crash-the-UI-edge-chromium\test-failed-1.png
    ────────────────────────────────────────────────────────────────────────────────────────────────

    Error Context: search-suite\test-results\search-Search-·-Playlists--05765--does-not-crash-the-UI-edge-chromium\error-context.md

    attachment #4: trace (application/zip) ─────────────────────────────────────────────────────────
    search-suite\test-results\search-Search-·-Playlists--05765--does-not-crash-the-UI-edge-chromium\trace.zip
    Usage:

        npx playwright show-trace search-suite\test-results\search-Search-·-Playlists--05765--does-not-crash-the-UI-edge-chromium\trace.zip

    ────────────────────────────────────────────────────────────────────────────────────────────────


[1A[2K[176/351] [chromium] › search-suite\tests\search.spec.ts:134:7 › Search · Playlists › Security: "SQLi ' OR 1=1 --" is inert (no execution) @security
[1A[2K[177/351] [chromium] › search-suite\tests\search.spec.ts:134:7 › Search · Playlists › Security: "SQLi admin'--" is inert (no execution) @security
[1A[2K[178/351] [chromium] › search-suite\tests\search.spec.ts:134:7 › Search · Playlists › Security: "SQLi DROP TABLE" is inert (no execution) @security
[1A[2K  101) [chromium] › search-suite\tests\search.spec.ts:134:7 › Search · Playlists › Security: "SQLi admin'--" is inert (no execution) @security 

    Error: unexpected console/network errors:
    console: Failed to load resource: the server responded with a status of 429 ()
    console: Failed to load resource: the server responded with a status of 429 ()
    console: Failed to load resource: the server responded with a status of 429 ()
    console: Failed to load resource: the server responded with a status of 429 ()
    console: Failed to load resource: the server responded with a status of 429 ()
    console: Failed to load resource: the server responded with a status of 429 ()
    console: Failed to load resource: the server responded with a status of 429 ()
    console: Failed to load resource: the server responded with a status of 429 ()
    console: Failed to load resource: the server responded with a status of 429 ()
    console: Failed to load resource: the server responded with a status of 429 ()
    console: Failed to load resource: the server responded with a status of 429 ()

    [2mexpect([22m[31mreceived[39m[2m).[22mtoEqual[2m([22m[32mexpected[39m[2m) // deep equality[22m

    [32m- Expected  -  1[39m
    [31m+ Received  + 13[39m

    [32m- Array [][39m
    [31m+ Array [[39m
    [31m+   "console: Failed to load resource: the server responded with a status of 429 ()",[39m
    [31m+   "console: Failed to load resource: the server responded with a status of 429 ()",[39m
    [31m+   "console: Failed to load resource: the server responded with a status of 429 ()",[39m
    [31m+   "console: Failed to load resource: the server responded with a status of 429 ()",[39m
    [31m+   "console: Failed to load resource: the server responded with a status of 429 ()",[39m
    [31m+   "console: Failed to load resource: the server responded with a status of 429 ()",[39m
    [31m+   "console: Failed to load resource: the server responded with a status of 429 ()",[39m
    [31m+   "console: Failed to load resource: the server responded with a status of 429 ()",[39m
    [31m+   "console: Failed to load resource: the server responded with a status of 429 ()",[39m
    [31m+   "console: Failed to load resource: the server responded with a status of 429 ()",[39m
    [31m+   "console: Failed to load resource: the server responded with a status of 429 ()",[39m
    [31m+ ][39m

       at ..\fixtures\searchFixtures.ts:44

      42 |       ];
      43 |       if (ENV.STRICT_CONSOLE) {
    > 44 |         expect(problems, `unexpected console/network errors:\n${problems.join('\n')}`).toEqual([]);
         |                                                                                        ^
      45 |       } else if (problems.length) {
      46 |         console.warn(`[monitor] ${testInfo.title} — ${problems.length} non-fatal issue(s):\n${problems.join('\n')}`);
      47 |       }
        at Object.base.extend.monitor.auto (C:\Users\User\Downloads\wilyer-playwright\search-suite\fixtures\searchFixtures.ts:44:88)

    Error: apiRequestContext._wrapApiCall: ENOSPC: no space left on device, write

    Error: ENOSPC: no space left on device, open 'C:\Users\User\Downloads\wilyer-playwright\search-suite\test-results\search-Search-·-Playlists--6af66-inert-no-execution-security-chromium\error-context.md'

    Error: End of central directory record signature not found. Either not a zip file, or file is truncated.


[1A[2K  102) [chromium] › search-suite\tests\search.spec.ts:134:7 › Search · Playlists › Security: "SQLi ' OR 1=1 --" is inert (no execution) @security 

    Error: unexpected console/network errors:
    console: Failed to load resource: the server responded with a status of 429 ()
    console: Failed to load resource: the server responded with a status of 429 ()
    console: Failed to load resource: the server responded with a status of 429 ()
    console: Failed to load resource: the server responded with a status of 429 ()
    console: Failed to load resource: the server responded with a status of 429 ()
    console: Failed to load resource: the server responded with a status of 429 ()
    console: Failed to load resource: the server responded with a status of 429 ()
    console: Failed to load resource: the server responded with a status of 429 ()
    console: Failed to load resource: the server responded with a status of 429 ()
    console: Failed to load resource: the server responded with a status of 429 ()
    console: Failed to load resource: the server responded with a status of 429 ()

    [2mexpect([22m[31mreceived[39m[2m).[22mtoEqual[2m([22m[32mexpected[39m[2m) // deep equality[22m

    [32m- Expected  -  1[39m
    [31m+ Received  + 13[39m

    [32m- Array [][39m
    [31m+ Array [[39m
    [31m+   "console: Failed to load resource: the server responded with a status of 429 ()",[39m
    [31m+   "console: Failed to load resource: the server responded with a status of 429 ()",[39m
    [31m+   "console: Failed to load resource: the server responded with a status of 429 ()",[39m
    [31m+   "console: Failed to load resource: the server responded with a status of 429 ()",[39m
    [31m+   "console: Failed to load resource: the server responded with a status of 429 ()",[39m
    [31m+   "console: Failed to load resource: the server responded with a status of 429 ()",[39m
    [31m+   "console: Failed to load resource: the server responded with a status of 429 ()",[39m
    [31m+   "console: Failed to load resource: the server responded with a status of 429 ()",[39m
    [31m+   "console: Failed to load resource: the server responded with a status of 429 ()",[39m
    [31m+   "console: Failed to load resource: the server responded with a status of 429 ()",[39m
    [31m+   "console: Failed to load resource: the server responded with a status of 429 ()",[39m
    [31m+ ][39m

       at ..\fixtures\searchFixtures.ts:44

      42 |       ];
      43 |       if (ENV.STRICT_CONSOLE) {
    > 44 |         expect(problems, `unexpected console/network errors:\n${problems.join('\n')}`).toEqual([]);
         |                                                                                        ^
      45 |       } else if (problems.length) {
      46 |         console.warn(`[monitor] ${testInfo.title} — ${problems.length} non-fatal issue(s):\n${problems.join('\n')}`);
      47 |       }
        at Object.base.extend.monitor.auto (C:\Users\User\Downloads\wilyer-playwright\search-suite\fixtures\searchFixtures.ts:44:88)

    Error: apiRequestContext._wrapApiCall: ENOSPC: no space left on device, write

    Error: End of central directory record signature not found. Either not a zip file, or file is truncated.

    Error Context: search-suite\test-results\search-Search-·-Playlists--77a83-inert-no-execution-security-chromium\error-context.md


[1A[2K  103) [chromium] › search-suite\tests\search.spec.ts:134:7 › Search · Playlists › Security: "SQLi DROP TABLE" is inert (no execution) @security 

    Error: unexpected console/network errors:
    console: Failed to load resource: the server responded with a status of 429 ()
    console: Failed to load resource: the server responded with a status of 429 ()
    console: Failed to load resource: the server responded with a status of 429 ()
    console: Failed to load resource: the server responded with a status of 429 ()
    console: Failed to load resource: the server responded with a status of 429 ()
    console: Failed to load resource: the server responded with a status of 429 ()
    console: Failed to load resource: the server responded with a status of 429 ()
    console: Failed to load resource: the server responded with a status of 429 ()
    console: Failed to load resource: the server responded with a status of 429 ()
    console: Failed to load resource: the server responded with a status of 429 ()
    console: Failed to load resource: the server responded with a status of 429 ()

    [2mexpect([22m[31mreceived[39m[2m).[22mtoEqual[2m([22m[32mexpected[39m[2m) // deep equality[22m

    [32m- Expected  -  1[39m
    [31m+ Received  + 13[39m

    [32m- Array [][39m
    [31m+ Array [[39m
    [31m+   "console: Failed to load resource: the server responded with a status of 429 ()",[39m
    [31m+   "console: Failed to load resource: the server responded with a status of 429 ()",[39m
    [31m+   "console: Failed to load resource: the server responded with a status of 429 ()",[39m
    [31m+   "console: Failed to load resource: the server responded with a status of 429 ()",[39m
    [31m+   "console: Failed to load resource: the server responded with a status of 429 ()",[39m
    [31m+   "console: Failed to load resource: the server responded with a status of 429 ()",[39m
    [31m+   "console: Failed to load resource: the server responded with a status of 429 ()",[39m
    [31m+   "console: Failed to load resource: the server responded with a status of 429 ()",[39m
    [31m+   "console: Failed to load resource: the server responded with a status of 429 ()",[39m
    [31m+   "console: Failed to load resource: the server responded with a status of 429 ()",[39m
    [31m+   "console: Failed to load resource: the server responded with a status of 429 ()",[39m
    [31m+ ][39m

       at ..\fixtures\searchFixtures.ts:44

      42 |       ];
      43 |       if (ENV.STRICT_CONSOLE) {
    > 44 |         expect(problems, `unexpected console/network errors:\n${problems.join('\n')}`).toEqual([]);
         |                                                                                        ^
      45 |       } else if (problems.length) {
      46 |         console.warn(`[monitor] ${testInfo.title} — ${problems.length} non-fatal issue(s):\n${problems.join('\n')}`);
      47 |       }
        at Object.base.extend.monitor.auto (C:\Users\User\Downloads\wilyer-playwright\search-suite\fixtures\searchFixtures.ts:44:88)

    Error: apiRequestContext._wrapApiCall: ENOSPC: no space left on device, write

    attachment #2: screenshot (image/png) ──────────────────────────────────────────────────────────
    search-suite\test-results\search-Search-·-Playlists--18aad-inert-no-execution-security-chromium\test-failed-1.png
    ────────────────────────────────────────────────────────────────────────────────────────────────

    Error Context: search-suite\test-results\search-Search-·-Playlists--18aad-inert-no-execution-security-chromium\error-context.md

    attachment #4: trace (application/zip) ─────────────────────────────────────────────────────────
    search-suite\test-results\search-Search-·-Playlists--18aad-inert-no-execution-security-chromium\trace.zip
    Usage:

        npx playwright show-trace search-suite\test-results\search-Search-·-Playlists--18aad-inert-no-execution-security-chromium\trace.zip

    ────────────────────────────────────────────────────────────────────────────────────────────────


[1A[2K[179/351] [chromium] › search-suite\tests\search.spec.ts:134:7 › Search · Playlists › Security: "XSS <script>" is inert (no execution) @security
[1A[2K[180/351] [chromium] › search-suite\tests\search.spec.ts:134:7 › Search · Playlists › Security: "XSS img onerror" is inert (no execution) @security
[1A[2K[181/351] [chromium] › search-suite\tests\search.spec.ts:134:7 › Search · Playlists › Security: "XSS svg onload" is inert (no execution) @security
[1A[2K  104) [chromium] › search-suite\tests\search.spec.ts:134:7 › Search · Playlists › Security: "XSS <script>" is inert (no execution) @security 

    Error: unexpected console/network errors:
    console: Failed to load resource: the server responded with a status of 429 ()
    console: Failed to load resource: the server responded with a status of 429 ()
    console: Failed to load resource: the server responded with a status of 429 ()
    console: Failed to load resource: the server responded with a status of 429 ()
    console: Failed to load resource: the server responded with a status of 429 ()
    console: Failed to load resource: the server responded with a status of 429 ()
    console: Failed to load resource: the server responded with a status of 429 ()
    console: Failed to load resource: the server responded with a status of 429 ()
    console: Failed to load resource: the server responded with a status of 429 ()
    console: Failed to load resource: the server responded with a status of 429 ()
    console: Failed to load resource: the server responded with a status of 429 ()

    [2mexpect([22m[31mreceived[39m[2m).[22mtoEqual[2m([22m[32mexpected[39m[2m) // deep equality[22m

    [32m- Expected  -  1[39m
    [31m+ Received  + 13[39m

    [32m- Array [][39m
    [31m+ Array [[39m
    [31m+   "console: Failed to load resource: the server responded with a status of 429 ()",[39m
    [31m+   "console: Failed to load resource: the server responded with a status of 429 ()",[39m
    [31m+   "console: Failed to load resource: the server responded with a status of 429 ()",[39m
    [31m+   "console: Failed to load resource: the server responded with a status of 429 ()",[39m
    [31m+   "console: Failed to load resource: the server responded with a status of 429 ()",[39m
    [31m+   "console: Failed to load resource: the server responded with a status of 429 ()",[39m
    [31m+   "console: Failed to load resource: the server responded with a status of 429 ()",[39m
    [31m+   "console: Failed to load resource: the server responded with a status of 429 ()",[39m
    [31m+   "console: Failed to load resource: the server responded with a status of 429 ()",[39m
    [31m+   "console: Failed to load resource: the server responded with a status of 429 ()",[39m
    [31m+   "console: Failed to load resource: the server responded with a status of 429 ()",[39m
    [31m+ ][39m

       at ..\fixtures\searchFixtures.ts:44

      42 |       ];
      43 |       if (ENV.STRICT_CONSOLE) {
    > 44 |         expect(problems, `unexpected console/network errors:\n${problems.join('\n')}`).toEqual([]);
         |                                                                                        ^
      45 |       } else if (problems.length) {
      46 |         console.warn(`[monitor] ${testInfo.title} — ${problems.length} non-fatal issue(s):\n${problems.join('\n')}`);
      47 |       }
        at Object.base.extend.monitor.auto (C:\Users\User\Downloads\wilyer-playwright\search-suite\fixtures\searchFixtures.ts:44:88)

    Error: apiRequestContext._wrapApiCall: ENOSPC: no space left on device, write

    Error: ENOSPC: no space left on device, open 'C:\Users\User\Downloads\wilyer-playwright\search-suite\test-results\search-Search-·-Playlists--e2101-inert-no-execution-security-chromium\error-context.md'

    Error: End of central directory record signature not found. Either not a zip file, or file is truncated.


[1A[2K  105) [chromium] › search-suite\tests\search.spec.ts:134:7 › Search · Playlists › Security: "XSS img onerror" is inert (no execution) @security 

    Error: unexpected console/network errors:
    console: Failed to load resource: the server responded with a status of 429 ()
    console: Failed to load resource: the server responded with a status of 429 ()
    console: Failed to load resource: the server responded with a status of 429 ()
    console: Failed to load resource: the server responded with a status of 429 ()
    console: Failed to load resource: the server responded with a status of 429 ()
    console: Failed to load resource: the server responded with a status of 429 ()
    console: Failed to load resource: the server responded with a status of 429 ()
    console: Failed to load resource: the server responded with a status of 429 ()
    console: Failed to load resource: the server responded with a status of 429 ()
    console: Failed to load resource: the server responded with a status of 429 ()
    console: Failed to load resource: the server responded with a status of 429 ()

    [2mexpect([22m[31mreceived[39m[2m).[22mtoEqual[2m([22m[32mexpected[39m[2m) // deep equality[22m

    [32m- Expected  -  1[39m
    [31m+ Received  + 13[39m

    [32m- Array [][39m
    [31m+ Array [[39m
    [31m+   "console: Failed to load resource: the server responded with a status of 429 ()",[39m
    [31m+   "console: Failed to load resource: the server responded with a status of 429 ()",[39m
    [31m+   "console: Failed to load resource: the server responded with a status of 429 ()",[39m
    [31m+   "console: Failed to load resource: the server responded with a status of 429 ()",[39m
    [31m+   "console: Failed to load resource: the server responded with a status of 429 ()",[39m
    [31m+   "console: Failed to load resource: the server responded with a status of 429 ()",[39m
    [31m+   "console: Failed to load resource: the server responded with a status of 429 ()",[39m
    [31m+   "console: Failed to load resource: the server responded with a status of 429 ()",[39m
    [31m+   "console: Failed to load resource: the server responded with a status of 429 ()",[39m
    [31m+   "console: Failed to load resource: the server responded with a status of 429 ()",[39m
    [31m+   "console: Failed to load resource: the server responded with a status of 429 ()",[39m
    [31m+ ][39m

       at ..\fixtures\searchFixtures.ts:44

      42 |       ];
      43 |       if (ENV.STRICT_CONSOLE) {
    > 44 |         expect(problems, `unexpected console/network errors:\n${problems.join('\n')}`).toEqual([]);
         |                                                                                        ^
      45 |       } else if (problems.length) {
      46 |         console.warn(`[monitor] ${testInfo.title} — ${problems.length} non-fatal issue(s):\n${problems.join('\n')}`);
      47 |       }
        at Object.base.extend.monitor.auto (C:\Users\User\Downloads\wilyer-playwright\search-suite\fixtures\searchFixtures.ts:44:88)

    Error: apiRequestContext._wrapApiCall: ENOSPC: no space left on device, write

    Error Context: search-suite\test-results\search-Search-·-Playlists--7b349-inert-no-execution-security-chromium\error-context.md

    attachment #3: trace (application/zip) ─────────────────────────────────────────────────────────
    search-suite\test-results\search-Search-·-Playlists--7b349-inert-no-execution-security-chromium\trace.zip
    Usage:

        npx playwright show-trace search-suite\test-results\search-Search-·-Playlists--7b349-inert-no-execution-security-chromium\trace.zip

    ────────────────────────────────────────────────────────────────────────────────────────────────


[1A[2K  106) [chromium] › search-suite\tests\search.spec.ts:134:7 › Search · Playlists › Security: "XSS svg onload" is inert (no execution) @security 

    Error: unexpected console/network errors:
    console: Failed to load resource: the server responded with a status of 429 ()
    console: Failed to load resource: the server responded with a status of 429 ()
    console: Failed to load resource: the server responded with a status of 429 ()
    console: Failed to load resource: the server responded with a status of 429 ()
    console: Failed to load resource: the server responded with a status of 429 ()
    console: Failed to load resource: the server responded with a status of 429 ()
    console: Failed to load resource: the server responded with a status of 429 ()
    console: Failed to load resource: the server responded with a status of 429 ()
    console: Failed to load resource: the server responded with a status of 429 ()
    console: Failed to load resource: the server responded with a status of 429 ()
    console: Failed to load resource: the server responded with a status of 429 ()

    [2mexpect([22m[31mreceived[39m[2m).[22mtoEqual[2m([22m[32mexpected[39m[2m) // deep equality[22m

    [32m- Expected  -  1[39m
    [31m+ Received  + 13[39m

    [32m- Array [][39m
    [31m+ Array [[39m
    [31m+   "console: Failed to load resource: the server responded with a status of 429 ()",[39m
    [31m+   "console: Failed to load resource: the server responded with a status of 429 ()",[39m
    [31m+   "console: Failed to load resource: the server responded with a status of 429 ()",[39m
    [31m+   "console: Failed to load resource: the server responded with a status of 429 ()",[39m
    [31m+   "console: Failed to load resource: the server responded with a status of 429 ()",[39m
    [31m+   "console: Failed to load resource: the server responded with a status of 429 ()",[39m
    [31m+   "console: Failed to load resource: the server responded with a status of 429 ()",[39m
    [31m+   "console: Failed to load resource: the server responded with a status of 429 ()",[39m
    [31m+   "console: Failed to load resource: the server responded with a status of 429 ()",[39m
    [31m+   "console: Failed to load resource: the server responded with a status of 429 ()",[39m
    [31m+   "console: Failed to load resource: the server responded with a status of 429 ()",[39m
    [31m+ ][39m

       at ..\fixtures\searchFixtures.ts:44

      42 |       ];
      43 |       if (ENV.STRICT_CONSOLE) {
    > 44 |         expect(problems, `unexpected console/network errors:\n${problems.join('\n')}`).toEqual([]);
         |                                                                                        ^
      45 |       } else if (problems.length) {
      46 |         console.warn(`[monitor] ${testInfo.title} — ${problems.length} non-fatal issue(s):\n${problems.join('\n')}`);
      47 |       }
        at Object.base.extend.monitor.auto (C:\Users\User\Downloads\wilyer-playwright\search-suite\fixtures\searchFixtures.ts:44:88)

    Error: apiRequestContext._wrapApiCall: ENOSPC: no space left on device, write

    Error Context: search-suite\test-results\search-Search-·-Playlists--4403d-inert-no-execution-security-chromium\error-context.md

    attachment #3: trace (application/zip) ─────────────────────────────────────────────────────────
    search-suite\test-results\search-Search-·-Playlists--4403d-inert-no-execution-security-chromium\trace.zip
    Usage:

        npx playwright show-trace search-suite\test-results\search-Search-·-Playlists--4403d-inert-no-execution-security-chromium\trace.zip

    ────────────────────────────────────────────────────────────────────────────────────────────────


[1A[2K[182/351] [chromium] › search-suite\tests\search.spec.ts:134:7 › Search · Playlists › Security: "HTML injection" is inert (no execution) @security
[1A[2K[183/351] [chromium] › search-suite\tests\search.spec.ts:153:7 › Search · Playlists › API: "500 server error" degrades gracefully (no blank) @api
[1A[2K[184/351] [chromium] › search-suite\tests\search.spec.ts:153:7 › Search · Playlists › API: "404 not found" degrades gracefully (no blank) @api
[1A[2K[185/351] [chromium] › search-suite\tests\search.spec.ts:153:7 › Search · Playlists › API: "401 unauthorized" degrades gracefully (no blank) @api
[1A[2K[186/351] [chromium] › search-suite\tests\search.spec.ts:153:7 › Search · Playlists › API: "403 forbidden" degrades gracefully (no blank) @api
[1A[2K  107) [chromium] › search-suite\tests\search.spec.ts:134:7 › Search · Playlists › Security: "HTML injection" is inert (no execution) @security 

    Error: unexpected console/network errors:
    console: Failed to load resource: the server responded with a status of 429 ()
    console: Failed to load resource: the server responded with a status of 429 ()
    console: Failed to load resource: the server responded with a status of 429 ()
    console: Failed to load resource: the server responded with a status of 429 ()
    console: Failed to load resource: the server responded with a status of 429 ()
    console: Failed to load resource: the server responded with a status of 429 ()
    console: Failed to load resource: the server responded with a status of 429 ()
    console: Failed to load resource: the server responded with a status of 429 ()
    console: Failed to load resource: the server responded with a status of 429 ()
    console: Failed to load resource: the server responded with a status of 429 ()
    console: Failed to load resource: the server responded with a status of 429 ()

    [2mexpect([22m[31mreceived[39m[2m).[22mtoEqual[2m([22m[32mexpected[39m[2m) // deep equality[22m

    [32m- Expected  -  1[39m
    [31m+ Received  + 13[39m

    [32m- Array [][39m
    [31m+ Array [[39m
    [31m+   "console: Failed to load resource: the server responded with a status of 429 ()",[39m
    [31m+   "console: Failed to load resource: the server responded with a status of 429 ()",[39m
    [31m+   "console: Failed to load resource: the server responded with a status of 429 ()",[39m
    [31m+   "console: Failed to load resource: the server responded with a status of 429 ()",[39m
    [31m+   "console: Failed to load resource: the server responded with a status of 429 ()",[39m
    [31m+   "console: Failed to load resource: the server responded with a status of 429 ()",[39m
    [31m+   "console: Failed to load resource: the server responded with a status of 429 ()",[39m
    [31m+   "console: Failed to load resource: the server responded with a status of 429 ()",[39m
    [31m+   "console: Failed to load resource: the server responded with a status of 429 ()",[39m
    [31m+   "console: Failed to load resource: the server responded with a status of 429 ()",[39m
    [31m+   "console: Failed to load resource: the server responded with a status of 429 ()",[39m
    [31m+ ][39m

       at ..\fixtures\searchFixtures.ts:44

      42 |       ];
      43 |       if (ENV.STRICT_CONSOLE) {
    > 44 |         expect(problems, `unexpected console/network errors:\n${problems.join('\n')}`).toEqual([]);
         |                                                                                        ^
      45 |       } else if (problems.length) {
      46 |         console.warn(`[monitor] ${testInfo.title} — ${problems.length} non-fatal issue(s):\n${problems.join('\n')}`);
      47 |       }
        at Object.base.extend.monitor.auto (C:\Users\User\Downloads\wilyer-playwright\search-suite\fixtures\searchFixtures.ts:44:88)

    Error: ENOSPC: no space left on device, write

    attachment #2: screenshot (image/png) ──────────────────────────────────────────────────────────
    search-suite\test-results\search-Search-·-Playlists--90a52-inert-no-execution-security-chromium\test-failed-1.png
    ────────────────────────────────────────────────────────────────────────────────────────────────

    Error Context: search-suite\test-results\search-Search-·-Playlists--90a52-inert-no-execution-security-chromium\error-context.md


[1A[2K[187/351] [chromium] › search-suite\tests\search.spec.ts:153:7 › Search · Playlists › API: "malformed JSON" degrades gracefully (no blank) @api
[1A[2K[188/351] [chromium] › search-suite\tests\search.spec.ts:153:7 › Search · Playlists › API: "empty array" degrades gracefully (no blank) @api
[1A[2K[189/351] [chromium] › search-suite\tests\search.spec.ts:153:7 › Search · Playlists › API: "backend unavailable" degrades gracefully (no blank) @api
[1A[2K[190/351] [chromium] › search-suite\tests\search.spec.ts:153:7 › Search · Playlists › API: "timeout (no response)" degrades gracefully (no blank) @api
[1A[2K  108) [chromium] › search-suite\tests\search.spec.ts:153:7 › Search · Playlists › API: "401 unauthorized" degrades gracefully (no blank) @api 

    Error: sidebar/header must remain visible

    [2mexpect([22m[31mlocator[39m[2m).[22mtoBeVisible[2m([22m[2m)[22m failed

    Locator: locator('aside:visible, nav:visible, header:visible, [class*="sidebar" i]:visible').first()
    Expected: visible
    Timeout: 15000ms
    Error: element(s) not found

    Call log:
    [2m  - sidebar/header must remain visible with timeout 15000ms[22m
    [2m  - waiting for locator('aside:visible, nav:visible, header:visible, [class*="sidebar" i]:visible').first()[22m


      165 |         // Resilience contract: shell survives, no blank, no uncaught exception.
      166 |         await helper.verifyNoWhiteScreen(`api:${fail.name}`);
    > 167 |         await expect(helper.sp.shell, 'sidebar/header must remain visible').toBeVisible();
          |                                                                             ^
      168 |         expect(monitor.report().pageErrors, 'no uncaught JS exceptions on API failure').toEqual([]);
      169 |
      170 |         await helper.unmock();
        at C:\Users\User\Downloads\wilyer-playwright\search-suite\tests\search.spec.ts:167:77

    Error: apiRequestContext._wrapApiCall: ENOSPC: no space left on device, write

    Error: ENOSPC: no space left on device, open 'C:\Users\User\Downloads\wilyer-playwright\search-suite\test-results\search-Search-·-Playlists--99c87-des-gracefully-no-blank-api-chromium\error-context.md'

    attachment #2: trace (application/zip) ─────────────────────────────────────────────────────────
    search-suite\test-results\search-Search-·-Playlists--99c87-des-gracefully-no-blank-api-chromium\trace.zip
    Usage:

        npx playwright show-trace search-suite\test-results\search-Search-·-Playlists--99c87-des-gracefully-no-blank-api-chromium\trace.zip

    ────────────────────────────────────────────────────────────────────────────────────────────────


[1A[2K[191/351] [chromium] › search-suite\tests\search.spec.ts:174:5 › Search · Playlists › API: offline during search keeps the UI stable @api
[1A[2K[192/351] [chromium] › search-suite\tests\search.spec.ts:184:5 › Search · Playlists › API: successful search is fast and debounced (≤ threshold calls) @api
[1A[2K[193/351] [chromium] › search-suite\tests\search.spec.ts:212:5 › Search · Playlists › Combined: search + pagination stays healthy @combined
[1A[2K[chromium] › search-suite\tests\search.spec.ts:184:5 › Search · Playlists › API: successful search is fast and debounced (≤ threshold calls) @api
[Playlists] search calls=1 slowest=337ms

[1A[2K  109) [chromium] › search-suite\tests\search.spec.ts:184:5 › Search · Playlists › API: successful search is fast and debounced (≤ threshold calls) @api 

    Error: unexpected console/network errors:
    console: Failed to load resource: the server responded with a status of 429 ()
    console: Failed to load resource: the server responded with a status of 429 ()
    console: Failed to load resource: the server responded with a status of 429 ()
    console: Failed to load resource: the server responded with a status of 429 ()
    console: Failed to load resource: the server responded with a status of 429 ()
    console: Failed to load resource: the server responded with a status of 429 ()
    console: Failed to load resource: the server responded with a status of 429 ()
    console: Failed to load resource: the server responded with a status of 429 ()
    console: Failed to load resource: the server responded with a status of 429 ()
    console: Failed to load resource: the server responded with a status of 429 ()
    console: Failed to load resource: the server responded with a status of 429 ()

    [2mexpect([22m[31mreceived[39m[2m).[22mtoEqual[2m([22m[32mexpected[39m[2m) // deep equality[22m

    [32m- Expected  -  1[39m
    [31m+ Received  + 13[39m

    [32m- Array [][39m
    [31m+ Array [[39m
    [31m+   "console: Failed to load resource: the server responded with a status of 429 ()",[39m
    [31m+   "console: Failed to load resource: the server responded with a status of 429 ()",[39m
    [31m+   "console: Failed to load resource: the server responded with a status of 429 ()",[39m
    [31m+   "console: Failed to load resource: the server responded with a status of 429 ()",[39m
    [31m+   "console: Failed to load resource: the server responded with a status of 429 ()",[39m
    [31m+   "console: Failed to load resource: the server responded with a status of 429 ()",[39m
    [31m+   "console: Failed to load resource: the server responded with a status of 429 ()",[39m
    [31m+   "console: Failed to load resource: the server responded with a status of 429 ()",[39m
    [31m+   "console: Failed to load resource: the server responded with a status of 429 ()",[39m
    [31m+   "console: Failed to load resource: the server responded with a status of 429 ()",[39m
    [31m+   "console: Failed to load resource: the server responded with a status of 429 ()",[39m
    [31m+ ][39m

       at ..\fixtures\searchFixtures.ts:44

      42 |       ];
      43 |       if (ENV.STRICT_CONSOLE) {
    > 44 |         expect(problems, `unexpected console/network errors:\n${problems.join('\n')}`).toEqual([]);
         |                                                                                        ^
      45 |       } else if (problems.length) {
      46 |         console.warn(`[monitor] ${testInfo.title} — ${problems.length} non-fatal issue(s):\n${problems.join('\n')}`);
      47 |       }
        at Object.base.extend.monitor.auto (C:\Users\User\Downloads\wilyer-playwright\search-suite\fixtures\searchFixtures.ts:44:88)

    Error: apiRequestContext._wrapApiCall: ENOSPC: no space left on device, write

    Error: ENOSPC: no space left on device, open 'C:\Users\User\Downloads\wilyer-playwright\search-suite\test-results\search-Search-·-Playlists--efa98-unced-≤-threshold-calls-api-chromium\error-context.md'

    Error: End of central directory record signature not found. Either not a zip file, or file is truncated.


[1A[2K  110) [chromium] › search-suite\tests\search.spec.ts:212:5 › Search · Playlists › Combined: search + pagination stays healthy @combined 

    Error: unexpected console/network errors:
    console: Failed to load resource: the server responded with a status of 429 ()
    console: Failed to load resource: the server responded with a status of 429 ()
    console: Failed to load resource: the server responded with a status of 429 ()
    console: Failed to load resource: the server responded with a status of 429 ()
    console: Failed to load resource: the server responded with a status of 429 ()
    console: Failed to load resource: the server responded with a status of 429 ()
    console: Failed to load resource: the server responded with a status of 429 ()
    console: Failed to load resource: the server responded with a status of 429 ()
    console: Failed to load resource: the server responded with a status of 429 ()
    console: Failed to load resource: the server responded with a status of 429 ()
    console: Failed to load resource: the server responded with a status of 429 ()
    console: Failed to load resource: the server responded with a status of 429 ()
    console: Failed to load resource: the server responded with a status of 429 ()
    console: Failed to load resource: the server responded with a status of 429 ()

    [2mexpect([22m[31mreceived[39m[2m).[22mtoEqual[2m([22m[32mexpected[39m[2m) // deep equality[22m

    [32m- Expected  -  1[39m
    [31m+ Received  + 16[39m

    [32m- Array [][39m
    [31m+ Array [[39m
    [31m+   "console: Failed to load resource: the server responded with a status of 429 ()",[39m
    [31m+   "console: Failed to load resource: the server responded with a status of 429 ()",[39m
    [31m+   "console: Failed to load resource: the server responded with a status of 429 ()",[39m
    [31m+   "console: Failed to load resource: the server responded with a status of 429 ()",[39m
    [31m+   "console: Failed to load resource: the server responded with a status of 429 ()",[39m
    [31m+   "console: Failed to load resource: the server responded with a status of 429 ()",[39m
    [31m+   "console: Failed to load resource: the server responded with a status of 429 ()",[39m
    [31m+   "console: Failed to load resource: the server responded with a status of 429 ()",[39m
    [31m+   "console: Failed to load resource: the server responded with a status of 429 ()",[39m
    [31m+   "console: Failed to load resource: the server responded with a status of 429 ()",[39m
    [31m+   "console: Failed to load resource: the server responded with a status of 429 ()",[39m
    [31m+   "console: Failed to load resource: the server responded with a status of 429 ()",[39m
    [31m+   "console: Failed to load resource: the server responded with a status of 429 ()",[39m
    [31m+   "console: Failed to load resource: the server responded with a status of 429 ()",[39m
    [31m+ ][39m

       at ..\fixtures\searchFixtures.ts:44

      42 |       ];
      43 |       if (ENV.STRICT_CONSOLE) {
    > 44 |         expect(problems, `unexpected console/network errors:\n${problems.join('\n')}`).toEqual([]);
         |                                                                                        ^
      45 |       } else if (problems.length) {
      46 |         console.warn(`[monitor] ${testInfo.title} — ${problems.length} non-fatal issue(s):\n${problems.join('\n')}`);
      47 |       }
        at Object.base.extend.monitor.auto (C:\Users\User\Downloads\wilyer-playwright\search-suite\fixtures\searchFixtures.ts:44:88)

    Error: apiRequestContext._wrapApiCall: ENOSPC: no space left on device, write

    Error: End of central directory record signature not found. Either not a zip file, or file is truncated.

    Error Context: search-suite\test-results\search-Search-·-Playlists--76516-tion-stays-healthy-combined-chromium\error-context.md


[1A[2K[194/351] [chromium] › search-suite\tests\search.spec.ts:44:5 › Search · Team › UI: search input is visible, enabled and has a placeholder @ui
[1A[2K[195/351] [chromium] › search-suite\tests\search.spec.ts:225:5 › Search · Playlists › Combined: search + browser back/forward recovers cleanly @combined
[1A[2K[196/351] [chromium] › search-suite\tests\search.spec.ts:235:5 › Search · Playlists › Perf: consecutive searches stay within the average threshold @perf
[1A[2K[197/351] [chromium] › search-suite\tests\search.spec.ts:52:5 › Search · Team › UI: invalid search shows a no-records state, not a blank page @ui
[1A[2K[198/351] [chromium] › search-suite\tests\search.spec.ts:59:5 › Search · Team › Functional: exact + partial match return relevant rows @functional
[1A[2K[199/351] [chromium] › search-suite\tests\search.spec.ts:73:5 › Search · Team › Functional: search is case-insensitive @functional
[1A[2K  111) [chromium] › search-suite\tests\search.spec.ts:225:5 › Search · Playlists › Combined: search + browser back/forward recovers cleanly @combined 

    Error: blank white screen detected (after-back)

    [2mexpect([22m[31mreceived[39m[2m).[22mtoBeTruthy[2m()[22m

    Received: [31mfalse[39m

       at ..\pages\basePage.ts:38

      36 |       text.trim().length > 0 || domLen > 2_000,
      37 |       `blank white screen detected (${context})`,
    > 38 |     ).toBeTruthy();
         |       ^
      39 |   }
      40 |
      41 |   /** App shell rendered and non-blank — the baseline "not crashed" assertion. */
        at SearchPage.verifyNoWhiteScreen (C:\Users\User\Downloads\wilyer-playwright\search-suite\pages\basePage.ts:38:7)
        at C:\Users\User\Downloads\wilyer-playwright\search-suite\tests\search.spec.ts:229:7

    Error: ENOSPC: no space left on device, write

    attachment #1: screenshot (image/png) ──────────────────────────────────────────────────────────
    search-suite\test-results\search-Search-·-Playlists--1dc4f-d-recovers-cleanly-combined-chromium\test-failed-1.png
    ────────────────────────────────────────────────────────────────────────────────────────────────

    Error Context: search-suite\test-results\search-Search-·-Playlists--1dc4f-d-recovers-cleanly-combined-chromium\error-context.md


[1A[2K[200/351] [chromium] › search-suite\tests\search.spec.ts:93:5 › Search · Team › Functional: clearing the search restores the full list @functional
[1A[2K[201/351] [chromium] › search-suite\tests\search.spec.ts:86:5 › Search · Team › Functional: Enter triggers a search request @functional
[1A[2K[202/351] [chromium] › search-suite\tests\search.spec.ts:104:5 › Search · Team › Functional: search state is sane after a page refresh @functional
[1A[2K[203/351] [chromium] › search-suite\tests\search.spec.ts:112:5 › Search · Team › Functional: multiple consecutive searches stay healthy @functional
[1A[2K[204/351] [chromium] › search-suite\tests\search.spec.ts:122:7 › Search · Team › Edge: "empty" does not crash the UI @edge
[1A[2K[205/351] [chromium] › search-suite\tests\search.spec.ts:122:7 › Search · Team › Edge: "single character" does not crash the UI @edge
[1A[2K[206/351] [chromium] › search-suite\tests\search.spec.ts:122:7 › Search · Team › Edge: "only spaces" does not crash the UI @edge
[1A[2K[207/351] [chromium] › search-suite\tests\search.spec.ts:122:7 › Search · Team › Edge: "leading/trailing spaces" does not crash the UI @edge
[1A[2K[208/351] [chromium] › search-suite\tests\search.spec.ts:122:7 › Search · Team › Edge: "multiple inner spaces" does not crash the UI @edge
[1A[2K[209/351] [chromium] › search-suite\tests\search.spec.ts:122:7 › Search · Team › Edge: "very long (1200 chars)" does not crash the UI @edge
[1A[2K[210/351] [chromium] › search-suite\tests\search.spec.ts:122:7 › Search · Team › Edge: "special characters" does not crash the UI @edge
[1A[2K[211/351] [chromium] › search-suite\tests\search.spec.ts:122:7 › Search · Team › Edge: "unicode hi/zh/ja" does not crash the UI @edge
[1A[2K[212/351] [chromium] › search-suite\tests\search.spec.ts:122:7 › Search · Team › Edge: "emoji" does not crash the UI @edge
[1A[2K[213/351] [chromium] › search-suite\tests\search.spec.ts:122:7 › Search · Team › Edge: "newline and tab" does not crash the UI @edge
[1A[2K[214/351] [chromium] › search-suite\tests\search.spec.ts:122:7 › Search · Team › Edge: "url-encoded" does not crash the UI @edge
[1A[2K[215/351] [chromium] › search-suite\tests\search.spec.ts:134:7 › Search · Team › Security: "SQLi ' OR 1=1 --" is inert (no execution) @security
[1A[2K[216/351] [chromium] › search-suite\tests\search.spec.ts:134:7 › Search · Team › Security: "SQLi admin'--" is inert (no execution) @security
[1A[2K[217/351] [chromium] › search-suite\tests\search.spec.ts:134:7 › Search · Team › Security: "SQLi DROP TABLE" is inert (no execution) @security
[1A[2K[218/351] [chromium] › search-suite\tests\search.spec.ts:134:7 › Search · Team › Security: "XSS <script>" is inert (no execution) @security
[1A[2K[219/351] [chromium] › search-suite\tests\search.spec.ts:134:7 › Search · Team › Security: "XSS img onerror" is inert (no execution) @security
[1A[2K[220/351] [chromium] › search-suite\tests\search.spec.ts:134:7 › Search · Team › Security: "XSS svg onload" is inert (no execution) @security
[1A[2K[221/351] [chromium] › search-suite\tests\search.spec.ts:134:7 › Search · Team › Security: "HTML injection" is inert (no execution) @security
[1A[2K[222/351] [chromium] › search-suite\tests\search.spec.ts:153:7 › Search · Team › API: "500 server error" degrades gracefully (no blank) @api
[1A[2K[223/351] [chromium] › search-suite\tests\search.spec.ts:153:7 › Search · Team › API: "404 not found" degrades gracefully (no blank) @api
[1A[2K[224/351] [chromium] › search-suite\tests\search.spec.ts:153:7 › Search · Team › API: "401 unauthorized" degrades gracefully (no blank) @api
[1A[2K[225/351] [chromium] › search-suite\tests\search.spec.ts:153:7 › Search · Team › API: "403 forbidden" degrades gracefully (no blank) @api
[1A[2K[226/351] [chromium] › search-suite\tests\search.spec.ts:153:7 › Search · Team › API: "empty array" degrades gracefully (no blank) @api
[1A[2K[227/351] [chromium] › search-suite\tests\search.spec.ts:153:7 › Search · Team › API: "malformed JSON" degrades gracefully (no blank) @api
[1A[2K[228/351] [chromium] › search-suite\tests\search.spec.ts:153:7 › Search · Team › API: "backend unavailable" degrades gracefully (no blank) @api
[1A[2K[229/351] [chromium] › search-suite\tests\search.spec.ts:153:7 › Search · Team › API: "timeout (no response)" degrades gracefully (no blank) @api
[1A[2K  112) [chromium] › search-suite\tests\search.spec.ts:153:7 › Search · Team › API: "401 unauthorized" degrades gracefully (no blank) @api 

    Error: sidebar/header must remain visible

    [2mexpect([22m[31mlocator[39m[2m).[22mtoBeVisible[2m([22m[2m)[22m failed

    Locator: locator('aside:visible, nav:visible, header:visible, [class*="sidebar" i]:visible').first()
    Expected: visible
    Timeout: 15000ms
    Error: element(s) not found

    Call log:
    [2m  - sidebar/header must remain visible with timeout 15000ms[22m
    [2m  - waiting for locator('aside:visible, nav:visible, header:visible, [class*="sidebar" i]:visible').first()[22m


      165 |         // Resilience contract: shell survives, no blank, no uncaught exception.
      166 |         await helper.verifyNoWhiteScreen(`api:${fail.name}`);
    > 167 |         await expect(helper.sp.shell, 'sidebar/header must remain visible').toBeVisible();
          |                                                                             ^
      168 |         expect(monitor.report().pageErrors, 'no uncaught JS exceptions on API failure').toEqual([]);
      169 |
      170 |         await helper.unmock();
        at C:\Users\User\Downloads\wilyer-playwright\search-suite\tests\search.spec.ts:167:77

    Error: apiRequestContext._wrapApiCall: ENOSPC: no space left on device, open 'C:\Users\User\Downloads\wilyer-playwright\search-suite\test-results\.playwright-artifacts-113\traces\a088064de9fe351eef5f-87281f3d93e8c87c4e3d-recording6.network'

    Error: ENOSPC: no space left on device, write

    attachment #2: trace (application/zip) ─────────────────────────────────────────────────────────
    search-suite\test-results\search-Search-·-Team-API-4-be18b-des-gracefully-no-blank-api-chromium\trace.zip
    Usage:

        npx playwright show-trace search-suite\test-results\search-Search-·-Team-API-4-be18b-des-gracefully-no-blank-api-chromium\trace.zip

    ────────────────────────────────────────────────────────────────────────────────────────────────


[1A[2K[230/351] [chromium] › search-suite\tests\search.spec.ts:174:5 › Search · Team › API: offline during search keeps the UI stable @api
[1A[2K[231/351] [chromium] › search-suite\tests\search.spec.ts:184:5 › Search · Team › API: successful search is fast and debounced (≤ threshold calls) @api
[1A[2K[232/351] [chromium] › search-suite\tests\search.spec.ts:212:5 › Search · Team › Combined: search + pagination stays healthy @combined
[1A[2K[chromium] › search-suite\tests\search.spec.ts:184:5 › Search · Team › API: successful search is fast and debounced (≤ threshold calls) @api
[Team] search calls=1 slowest=453ms

[1A[2K[233/351] [chromium] › search-suite\tests\search.spec.ts:225:5 › Search · Team › Combined: search + browser back/forward recovers cleanly @combined
[1A[2K[234/351] [chromium] › search-suite\tests\search.spec.ts:235:5 › Search · Team › Perf: consecutive searches stay within the average threshold @perf
[1A[2K[235/351] [chromium] › search-suite\tests\search.spec.ts:44:5 › Search · Members › UI: search input is visible, enabled and has a placeholder @ui
[1A[2K[236/351] [chromium] › search-suite\tests\search.spec.ts:52:5 › Search · Members › UI: invalid search shows a no-records state, not a blank page @ui
[1A[2K  113) [chromium] › search-suite\tests\search.spec.ts:225:5 › Search · Team › Combined: search + browser back/forward recovers cleanly @combined 

    Error: blank white screen detected (after-back)

    [2mexpect([22m[31mreceived[39m[2m).[22mtoBeTruthy[2m()[22m

    Received: [31mfalse[39m

       at ..\pages\basePage.ts:38

      36 |       text.trim().length > 0 || domLen > 2_000,
      37 |       `blank white screen detected (${context})`,
    > 38 |     ).toBeTruthy();
         |       ^
      39 |   }
      40 |
      41 |   /** App shell rendered and non-blank — the baseline "not crashed" assertion. */
        at SearchPage.verifyNoWhiteScreen (C:\Users\User\Downloads\wilyer-playwright\search-suite\pages\basePage.ts:38:7)
        at C:\Users\User\Downloads\wilyer-playwright\search-suite\tests\search.spec.ts:229:7

    Error: apiRequestContext._wrapApiCall: ENOSPC: no space left on device, write

    Error: ENOSPC: no space left on device, open 'C:\Users\User\Downloads\wilyer-playwright\search-suite\test-results\search-Search-·-Team-Combi-88f30-d-recovers-cleanly-combined-chromium\error-context.md'

    attachment #2: trace (application/zip) ─────────────────────────────────────────────────────────
    search-suite\test-results\search-Search-·-Team-Combi-88f30-d-recovers-cleanly-combined-chromium\trace.zip
    Usage:

        npx playwright show-trace search-suite\test-results\search-Search-·-Team-Combi-88f30-d-recovers-cleanly-combined-chromium\trace.zip

    ────────────────────────────────────────────────────────────────────────────────────────────────


[1A[2K[237/351] [chromium] › search-suite\tests\search.spec.ts:59:5 › Search · Members › Functional: exact + partial match return relevant rows @functional
[1A[2K  114) [chromium] › search-suite\tests\search.spec.ts:44:5 › Search · Members › UI: search input is visible, enabled and has a placeholder @ui 

    Error: [Members] search input should be present

    [2mexpect([22m[31mlocator[39m[2m).[22mtoBeVisible[2m([22m[2m)[22m failed

    Locator:  locator('input[placeholder="Search..."]:visible').first().or(getByPlaceholder(/search/i).first())
    Expected: visible
    Received: hidden
    Timeout:  20000ms

    Call log:
    [2m  - [Members] search input should be present with timeout 20000ms[22m
    [2m  - waiting for locator('input[placeholder="Search..."]:visible').first().or(getByPlaceholder(/search/i).first())[22m
    [2m    23 × locator resolved to <input value="" type="text" placeholder="Search..." class="form-control rounded-md shadow-sm"/>[22m
    [2m       - unexpected value "hidden"[22m


       at ..\pages\searchPage.ts:62

      60 |     await firstLoad;
      61 |     await expect(this.searchInput, `[${this.module.name}] search input should be present`)
    > 62 |       .toBeVisible({ timeout: 20_000 });
         |        ^
      63 |     return this;
      64 |   }
      65 |
        at SearchPage.open (C:\Users\User\Downloads\wilyer-playwright\search-suite\pages\searchPage.ts:62:8)
        at open (C:\Users\User\Downloads\wilyer-playwright\search-suite\tests\search.spec.ts:39:7)
        at C:\Users\User\Downloads\wilyer-playwright\search-suite\tests\search.spec.ts:45:22

    Error: apiRequestContext._wrapApiCall: ENOSPC: no space left on device, write

    Error: ENOSPC: no space left on device, open 'C:\Users\User\Downloads\wilyer-playwright\search-suite\test-results\search-Search-·-Members-UI-eec04-ed-and-has-a-placeholder-ui-chromium\error-context.md'

    attachment #2: trace (application/zip) ─────────────────────────────────────────────────────────
    search-suite\test-results\search-Search-·-Members-UI-eec04-ed-and-has-a-placeholder-ui-chromium\trace.zip
    Usage:

        npx playwright show-trace search-suite\test-results\search-Search-·-Members-UI-eec04-ed-and-has-a-placeholder-ui-chromium\trace.zip

    ────────────────────────────────────────────────────────────────────────────────────────────────


[1A[2K  115) [chromium] › search-suite\tests\search.spec.ts:52:5 › Search · Members › UI: invalid search shows a no-records state, not a blank page @ui 

    Error: [Members] search input should be present

    [2mexpect([22m[31mlocator[39m[2m).[22mtoBeVisible[2m([22m[2m)[22m failed

    Locator:  locator('input[placeholder="Search..."]:visible').first().or(getByPlaceholder(/search/i).first())
    Expected: visible
    Received: hidden
    Timeout:  20000ms

    Call log:
    [2m  - [Members] search input should be present with timeout 20000ms[22m
    [2m  - waiting for locator('input[placeholder="Search..."]:visible').first().or(getByPlaceholder(/search/i).first())[22m
    [2m    23 × locator resolved to <input value="" type="text" placeholder="Search..." class="form-control rounded-md shadow-sm"/>[22m
    [2m       - unexpected value "hidden"[22m


       at ..\pages\searchPage.ts:62

      60 |     await firstLoad;
      61 |     await expect(this.searchInput, `[${this.module.name}] search input should be present`)
    > 62 |       .toBeVisible({ timeout: 20_000 });
         |        ^
      63 |     return this;
      64 |   }
      65 |
        at SearchPage.open (C:\Users\User\Downloads\wilyer-playwright\search-suite\pages\searchPage.ts:62:8)
        at open (C:\Users\User\Downloads\wilyer-playwright\search-suite\tests\search.spec.ts:39:7)
        at C:\Users\User\Downloads\wilyer-playwright\search-suite\tests\search.spec.ts:53:22

    Error: apiRequestContext._wrapApiCall: ENOSPC: no space left on device, write

    Error: ENOSPC: no space left on device, write

    attachment #2: trace (application/zip) ─────────────────────────────────────────────────────────
    search-suite\test-results\search-Search-·-Members-UI-fb763-s-state-not-a-blank-page-ui-chromium\trace.zip
    Usage:

        npx playwright show-trace search-suite\test-results\search-Search-·-Members-UI-fb763-s-state-not-a-blank-page-ui-chromium\trace.zip

    ────────────────────────────────────────────────────────────────────────────────────────────────


[1A[2K[238/351] [chromium] › search-suite\tests\search.spec.ts:73:5 › Search · Members › Functional: search is case-insensitive @functional
[1A[2K[239/351] [chromium] › search-suite\tests\search.spec.ts:86:5 › Search · Members › Functional: Enter triggers a search request @functional
[1A[2K  116) [chromium] › search-suite\tests\search.spec.ts:59:5 › Search · Members › Functional: exact + partial match return relevant rows @functional 

    Error: [Members] search input should be present

    [2mexpect([22m[31mlocator[39m[2m).[22mtoBeVisible[2m([22m[2m)[22m failed

    Locator:  locator('input[placeholder="Search..."]:visible').first().or(getByPlaceholder(/search/i).first())
    Expected: visible
    Received: hidden
    Timeout:  20000ms

    Call log:
    [2m  - [Members] search input should be present with timeout 20000ms[22m
    [2m  - waiting for locator('input[placeholder="Search..."]:visible').first().or(getByPlaceholder(/search/i).first())[22m
    [2m    23 × locator resolved to <input value="" type="text" placeholder="Search..." class="form-control rounded-md shadow-sm"/>[22m
    [2m       - unexpected value "hidden"[22m


       at ..\pages\searchPage.ts:62

      60 |     await firstLoad;
      61 |     await expect(this.searchInput, `[${this.module.name}] search input should be present`)
    > 62 |       .toBeVisible({ timeout: 20_000 });
         |        ^
      63 |     return this;
      64 |   }
      65 |
        at SearchPage.open (C:\Users\User\Downloads\wilyer-playwright\search-suite\pages\searchPage.ts:62:8)
        at open (C:\Users\User\Downloads\wilyer-playwright\search-suite\tests\search.spec.ts:39:7)
        at C:\Users\User\Downloads\wilyer-playwright\search-suite\tests\search.spec.ts:60:22

    Error: apiRequestContext._wrapApiCall: ENOSPC: no space left on device, write

    attachment #1: screenshot (image/png) ──────────────────────────────────────────────────────────
    search-suite\test-results\search-Search-·-Members-Fu-e83dd-rn-relevant-rows-functional-chromium\test-failed-1.png
    ────────────────────────────────────────────────────────────────────────────────────────────────

    Error Context: search-suite\test-results\search-Search-·-Members-Fu-e83dd-rn-relevant-rows-functional-chromium\error-context.md

    attachment #4: trace (application/zip) ─────────────────────────────────────────────────────────
    search-suite\test-results\search-Search-·-Members-Fu-e83dd-rn-relevant-rows-functional-chromium\trace.zip
    Usage:

        npx playwright show-trace search-suite\test-results\search-Search-·-Members-Fu-e83dd-rn-relevant-rows-functional-chromium\trace.zip

    ────────────────────────────────────────────────────────────────────────────────────────────────


[1A[2K[240/351] [chromium] › search-suite\tests\search.spec.ts:93:5 › Search · Members › Functional: clearing the search restores the full list @functional
[1A[2K  117) [chromium] › search-suite\tests\search.spec.ts:93:5 › Search · Members › Functional: clearing the search restores the full list @functional 

    Error: [Members] search input should be present

    [2mexpect([22m[31mlocator[39m[2m).[22mtoBeVisible[2m([22m[2m)[22m failed

    Locator:  locator('input[placeholder="Search..."]:visible').first().or(getByPlaceholder(/search/i).first())
    Expected: visible
    Received: hidden
    Timeout:  20000ms

    Call log:
    [2m  - [Members] search input should be present with timeout 20000ms[22m
    [2m  - waiting for locator('input[placeholder="Search..."]:visible').first().or(getByPlaceholder(/search/i).first())[22m
    [2m    20 × locator resolved to <input value="" type="text" placeholder="Search..." class="form-control rounded-md shadow-sm"/>[22m
    [2m       - unexpected value "hidden"[22m


       at ..\pages\searchPage.ts:62

      60 |     await firstLoad;
      61 |     await expect(this.searchInput, `[${this.module.name}] search input should be present`)
    > 62 |       .toBeVisible({ timeout: 20_000 });
         |        ^
      63 |     return this;
      64 |   }
      65 |
        at SearchPage.open (C:\Users\User\Downloads\wilyer-playwright\search-suite\pages\searchPage.ts:62:8)
        at open (C:\Users\User\Downloads\wilyer-playwright\search-suite\tests\search.spec.ts:39:7)
        at C:\Users\User\Downloads\wilyer-playwright\search-suite\tests\search.spec.ts:94:22

    Error: insufficient memory

    Error: End of central directory record signature not found. Either not a zip file, or file is truncated.

    attachment #1: screenshot (image/png) ──────────────────────────────────────────────────────────
    search-suite\test-results\search-Search-·-Members-Fu-c3100-es-the-full-list-functional-chromium\test-failed-1.png
    ────────────────────────────────────────────────────────────────────────────────────────────────

    Error Context: search-suite\test-results\search-Search-·-Members-Fu-c3100-es-the-full-list-functional-chromium\error-context.md


[1A[2K[241/351] [chromium] › search-suite\tests\search.spec.ts:104:5 › Search · Members › Functional: search state is sane after a page refresh @functional
[1A[2K  118) [chromium] › search-suite\tests\search.spec.ts:73:5 › Search · Members › Functional: search is case-insensitive @functional 

    Error: [Members] search input should be present

    [2mexpect([22m[31mlocator[39m[2m).[22mtoBeVisible[2m([22m[2m)[22m failed

    Locator:  locator('input[placeholder="Search..."]:visible').first().or(getByPlaceholder(/search/i).first())
    Expected: visible
    Received: hidden
    Timeout:  20000ms

    Call log:
    [2m  - [Members] search input should be present with timeout 20000ms[22m
    [2m  - waiting for locator('input[placeholder="Search..."]:visible').first().or(getByPlaceholder(/search/i).first())[22m
    [2m    23 × locator resolved to <input value="" type="text" placeholder="Search..." class="form-control rounded-md shadow-sm"/>[22m
    [2m       - unexpected value "hidden"[22m


       at ..\pages\searchPage.ts:62

      60 |     await firstLoad;
      61 |     await expect(this.searchInput, `[${this.module.name}] search input should be present`)
    > 62 |       .toBeVisible({ timeout: 20_000 });
         |        ^
      63 |     return this;
      64 |   }
      65 |
        at SearchPage.open (C:\Users\User\Downloads\wilyer-playwright\search-suite\pages\searchPage.ts:62:8)
        at open (C:\Users\User\Downloads\wilyer-playwright\search-suite\tests\search.spec.ts:39:7)
        at C:\Users\User\Downloads\wilyer-playwright\search-suite\tests\search.spec.ts:74:22

    attachment #1: screenshot (image/png) ──────────────────────────────────────────────────────────
    search-suite\test-results\search-Search-·-Members-Fu-e99f1-case-insensitive-functional-chromium\test-failed-1.png
    ────────────────────────────────────────────────────────────────────────────────────────────────

    Error Context: search-suite\test-results\search-Search-·-Members-Fu-e99f1-case-insensitive-functional-chromium\error-context.md

    attachment #4: trace (application/zip) ─────────────────────────────────────────────────────────
    search-suite\test-results\search-Search-·-Members-Fu-e99f1-case-insensitive-functional-chromium\trace.zip
    Usage:

        npx playwright show-trace search-suite\test-results\search-Search-·-Members-Fu-e99f1-case-insensitive-functional-chromium\trace.zip

    ────────────────────────────────────────────────────────────────────────────────────────────────


[1A[2K  119) [chromium] › search-suite\tests\search.spec.ts:86:5 › Search · Members › Functional: Enter triggers a search request @functional 

    Error: [Members] search input should be present

    [2mexpect([22m[31mlocator[39m[2m).[22mtoBeVisible[2m([22m[2m)[22m failed

    Locator:  locator('input[placeholder="Search..."]:visible').first().or(getByPlaceholder(/search/i).first())
    Expected: visible
    Received: hidden
    Timeout:  20000ms

    Call log:
    [2m  - [Members] search input should be present with timeout 20000ms[22m
    [2m  - waiting for locator('input[placeholder="Search..."]:visible').first().or(getByPlaceholder(/search/i).first())[22m
    [2m    22 × locator resolved to <input value="" type="text" placeholder="Search..." class="form-control rounded-md shadow-sm"/>[22m
    [2m       - unexpected value "hidden"[22m


       at ..\pages\searchPage.ts:62

      60 |     await firstLoad;
      61 |     await expect(this.searchInput, `[${this.module.name}] search input should be present`)
    > 62 |       .toBeVisible({ timeout: 20_000 });
         |        ^
      63 |     return this;
      64 |   }
      65 |
        at SearchPage.open (C:\Users\User\Downloads\wilyer-playwright\search-suite\pages\searchPage.ts:62:8)
        at open (C:\Users\User\Downloads\wilyer-playwright\search-suite\tests\search.spec.ts:39:7)
        at C:\Users\User\Downloads\wilyer-playwright\search-suite\tests\search.spec.ts:87:22

    attachment #1: screenshot (image/png) ──────────────────────────────────────────────────────────
    search-suite\test-results\search-Search-·-Members-Fu-27c4c-a-search-request-functional-chromium\test-failed-1.png
    ────────────────────────────────────────────────────────────────────────────────────────────────

    Error Context: search-suite\test-results\search-Search-·-Members-Fu-27c4c-a-search-request-functional-chromium\error-context.md

    attachment #4: trace (application/zip) ─────────────────────────────────────────────────────────
    search-suite\test-results\search-Search-·-Members-Fu-27c4c-a-search-request-functional-chromium\trace.zip
    Usage:

        npx playwright show-trace search-suite\test-results\search-Search-·-Members-Fu-27c4c-a-search-request-functional-chromium\trace.zip

    ────────────────────────────────────────────────────────────────────────────────────────────────


[1A[2K[242/351] [chromium] › search-suite\tests\search.spec.ts:112:5 › Search · Members › Functional: multiple consecutive searches stay healthy @functional
[1A[2K[243/351] [chromium] › search-suite\tests\search.spec.ts:122:7 › Search · Members › Edge: "empty" does not crash the UI @edge
[1A[2K  120) [chromium] › search-suite\tests\search.spec.ts:104:5 › Search · Members › Functional: search state is sane after a page refresh @functional 

    Error: [Members] search input should be present

    [2mexpect([22m[31mlocator[39m[2m).[22mtoBeVisible[2m([22m[2m)[22m failed

    Locator:  locator('input[placeholder="Search..."]:visible').first().or(getByPlaceholder(/search/i).first())
    Expected: visible
    Received: hidden
    Timeout:  20000ms

    Call log:
    [2m  - [Members] search input should be present with timeout 20000ms[22m
    [2m  - waiting for locator('input[placeholder="Search..."]:visible').first().or(getByPlaceholder(/search/i).first())[22m
    [2m    21 × locator resolved to <input value="" type="text" placeholder="Search..." class="form-control rounded-md shadow-sm"/>[22m
    [2m       - unexpected value "hidden"[22m


       at ..\pages\searchPage.ts:62

      60 |     await firstLoad;
      61 |     await expect(this.searchInput, `[${this.module.name}] search input should be present`)
    > 62 |       .toBeVisible({ timeout: 20_000 });
         |        ^
      63 |     return this;
      64 |   }
      65 |
        at SearchPage.open (C:\Users\User\Downloads\wilyer-playwright\search-suite\pages\searchPage.ts:62:8)
        at open (C:\Users\User\Downloads\wilyer-playwright\search-suite\tests\search.spec.ts:39:7)
        at C:\Users\User\Downloads\wilyer-playwright\search-suite\tests\search.spec.ts:105:22

    attachment #1: screenshot (image/png) ──────────────────────────────────────────────────────────
    search-suite\test-results\search-Search-·-Members-Fu-729df-r-a-page-refresh-functional-chromium\test-failed-1.png
    ────────────────────────────────────────────────────────────────────────────────────────────────

    Error Context: search-suite\test-results\search-Search-·-Members-Fu-729df-r-a-page-refresh-functional-chromium\error-context.md

    attachment #4: trace (application/zip) ─────────────────────────────────────────────────────────
    search-suite\test-results\search-Search-·-Members-Fu-729df-r-a-page-refresh-functional-chromium\trace.zip
    Usage:

        npx playwright show-trace search-suite\test-results\search-Search-·-Members-Fu-729df-r-a-page-refresh-functional-chromium\trace.zip

    ────────────────────────────────────────────────────────────────────────────────────────────────


[1A[2K  121) [chromium] › search-suite\tests\search.spec.ts:112:5 › Search · Members › Functional: multiple consecutive searches stay healthy @functional 

    Error: [Members] search input should be present

    [2mexpect([22m[31mlocator[39m[2m).[22mtoBeVisible[2m([22m[2m)[22m failed

    Locator:  locator('input[placeholder="Search..."]:visible').first().or(getByPlaceholder(/search/i).first())
    Expected: visible
    Received: hidden
    Timeout:  20000ms

    Call log:
    [2m  - [Members] search input should be present with timeout 20000ms[22m
    [2m  - waiting for locator('input[placeholder="Search..."]:visible').first().or(getByPlaceholder(/search/i).first())[22m
    [2m    20 × locator resolved to <input value="" type="text" placeholder="Search..." class="form-control rounded-md shadow-sm"/>[22m
    [2m       - unexpected value "hidden"[22m


       at ..\pages\searchPage.ts:62

      60 |     await firstLoad;
      61 |     await expect(this.searchInput, `[${this.module.name}] search input should be present`)
    > 62 |       .toBeVisible({ timeout: 20_000 });
         |        ^
      63 |     return this;
      64 |   }
      65 |
        at SearchPage.open (C:\Users\User\Downloads\wilyer-playwright\search-suite\pages\searchPage.ts:62:8)
        at open (C:\Users\User\Downloads\wilyer-playwright\search-suite\tests\search.spec.ts:39:7)
        at C:\Users\User\Downloads\wilyer-playwright\search-suite\tests\search.spec.ts:113:22

    attachment #1: screenshot (image/png) ──────────────────────────────────────────────────────────
    search-suite\test-results\search-Search-·-Members-Fu-5a88c-hes-stay-healthy-functional-chromium\test-failed-1.png
    ────────────────────────────────────────────────────────────────────────────────────────────────

    Error Context: search-suite\test-results\search-Search-·-Members-Fu-5a88c-hes-stay-healthy-functional-chromium\error-context.md

    attachment #4: trace (application/zip) ─────────────────────────────────────────────────────────
    search-suite\test-results\search-Search-·-Members-Fu-5a88c-hes-stay-healthy-functional-chromium\trace.zip
    Usage:

        npx playwright show-trace search-suite\test-results\search-Search-·-Members-Fu-5a88c-hes-stay-healthy-functional-chromium\trace.zip

    ────────────────────────────────────────────────────────────────────────────────────────────────


[1A[2K[244/351] [chromium] › search-suite\tests\search.spec.ts:122:7 › Search · Members › Edge: "single character" does not crash the UI @edge
[1A[2K[245/351] [chromium] › search-suite\tests\search.spec.ts:122:7 › Search · Members › Edge: "only spaces" does not crash the UI @edge
[1A[2K  122) [chromium] › search-suite\tests\search.spec.ts:122:7 › Search · Members › Edge: "empty" does not crash the UI @edge 

    Error: [Members] search input should be present

    [2mexpect([22m[31mlocator[39m[2m).[22mtoBeVisible[2m([22m[2m)[22m failed

    Locator:  locator('input[placeholder="Search..."]:visible').first().or(getByPlaceholder(/search/i).first())
    Expected: visible
    Received: hidden
    Timeout:  20000ms

    Call log:
    [2m  - [Members] search input should be present with timeout 20000ms[22m
    [2m  - waiting for locator('input[placeholder="Search..."]:visible').first().or(getByPlaceholder(/search/i).first())[22m
    [2m    22 × locator resolved to <input value="" type="text" placeholder="Search..." class="form-control rounded-md shadow-sm"/>[22m
    [2m       - unexpected value "hidden"[22m


       at ..\pages\searchPage.ts:62

      60 |     await firstLoad;
      61 |     await expect(this.searchInput, `[${this.module.name}] search input should be present`)
    > 62 |       .toBeVisible({ timeout: 20_000 });
         |        ^
      63 |     return this;
      64 |   }
      65 |
        at SearchPage.open (C:\Users\User\Downloads\wilyer-playwright\search-suite\pages\searchPage.ts:62:8)
        at open (C:\Users\User\Downloads\wilyer-playwright\search-suite\tests\search.spec.ts:39:7)
        at C:\Users\User\Downloads\wilyer-playwright\search-suite\tests\search.spec.ts:123:24

    attachment #1: screenshot (image/png) ──────────────────────────────────────────────────────────
    search-suite\test-results\search-Search-·-Members-Ed-a3dd8--does-not-crash-the-UI-edge-chromium\test-failed-1.png
    ────────────────────────────────────────────────────────────────────────────────────────────────

    Error Context: search-suite\test-results\search-Search-·-Members-Ed-a3dd8--does-not-crash-the-UI-edge-chromium\error-context.md

    attachment #4: trace (application/zip) ─────────────────────────────────────────────────────────
    search-suite\test-results\search-Search-·-Members-Ed-a3dd8--does-not-crash-the-UI-edge-chromium\trace.zip
    Usage:

        npx playwright show-trace search-suite\test-results\search-Search-·-Members-Ed-a3dd8--does-not-crash-the-UI-edge-chromium\trace.zip

    ────────────────────────────────────────────────────────────────────────────────────────────────


[1A[2K[246/351] [chromium] › search-suite\tests\search.spec.ts:122:7 › Search · Members › Edge: "leading/trailing spaces" does not crash the UI @edge
[1A[2K  123) [chromium] › search-suite\tests\search.spec.ts:122:7 › Search · Members › Edge: "only spaces" does not crash the UI @edge 

    Error: [Members] search input should be present

    [2mexpect([22m[31mlocator[39m[2m).[22mtoBeVisible[2m([22m[2m)[22m failed

    Locator:  locator('input[placeholder="Search..."]:visible').first().or(getByPlaceholder(/search/i).first())
    Expected: visible
    Received: hidden
    Timeout:  20000ms

    Call log:
    [2m  - [Members] search input should be present with timeout 20000ms[22m
    [2m  - waiting for locator('input[placeholder="Search..."]:visible').first().or(getByPlaceholder(/search/i).first())[22m
    [2m    20 × locator resolved to <input value="" type="text" placeholder="Search..." class="form-control rounded-md shadow-sm"/>[22m
    [2m       - unexpected value "hidden"[22m


       at ..\pages\searchPage.ts:62

      60 |     await firstLoad;
      61 |     await expect(this.searchInput, `[${this.module.name}] search input should be present`)
    > 62 |       .toBeVisible({ timeout: 20_000 });
         |        ^
      63 |     return this;
      64 |   }
      65 |
        at SearchPage.open (C:\Users\User\Downloads\wilyer-playwright\search-suite\pages\searchPage.ts:62:8)
        at open (C:\Users\User\Downloads\wilyer-playwright\search-suite\tests\search.spec.ts:39:7)
        at C:\Users\User\Downloads\wilyer-playwright\search-suite\tests\search.spec.ts:123:24

    attachment #1: screenshot (image/png) ──────────────────────────────────────────────────────────
    search-suite\test-results\search-Search-·-Members-Ed-c6e1d--does-not-crash-the-UI-edge-chromium\test-failed-1.png
    ────────────────────────────────────────────────────────────────────────────────────────────────

    Error Context: search-suite\test-results\search-Search-·-Members-Ed-c6e1d--does-not-crash-the-UI-edge-chromium\error-context.md

    attachment #4: trace (application/zip) ─────────────────────────────────────────────────────────
    search-suite\test-results\search-Search-·-Members-Ed-c6e1d--does-not-crash-the-UI-edge-chromium\trace.zip
    Usage:

        npx playwright show-trace search-suite\test-results\search-Search-·-Members-Ed-c6e1d--does-not-crash-the-UI-edge-chromium\trace.zip

    ────────────────────────────────────────────────────────────────────────────────────────────────


[1A[2K  124) [chromium] › search-suite\tests\search.spec.ts:122:7 › Search · Members › Edge: "single character" does not crash the UI @edge 

    Error: [Members] search input should be present

    [2mexpect([22m[31mlocator[39m[2m).[22mtoBeVisible[2m([22m[2m)[22m failed

    Locator:  locator('input[placeholder="Search..."]:visible').first().or(getByPlaceholder(/search/i).first())
    Expected: visible
    Received: hidden
    Timeout:  20000ms

    Call log:
    [2m  - [Members] search input should be present with timeout 20000ms[22m
    [2m  - waiting for locator('input[placeholder="Search..."]:visible').first().or(getByPlaceholder(/search/i).first())[22m
    [2m    20 × locator resolved to <input value="" type="text" placeholder="Search..." class="form-control rounded-md shadow-sm"/>[22m
    [2m       - unexpected value "hidden"[22m


       at ..\pages\searchPage.ts:62

      60 |     await firstLoad;
      61 |     await expect(this.searchInput, `[${this.module.name}] search input should be present`)
    > 62 |       .toBeVisible({ timeout: 20_000 });
         |        ^
      63 |     return this;
      64 |   }
      65 |
        at SearchPage.open (C:\Users\User\Downloads\wilyer-playwright\search-suite\pages\searchPage.ts:62:8)
        at open (C:\Users\User\Downloads\wilyer-playwright\search-suite\tests\search.spec.ts:39:7)
        at C:\Users\User\Downloads\wilyer-playwright\search-suite\tests\search.spec.ts:123:24

    attachment #1: screenshot (image/png) ──────────────────────────────────────────────────────────
    search-suite\test-results\search-Search-·-Members-Ed-96a47--does-not-crash-the-UI-edge-chromium\test-failed-1.png
    ────────────────────────────────────────────────────────────────────────────────────────────────

    Error Context: search-suite\test-results\search-Search-·-Members-Ed-96a47--does-not-crash-the-UI-edge-chromium\error-context.md

    attachment #4: trace (application/zip) ─────────────────────────────────────────────────────────
    search-suite\test-results\search-Search-·-Members-Ed-96a47--does-not-crash-the-UI-edge-chromium\trace.zip
    Usage:

        npx playwright show-trace search-suite\test-results\search-Search-·-Members-Ed-96a47--does-not-crash-the-UI-edge-chromium\trace.zip

    ────────────────────────────────────────────────────────────────────────────────────────────────


[1A[2K  125) [chromium] › search-suite\tests\search.spec.ts:122:7 › Search · Members › Edge: "leading/trailing spaces" does not crash the UI @edge 

    Error: [Members] search input should be present

    [2mexpect([22m[31mlocator[39m[2m).[22mtoBeVisible[2m([22m[2m)[22m failed

    Locator:  locator('input[placeholder="Search..."]:visible').first().or(getByPlaceholder(/search/i).first())
    Expected: visible
    Received: hidden
    Timeout:  20000ms

    Call log:
    [2m  - [Members] search input should be present with timeout 20000ms[22m
    [2m  - waiting for locator('input[placeholder="Search..."]:visible').first().or(getByPlaceholder(/search/i).first())[22m
    [2m    21 × locator resolved to <input value="" type="text" placeholder="Search..." class="form-control rounded-md shadow-sm"/>[22m
    [2m       - unexpected value "hidden"[22m


       at ..\pages\searchPage.ts:62

      60 |     await firstLoad;
      61 |     await expect(this.searchInput, `[${this.module.name}] search input should be present`)
    > 62 |       .toBeVisible({ timeout: 20_000 });
         |        ^
      63 |     return this;
      64 |   }
      65 |
        at SearchPage.open (C:\Users\User\Downloads\wilyer-playwright\search-suite\pages\searchPage.ts:62:8)
        at open (C:\Users\User\Downloads\wilyer-playwright\search-suite\tests\search.spec.ts:39:7)
        at C:\Users\User\Downloads\wilyer-playwright\search-suite\tests\search.spec.ts:123:24

    attachment #1: screenshot (image/png) ──────────────────────────────────────────────────────────
    search-suite\test-results\search-Search-·-Members-Ed-91b49--does-not-crash-the-UI-edge-chromium\test-failed-1.png
    ────────────────────────────────────────────────────────────────────────────────────────────────

    Error Context: search-suite\test-results\search-Search-·-Members-Ed-91b49--does-not-crash-the-UI-edge-chromium\error-context.md

    attachment #4: trace (application/zip) ─────────────────────────────────────────────────────────
    search-suite\test-results\search-Search-·-Members-Ed-91b49--does-not-crash-the-UI-edge-chromium\trace.zip
    Usage:

        npx playwright show-trace search-suite\test-results\search-Search-·-Members-Ed-91b49--does-not-crash-the-UI-edge-chromium\trace.zip

    ────────────────────────────────────────────────────────────────────────────────────────────────


[1A[2K[247/351] [chromium] › search-suite\tests\search.spec.ts:122:7 › Search · Members › Edge: "multiple inner spaces" does not crash the UI @edge
[1A[2K[248/351] [chromium] › search-suite\tests\search.spec.ts:122:7 › Search · Members › Edge: "very long (1200 chars)" does not crash the UI @edge
[1A[2K[249/351] [chromium] › search-suite\tests\search.spec.ts:122:7 › Search · Members › Edge: "special characters" does not crash the UI @edge
[1A[2K  126) [chromium] › search-suite\tests\search.spec.ts:122:7 › Search · Members › Edge: "special characters" does not crash the UI @edge 

    Error: [Members] search input should be present

    [2mexpect([22m[31mlocator[39m[2m).[22mtoBeVisible[2m([22m[2m)[22m failed

    Locator:  locator('input[placeholder="Search..."]:visible').first().or(getByPlaceholder(/search/i).first())
    Expected: visible
    Received: hidden
    Timeout:  20000ms

    Call log:
    [2m  - [Members] search input should be present with timeout 20000ms[22m
    [2m  - waiting for locator('input[placeholder="Search..."]:visible').first().or(getByPlaceholder(/search/i).first())[22m
    [2m    17 × locator resolved to <input value="" type="text" placeholder="Search..." class="form-control rounded-md shadow-sm"/>[22m
    [2m       - unexpected value "hidden"[22m


       at ..\pages\searchPage.ts:62

      60 |     await firstLoad;
      61 |     await expect(this.searchInput, `[${this.module.name}] search input should be present`)
    > 62 |       .toBeVisible({ timeout: 20_000 });
         |        ^
      63 |     return this;
      64 |   }
      65 |
        at SearchPage.open (C:\Users\User\Downloads\wilyer-playwright\search-suite\pages\searchPage.ts:62:8)
        at open (C:\Users\User\Downloads\wilyer-playwright\search-suite\tests\search.spec.ts:39:7)
        at C:\Users\User\Downloads\wilyer-playwright\search-suite\tests\search.spec.ts:123:24

    attachment #1: screenshot (image/png) ──────────────────────────────────────────────────────────
    search-suite\test-results\search-Search-·-Members-Ed-1c47d--does-not-crash-the-UI-edge-chromium\test-failed-1.png
    ────────────────────────────────────────────────────────────────────────────────────────────────

    Error Context: search-suite\test-results\search-Search-·-Members-Ed-1c47d--does-not-crash-the-UI-edge-chromium\error-context.md

    attachment #4: trace (application/zip) ─────────────────────────────────────────────────────────
    search-suite\test-results\search-Search-·-Members-Ed-1c47d--does-not-crash-the-UI-edge-chromium\trace.zip
    Usage:

        npx playwright show-trace search-suite\test-results\search-Search-·-Members-Ed-1c47d--does-not-crash-the-UI-edge-chromium\trace.zip

    ────────────────────────────────────────────────────────────────────────────────────────────────


[1A[2K  127) [chromium] › search-suite\tests\search.spec.ts:122:7 › Search · Members › Edge: "multiple inner spaces" does not crash the UI @edge 

    Error: [Members] search input should be present

    [2mexpect([22m[31mlocator[39m[2m).[22mtoBeVisible[2m([22m[2m)[22m failed

    Locator:  locator('input[placeholder="Search..."]:visible').first().or(getByPlaceholder(/search/i).first())
    Expected: visible
    Received: hidden
    Timeout:  20000ms

    Call log:
    [2m  - [Members] search input should be present with timeout 20000ms[22m
    [2m  - waiting for locator('input[placeholder="Search..."]:visible').first().or(getByPlaceholder(/search/i).first())[22m
    [2m    19 × locator resolved to <input value="" type="text" placeholder="Search..." class="form-control rounded-md shadow-sm"/>[22m
    [2m       - unexpected value "hidden"[22m


       at ..\pages\searchPage.ts:62

      60 |     await firstLoad;
      61 |     await expect(this.searchInput, `[${this.module.name}] search input should be present`)
    > 62 |       .toBeVisible({ timeout: 20_000 });
         |        ^
      63 |     return this;
      64 |   }
      65 |
        at SearchPage.open (C:\Users\User\Downloads\wilyer-playwright\search-suite\pages\searchPage.ts:62:8)
        at open (C:\Users\User\Downloads\wilyer-playwright\search-suite\tests\search.spec.ts:39:7)
        at C:\Users\User\Downloads\wilyer-playwright\search-suite\tests\search.spec.ts:123:24

    attachment #1: screenshot (image/png) ──────────────────────────────────────────────────────────
    search-suite\test-results\search-Search-·-Members-Ed-69c53--does-not-crash-the-UI-edge-chromium\test-failed-1.png
    ────────────────────────────────────────────────────────────────────────────────────────────────

    Error Context: search-suite\test-results\search-Search-·-Members-Ed-69c53--does-not-crash-the-UI-edge-chromium\error-context.md

    attachment #4: trace (application/zip) ─────────────────────────────────────────────────────────
    search-suite\test-results\search-Search-·-Members-Ed-69c53--does-not-crash-the-UI-edge-chromium\trace.zip
    Usage:

        npx playwright show-trace search-suite\test-results\search-Search-·-Members-Ed-69c53--does-not-crash-the-UI-edge-chromium\trace.zip

    ────────────────────────────────────────────────────────────────────────────────────────────────


[1A[2K  128) [chromium] › search-suite\tests\search.spec.ts:122:7 › Search · Members › Edge: "very long (1200 chars)" does not crash the UI @edge 

    Error: [Members] search input should be present

    [2mexpect([22m[31mlocator[39m[2m).[22mtoBeVisible[2m([22m[2m)[22m failed

    Locator:  locator('input[placeholder="Search..."]:visible').first().or(getByPlaceholder(/search/i).first())
    Expected: visible
    Received: hidden
    Timeout:  20000ms

    Call log:
    [2m  - [Members] search input should be present with timeout 20000ms[22m
    [2m  - waiting for locator('input[placeholder="Search..."]:visible').first().or(getByPlaceholder(/search/i).first())[22m
    [2m    21 × locator resolved to <input value="" type="text" placeholder="Search..." class="form-control rounded-md shadow-sm"/>[22m
    [2m       - unexpected value "hidden"[22m


       at ..\pages\searchPage.ts:62

      60 |     await firstLoad;
      61 |     await expect(this.searchInput, `[${this.module.name}] search input should be present`)
    > 62 |       .toBeVisible({ timeout: 20_000 });
         |        ^
      63 |     return this;
      64 |   }
      65 |
        at SearchPage.open (C:\Users\User\Downloads\wilyer-playwright\search-suite\pages\searchPage.ts:62:8)
        at open (C:\Users\User\Downloads\wilyer-playwright\search-suite\tests\search.spec.ts:39:7)
        at C:\Users\User\Downloads\wilyer-playwright\search-suite\tests\search.spec.ts:123:24

    attachment #1: screenshot (image/png) ──────────────────────────────────────────────────────────
    search-suite\test-results\search-Search-·-Members-Ed-989ab--does-not-crash-the-UI-edge-chromium\test-failed-1.png
    ────────────────────────────────────────────────────────────────────────────────────────────────

    Error Context: search-suite\test-results\search-Search-·-Members-Ed-989ab--does-not-crash-the-UI-edge-chromium\error-context.md

    attachment #4: trace (application/zip) ─────────────────────────────────────────────────────────
    search-suite\test-results\search-Search-·-Members-Ed-989ab--does-not-crash-the-UI-edge-chromium\trace.zip
    Usage:

        npx playwright show-trace search-suite\test-results\search-Search-·-Members-Ed-989ab--does-not-crash-the-UI-edge-chromium\trace.zip

    ────────────────────────────────────────────────────────────────────────────────────────────────


[1A[2K[250/351] [chromium] › search-suite\tests\search.spec.ts:122:7 › Search · Members › Edge: "emoji" does not crash the UI @edge
[1A[2K[251/351] [chromium] › search-suite\tests\search.spec.ts:122:7 › Search · Members › Edge: "unicode hi/zh/ja" does not crash the UI @edge
[1A[2K[252/351] [chromium] › search-suite\tests\search.spec.ts:122:7 › Search · Members › Edge: "newline and tab" does not crash the UI @edge
[1A[2K  129) [chromium] › search-suite\tests\search.spec.ts:122:7 › Search · Members › Edge: "newline and tab" does not crash the UI @edge 

    Error: [Members] search input should be present

    [2mexpect([22m[31mlocator[39m[2m).[22mtoBeVisible[2m([22m[2m)[22m failed

    Locator:  locator('input[placeholder="Search..."]:visible').first().or(getByPlaceholder(/search/i).first())
    Expected: visible
    Received: hidden
    Timeout:  20000ms

    Call log:
    [2m  - [Members] search input should be present with timeout 20000ms[22m
    [2m  - waiting for locator('input[placeholder="Search..."]:visible').first().or(getByPlaceholder(/search/i).first())[22m
    [2m    21 × locator resolved to <input value="" type="text" placeholder="Search..." class="form-control rounded-md shadow-sm"/>[22m
    [2m       - unexpected value "hidden"[22m


       at ..\pages\searchPage.ts:62

      60 |     await firstLoad;
      61 |     await expect(this.searchInput, `[${this.module.name}] search input should be present`)
    > 62 |       .toBeVisible({ timeout: 20_000 });
         |        ^
      63 |     return this;
      64 |   }
      65 |
        at SearchPage.open (C:\Users\User\Downloads\wilyer-playwright\search-suite\pages\searchPage.ts:62:8)
        at open (C:\Users\User\Downloads\wilyer-playwright\search-suite\tests\search.spec.ts:39:7)
        at C:\Users\User\Downloads\wilyer-playwright\search-suite\tests\search.spec.ts:123:24

    Error: ENOSPC: no space left on device, write

    attachment #1: screenshot (image/png) ──────────────────────────────────────────────────────────
    search-suite\test-results\search-Search-·-Members-Ed-d8b75--does-not-crash-the-UI-edge-chromium\test-failed-1.png
    ────────────────────────────────────────────────────────────────────────────────────────────────

    Error Context: search-suite\test-results\search-Search-·-Members-Ed-d8b75--does-not-crash-the-UI-edge-chromium\error-context.md


[1A[2K  130) [chromium] › search-suite\tests\search.spec.ts:122:7 › Search · Members › Edge: "emoji" does not crash the UI @edge 

    Error: [Members] search input should be present

    [2mexpect([22m[31mlocator[39m[2m).[22mtoBeVisible[2m([22m[2m)[22m failed

    Locator:  locator('input[placeholder="Search..."]:visible').first().or(getByPlaceholder(/search/i).first())
    Expected: visible
    Received: hidden
    Timeout:  20000ms

    Call log:
    [2m  - [Members] search input should be present with timeout 20000ms[22m
    [2m  - waiting for locator('input[placeholder="Search..."]:visible').first().or(getByPlaceholder(/search/i).first())[22m
    [2m    21 × locator resolved to <input value="" type="text" placeholder="Search..." class="form-control rounded-md shadow-sm"/>[22m
    [2m       - unexpected value "hidden"[22m


       at ..\pages\searchPage.ts:62

      60 |     await firstLoad;
      61 |     await expect(this.searchInput, `[${this.module.name}] search input should be present`)
    > 62 |       .toBeVisible({ timeout: 20_000 });
         |        ^
      63 |     return this;
      64 |   }
      65 |
        at SearchPage.open (C:\Users\User\Downloads\wilyer-playwright\search-suite\pages\searchPage.ts:62:8)
        at open (C:\Users\User\Downloads\wilyer-playwright\search-suite\tests\search.spec.ts:39:7)
        at C:\Users\User\Downloads\wilyer-playwright\search-suite\tests\search.spec.ts:123:24

    Error: ENOSPC: no space left on device, write

    attachment #1: screenshot (image/png) ──────────────────────────────────────────────────────────
    search-suite\test-results\search-Search-·-Members-Ed-4f818--does-not-crash-the-UI-edge-chromium\test-failed-1.png
    ────────────────────────────────────────────────────────────────────────────────────────────────

    Error Context: search-suite\test-results\search-Search-·-Members-Ed-4f818--does-not-crash-the-UI-edge-chromium\error-context.md


[1A[2K  131) [chromium] › search-suite\tests\search.spec.ts:122:7 › Search · Members › Edge: "unicode hi/zh/ja" does not crash the UI @edge 

    Error: [Members] search input should be present

    [2mexpect([22m[31mlocator[39m[2m).[22mtoBeVisible[2m([22m[2m)[22m failed

    Locator:  locator('input[placeholder="Search..."]:visible').first().or(getByPlaceholder(/search/i).first())
    Expected: visible
    Received: hidden
    Timeout:  20000ms

    Call log:
    [2m  - [Members] search input should be present with timeout 20000ms[22m
    [2m  - waiting for locator('input[placeholder="Search..."]:visible').first().or(getByPlaceholder(/search/i).first())[22m
    [2m    21 × locator resolved to <input value="" type="text" placeholder="Search..." class="form-control rounded-md shadow-sm"/>[22m
    [2m       - unexpected value "hidden"[22m


       at ..\pages\searchPage.ts:62

      60 |     await firstLoad;
      61 |     await expect(this.searchInput, `[${this.module.name}] search input should be present`)
    > 62 |       .toBeVisible({ timeout: 20_000 });
         |        ^
      63 |     return this;
      64 |   }
      65 |
        at SearchPage.open (C:\Users\User\Downloads\wilyer-playwright\search-suite\pages\searchPage.ts:62:8)
        at open (C:\Users\User\Downloads\wilyer-playwright\search-suite\tests\search.spec.ts:39:7)
        at C:\Users\User\Downloads\wilyer-playwright\search-suite\tests\search.spec.ts:123:24

    attachment #1: screenshot (image/png) ──────────────────────────────────────────────────────────
    search-suite\test-results\search-Search-·-Members-Ed-623ca--does-not-crash-the-UI-edge-chromium\test-failed-1.png
    ────────────────────────────────────────────────────────────────────────────────────────────────

    Error Context: search-suite\test-results\search-Search-·-Members-Ed-623ca--does-not-crash-the-UI-edge-chromium\error-context.md

    attachment #4: trace (application/zip) ─────────────────────────────────────────────────────────
    search-suite\test-results\search-Search-·-Members-Ed-623ca--does-not-crash-the-UI-edge-chromium\trace.zip
    Usage:

        npx playwright show-trace search-suite\test-results\search-Search-·-Members-Ed-623ca--does-not-crash-the-UI-edge-chromium\trace.zip

    ────────────────────────────────────────────────────────────────────────────────────────────────


[1A[2K[253/351] [chromium] › search-suite\tests\search.spec.ts:122:7 › Search · Members › Edge: "url-encoded" does not crash the UI @edge
[1A[2K[254/351] [chromium] › search-suite\tests\search.spec.ts:134:7 › Search · Members › Security: "SQLi ' OR 1=1 --" is inert (no execution) @security
[1A[2K[255/351] [chromium] › search-suite\tests\search.spec.ts:134:7 › Search · Members › Security: "SQLi admin'--" is inert (no execution) @security
[1A[2K  132) [chromium] › search-suite\tests\search.spec.ts:122:7 › Search · Members › Edge: "url-encoded" does not crash the UI @edge 

    Error: [Members] search input should be present

    [2mexpect([22m[31mlocator[39m[2m).[22mtoBeVisible[2m([22m[2m)[22m failed

    Locator:  locator('input[placeholder="Search..."]:visible').first().or(getByPlaceholder(/search/i).first())
    Expected: visible
    Received: hidden
    Timeout:  20000ms

    Call log:
    [2m  - [Members] search input should be present with timeout 20000ms[22m
    [2m  - waiting for locator('input[placeholder="Search..."]:visible').first().or(getByPlaceholder(/search/i).first())[22m
    [2m    23 × locator resolved to <input value="" type="text" placeholder="Search..." class="form-control rounded-md shadow-sm"/>[22m
    [2m       - unexpected value "hidden"[22m


       at ..\pages\searchPage.ts:62

      60 |     await firstLoad;
      61 |     await expect(this.searchInput, `[${this.module.name}] search input should be present`)
    > 62 |       .toBeVisible({ timeout: 20_000 });
         |        ^
      63 |     return this;
      64 |   }
      65 |
        at SearchPage.open (C:\Users\User\Downloads\wilyer-playwright\search-suite\pages\searchPage.ts:62:8)
        at open (C:\Users\User\Downloads\wilyer-playwright\search-suite\tests\search.spec.ts:39:7)
        at C:\Users\User\Downloads\wilyer-playwright\search-suite\tests\search.spec.ts:123:24

    Error: apiRequestContext._wrapApiCall: ENOSPC: no space left on device, write

    Error: ENOSPC: no space left on device, open 'C:\Users\User\Downloads\wilyer-playwright\search-suite\test-results\search-Search-·-Members-Ed-5f070--does-not-crash-the-UI-edge-chromium\error-context.md'

    Error: End of central directory record signature not found. Either not a zip file, or file is truncated.

    attachment #1: screenshot (image/png) ──────────────────────────────────────────────────────────
    search-suite\test-results\search-Search-·-Members-Ed-5f070--does-not-crash-the-UI-edge-chromium\test-failed-1.png
    ────────────────────────────────────────────────────────────────────────────────────────────────


[1A[2K[256/351] [chromium] › search-suite\tests\search.spec.ts:134:7 › Search · Members › Security: "SQLi DROP TABLE" is inert (no execution) @security
[1A[2K  133) [chromium] › search-suite\tests\search.spec.ts:134:7 › Search · Members › Security: "SQLi DROP TABLE" is inert (no execution) @security 

    Error: [Members] search input should be present

    [2mexpect([22m[31mlocator[39m[2m).[22mtoBeVisible[2m([22m[2m)[22m failed

    Locator:  locator('input[placeholder="Search..."]:visible').first().or(getByPlaceholder(/search/i).first())
    Expected: visible
    Received: hidden
    Timeout:  20000ms

    Call log:
    [2m  - [Members] search input should be present with timeout 20000ms[22m
    [2m  - waiting for locator('input[placeholder="Search..."]:visible').first().or(getByPlaceholder(/search/i).first())[22m
    [2m    23 × locator resolved to <input value="" type="text" placeholder="Search..." class="form-control rounded-md shadow-sm"/>[22m
    [2m       - unexpected value "hidden"[22m


       at ..\pages\searchPage.ts:62

      60 |     await firstLoad;
      61 |     await expect(this.searchInput, `[${this.module.name}] search input should be present`)
    > 62 |       .toBeVisible({ timeout: 20_000 });
         |        ^
      63 |     return this;
      64 |   }
      65 |
        at SearchPage.open (C:\Users\User\Downloads\wilyer-playwright\search-suite\pages\searchPage.ts:62:8)
        at open (C:\Users\User\Downloads\wilyer-playwright\search-suite\tests\search.spec.ts:39:7)
        at C:\Users\User\Downloads\wilyer-playwright\search-suite\tests\search.spec.ts:138:24

    Error: apiRequestContext._wrapApiCall: ENOSPC: no space left on device, write

    Error: ENOSPC: no space left on device, open 'C:\Users\User\Downloads\wilyer-playwright\search-suite\test-results\search-Search-·-Members-Se-b4338-inert-no-execution-security-chromium\error-context.md'

    attachment #2: trace (application/zip) ─────────────────────────────────────────────────────────
    search-suite\test-results\search-Search-·-Members-Se-b4338-inert-no-execution-security-chromium\trace.zip
    Usage:

        npx playwright show-trace search-suite\test-results\search-Search-·-Members-Se-b4338-inert-no-execution-security-chromium\trace.zip

    ────────────────────────────────────────────────────────────────────────────────────────────────


[1A[2K[257/351] [chromium] › search-suite\tests\search.spec.ts:134:7 › Search · Members › Security: "XSS <script>" is inert (no execution) @security
[1A[2K  134) [chromium] › search-suite\tests\search.spec.ts:134:7 › Search · Members › Security: "SQLi admin'--" is inert (no execution) @security 

    Error: [Members] search input should be present

    [2mexpect([22m[31mlocator[39m[2m).[22mtoBeVisible[2m([22m[2m)[22m failed

    Locator:  locator('input[placeholder="Search..."]:visible').first().or(getByPlaceholder(/search/i).first())
    Expected: visible
    Received: hidden
    Timeout:  20000ms

    Call log:
    [2m  - [Members] search input should be present with timeout 20000ms[22m
    [2m  - waiting for locator('input[placeholder="Search..."]:visible').first().or(getByPlaceholder(/search/i).first())[22m
    [2m    23 × locator resolved to <input value="" type="text" placeholder="Search..." class="form-control rounded-md shadow-sm"/>[22m
    [2m       - unexpected value "hidden"[22m


       at ..\pages\searchPage.ts:62

      60 |     await firstLoad;
      61 |     await expect(this.searchInput, `[${this.module.name}] search input should be present`)
    > 62 |       .toBeVisible({ timeout: 20_000 });
         |        ^
      63 |     return this;
      64 |   }
      65 |
        at SearchPage.open (C:\Users\User\Downloads\wilyer-playwright\search-suite\pages\searchPage.ts:62:8)
        at open (C:\Users\User\Downloads\wilyer-playwright\search-suite\tests\search.spec.ts:39:7)
        at C:\Users\User\Downloads\wilyer-playwright\search-suite\tests\search.spec.ts:138:24

    Error: apiRequestContext._wrapApiCall: ENOSPC: no space left on device, write

    Error: ENOSPC: no space left on device, open 'C:\Users\User\Downloads\wilyer-playwright\search-suite\test-results\search-Search-·-Members-Se-b475b-inert-no-execution-security-chromium\error-context.md'

    Error: ENOSPC: no space left on device, write

    [31mTest timeout of 90000ms exceeded.[39m

    attachment #1: screenshot (image/png) ──────────────────────────────────────────────────────────
    search-suite\test-results\search-Search-·-Members-Se-b475b-inert-no-execution-security-chromium\test-failed-1.png
    ────────────────────────────────────────────────────────────────────────────────────────────────


[1A[2K  135) [chromium] › search-suite\tests\search.spec.ts:134:7 › Search · Members › Security: "SQLi ' OR 1=1 --" is inert (no execution) @security 

    Error: [Members] search input should be present

    [2mexpect([22m[31mlocator[39m[2m).[22mtoBeVisible[2m([22m[2m)[22m failed

    Locator:  locator('input[placeholder="Search..."]:visible').first().or(getByPlaceholder(/search/i).first())
    Expected: visible
    Received: hidden
    Timeout:  20000ms

    Call log:
    [2m  - [Members] search input should be present with timeout 20000ms[22m
    [2m  - waiting for locator('input[placeholder="Search..."]:visible').first().or(getByPlaceholder(/search/i).first())[22m
    [2m    22 × locator resolved to <input value="" type="text" placeholder="Search..." class="form-control rounded-md shadow-sm"/>[22m
    [2m       - unexpected value "hidden"[22m


       at ..\pages\searchPage.ts:62

      60 |     await firstLoad;
      61 |     await expect(this.searchInput, `[${this.module.name}] search input should be present`)
    > 62 |       .toBeVisible({ timeout: 20_000 });
         |        ^
      63 |     return this;
      64 |   }
      65 |
        at SearchPage.open (C:\Users\User\Downloads\wilyer-playwright\search-suite\pages\searchPage.ts:62:8)
        at open (C:\Users\User\Downloads\wilyer-playwright\search-suite\tests\search.spec.ts:39:7)
        at C:\Users\User\Downloads\wilyer-playwright\search-suite\tests\search.spec.ts:138:24

    Error: apiRequestContext._wrapApiCall: ENOSPC: no space left on device, write

    Error: ENOSPC: no space left on device, open 'C:\Users\User\Downloads\wilyer-playwright\search-suite\test-results\search-Search-·-Members-Se-fd65e-inert-no-execution-security-chromium\error-context.md'

    Error: ENOSPC: no space left on device, write

    [31mTest timeout of 90000ms exceeded.[39m

    attachment #1: screenshot (image/png) ──────────────────────────────────────────────────────────
    search-suite\test-results\search-Search-·-Members-Se-fd65e-inert-no-execution-security-chromium\test-failed-1.png
    ────────────────────────────────────────────────────────────────────────────────────────────────


[1A[2K[258/351] [chromium] › search-suite\tests\search.spec.ts:134:7 › Search · Members › Security: "XSS img onerror" is inert (no execution) @security
[1A[2K[259/351] [chromium] › search-suite\tests\search.spec.ts:134:7 › Search · Members › Security: "XSS svg onload" is inert (no execution) @security
[1A[2K  136) [chromium] › search-suite\tests\search.spec.ts:134:7 › Search · Members › Security: "XSS img onerror" is inert (no execution) @security 

    Error: [Members] search input should be present

    [2mexpect([22m[31mlocator[39m[2m).[22mtoBeVisible[2m([22m[2m)[22m failed

    Locator:  locator('input[placeholder="Search..."]:visible').first().or(getByPlaceholder(/search/i).first())
    Expected: visible
    Received: hidden
    Timeout:  20000ms

    Call log:
    [2m  - [Members] search input should be present with timeout 20000ms[22m
    [2m  - waiting for locator('input[placeholder="Search..."]:visible').first().or(getByPlaceholder(/search/i).first())[22m
    [2m    23 × locator resolved to <input value="" type="text" placeholder="Search..." class="form-control rounded-md shadow-sm"/>[22m
    [2m       - unexpected value "hidden"[22m


       at ..\pages\searchPage.ts:62

      60 |     await firstLoad;
      61 |     await expect(this.searchInput, `[${this.module.name}] search input should be present`)
    > 62 |       .toBeVisible({ timeout: 20_000 });
         |        ^
      63 |     return this;
      64 |   }
      65 |
        at SearchPage.open (C:\Users\User\Downloads\wilyer-playwright\search-suite\pages\searchPage.ts:62:8)
        at open (C:\Users\User\Downloads\wilyer-playwright\search-suite\tests\search.spec.ts:39:7)
        at C:\Users\User\Downloads\wilyer-playwright\search-suite\tests\search.spec.ts:138:24

    Error: apiRequestContext._wrapApiCall: ENOSPC: no space left on device, write

    Error Context: search-suite\test-results\search-Search-·-Members-Se-26b84-inert-no-execution-security-chromium\error-context.md

    attachment #3: trace (application/zip) ─────────────────────────────────────────────────────────
    search-suite\test-results\search-Search-·-Members-Se-26b84-inert-no-execution-security-chromium\trace.zip
    Usage:

        npx playwright show-trace search-suite\test-results\search-Search-·-Members-Se-26b84-inert-no-execution-security-chromium\trace.zip

    ────────────────────────────────────────────────────────────────────────────────────────────────


[1A[2K  137) [chromium] › search-suite\tests\search.spec.ts:134:7 › Search · Members › Security: "XSS svg onload" is inert (no execution) @security 

    Error: [Members] search input should be present

    [2mexpect([22m[31mlocator[39m[2m).[22mtoBeVisible[2m([22m[2m)[22m failed

    Locator:  locator('input[placeholder="Search..."]:visible').first().or(getByPlaceholder(/search/i).first())
    Expected: visible
    Received: hidden
    Timeout:  20000ms

    Call log:
    [2m  - [Members] search input should be present with timeout 20000ms[22m
    [2m  - waiting for locator('input[placeholder="Search..."]:visible').first().or(getByPlaceholder(/search/i).first())[22m
    [2m    23 × locator resolved to <input value="" type="text" placeholder="Search..." class="form-control rounded-md shadow-sm"/>[22m
    [2m       - unexpected value "hidden"[22m


       at ..\pages\searchPage.ts:62

      60 |     await firstLoad;
      61 |     await expect(this.searchInput, `[${this.module.name}] search input should be present`)
    > 62 |       .toBeVisible({ timeout: 20_000 });
         |        ^
      63 |     return this;
      64 |   }
      65 |
        at SearchPage.open (C:\Users\User\Downloads\wilyer-playwright\search-suite\pages\searchPage.ts:62:8)
        at open (C:\Users\User\Downloads\wilyer-playwright\search-suite\tests\search.spec.ts:39:7)
        at C:\Users\User\Downloads\wilyer-playwright\search-suite\tests\search.spec.ts:138:24

    Error: apiRequestContext._wrapApiCall: ENOSPC: no space left on device, write

    Error: ENOSPC: no space left on device, write

    attachment #2: trace (application/zip) ─────────────────────────────────────────────────────────
    search-suite\test-results\search-Search-·-Members-Se-e1800-inert-no-execution-security-chromium\trace.zip
    Usage:

        npx playwright show-trace search-suite\test-results\search-Search-·-Members-Se-e1800-inert-no-execution-security-chromium\trace.zip

    ────────────────────────────────────────────────────────────────────────────────────────────────


[1A[2K[260/351] [chromium] › search-suite\tests\search.spec.ts:134:7 › Search · Members › Security: "HTML injection" is inert (no execution) @security
[1A[2K[261/351] [chromium] › search-suite\tests\search.spec.ts:153:7 › Search · Members › API: "500 server error" degrades gracefully (no blank) @api
[1A[2K  138) [chromium] › search-suite\tests\search.spec.ts:134:7 › Search · Members › Security: "HTML injection" is inert (no execution) @security 

    Error: [Members] search input should be present

    [2mexpect([22m[31mlocator[39m[2m).[22mtoBeVisible[2m([22m[2m)[22m failed

    Locator:  locator('input[placeholder="Search..."]:visible').first().or(getByPlaceholder(/search/i).first())
    Expected: visible
    Received: hidden
    Timeout:  20000ms

    Call log:
    [2m  - [Members] search input should be present with timeout 20000ms[22m
    [2m  - waiting for locator('input[placeholder="Search..."]:visible').first().or(getByPlaceholder(/search/i).first())[22m
    [2m    23 × locator resolved to <input value="" type="text" placeholder="Search..." class="form-control rounded-md shadow-sm"/>[22m
    [2m       - unexpected value "hidden"[22m


       at ..\pages\searchPage.ts:62

      60 |     await firstLoad;
      61 |     await expect(this.searchInput, `[${this.module.name}] search input should be present`)
    > 62 |       .toBeVisible({ timeout: 20_000 });
         |        ^
      63 |     return this;
      64 |   }
      65 |
        at SearchPage.open (C:\Users\User\Downloads\wilyer-playwright\search-suite\pages\searchPage.ts:62:8)
        at open (C:\Users\User\Downloads\wilyer-playwright\search-suite\tests\search.spec.ts:39:7)
        at C:\Users\User\Downloads\wilyer-playwright\search-suite\tests\search.spec.ts:138:24

    Error: apiRequestContext._wrapApiCall: ENOSPC: no space left on device, write

    Error: ENOSPC: no space left on device, open 'C:\Users\User\Downloads\wilyer-playwright\search-suite\test-results\search-Search-·-Members-Se-286a2-inert-no-execution-security-chromium\error-context.md'

    attachment #2: trace (application/zip) ─────────────────────────────────────────────────────────
    search-suite\test-results\search-Search-·-Members-Se-286a2-inert-no-execution-security-chromium\trace.zip
    Usage:

        npx playwright show-trace search-suite\test-results\search-Search-·-Members-Se-286a2-inert-no-execution-security-chromium\trace.zip

    ────────────────────────────────────────────────────────────────────────────────────────────────


[1A[2K  139) [chromium] › search-suite\tests\search.spec.ts:153:7 › Search · Members › API: "500 server error" degrades gracefully (no blank) @api 

    Error: [Members] search input should be present

    [2mexpect([22m[31mlocator[39m[2m).[22mtoBeVisible[2m([22m[2m)[22m failed

    Locator:  locator('input[placeholder="Search..."]:visible').first().or(getByPlaceholder(/search/i).first())
    Expected: visible
    Received: hidden
    Timeout:  20000ms

    Call log:
    [2m  - [Members] search input should be present with timeout 20000ms[22m
    [2m  - waiting for locator('input[placeholder="Search..."]:visible').first().or(getByPlaceholder(/search/i).first())[22m
    [2m    23 × locator resolved to <input value="" type="text" placeholder="Search..." class="form-control rounded-md shadow-sm"/>[22m
    [2m       - unexpected value "hidden"[22m


       at ..\pages\searchPage.ts:62

      60 |     await firstLoad;
      61 |     await expect(this.searchInput, `[${this.module.name}] search input should be present`)
    > 62 |       .toBeVisible({ timeout: 20_000 });
         |        ^
      63 |     return this;
      64 |   }
      65 |
        at SearchPage.open (C:\Users\User\Downloads\wilyer-playwright\search-suite\pages\searchPage.ts:62:8)
        at open (C:\Users\User\Downloads\wilyer-playwright\search-suite\tests\search.spec.ts:39:7)
        at C:\Users\User\Downloads\wilyer-playwright\search-suite\tests\search.spec.ts:155:24

    Error: apiRequestContext._wrapApiCall: ENOSPC: no space left on device, write

    Error Context: search-suite\test-results\search-Search-·-Members-AP-63625-des-gracefully-no-blank-api-chromium\error-context.md

    attachment #3: trace (application/zip) ─────────────────────────────────────────────────────────
    search-suite\test-results\search-Search-·-Members-AP-63625-des-gracefully-no-blank-api-chromium\trace.zip
    Usage:

        npx playwright show-trace search-suite\test-results\search-Search-·-Members-AP-63625-des-gracefully-no-blank-api-chromium\trace.zip

    ────────────────────────────────────────────────────────────────────────────────────────────────


[1A[2K[262/351] [chromium] › search-suite\tests\search.spec.ts:153:7 › Search · Members › API: "404 not found" degrades gracefully (no blank) @api
[1A[2K[263/351] [chromium] › search-suite\tests\search.spec.ts:153:7 › Search · Members › API: "401 unauthorized" degrades gracefully (no blank) @api
[1A[2K  140) [chromium] › search-suite\tests\search.spec.ts:134:7 › Search · Members › Security: "XSS <script>" is inert (no execution) @security 

    Error: [Members] search input should be present

    [2mexpect([22m[31mlocator[39m[2m).[22mtoBeVisible[2m([22m[2m)[22m failed

    Locator:  locator('input[placeholder="Search..."]:visible').first().or(getByPlaceholder(/search/i).first())
    Expected: visible
    Received: hidden
    Timeout:  20000ms

    Call log:
    [2m  - [Members] search input should be present with timeout 20000ms[22m
    [2m  - waiting for locator('input[placeholder="Search..."]:visible').first().or(getByPlaceholder(/search/i).first())[22m
    [2m    23 × locator resolved to <input value="" type="text" placeholder="Search..." class="form-control rounded-md shadow-sm"/>[22m
    [2m       - unexpected value "hidden"[22m


       at ..\pages\searchPage.ts:62

      60 |     await firstLoad;
      61 |     await expect(this.searchInput, `[${this.module.name}] search input should be present`)
    > 62 |       .toBeVisible({ timeout: 20_000 });
         |        ^
      63 |     return this;
      64 |   }
      65 |
        at SearchPage.open (C:\Users\User\Downloads\wilyer-playwright\search-suite\pages\searchPage.ts:62:8)
        at open (C:\Users\User\Downloads\wilyer-playwright\search-suite\tests\search.spec.ts:39:7)
        at C:\Users\User\Downloads\wilyer-playwright\search-suite\tests\search.spec.ts:138:24

    Error: apiRequestContext._wrapApiCall: ENOSPC: no space left on device, write

    Error: ENOSPC: no space left on device, open 'C:\Users\User\Downloads\wilyer-playwright\search-suite\test-results\search-Search-·-Members-Se-80c42-inert-no-execution-security-chromium\error-context.md'

    Error: ENOSPC: no space left on device, open 'C:\Users\User\Downloads\wilyer-playwright\search-suite\test-results\.playwright-artifacts-135\e60da867b7c9cc77616307c9679d77be.zip'

    [31mTest timeout of 90000ms exceeded.[39m

    attachment #1: screenshot (image/png) ──────────────────────────────────────────────────────────
    search-suite\test-results\search-Search-·-Members-Se-80c42-inert-no-execution-security-chromium\test-failed-1.png
    ────────────────────────────────────────────────────────────────────────────────────────────────


[1A[2K[264/351] [chromium] › search-suite\tests\search.spec.ts:153:7 › Search · Members › API: "403 forbidden" degrades gracefully (no blank) @api
[1A[2K  141) [chromium] › search-suite\tests\search.spec.ts:153:7 › Search · Members › API: "403 forbidden" degrades gracefully (no blank) @api 

    Error: [Members] search input should be present

    [2mexpect([22m[31mlocator[39m[2m).[22mtoBeVisible[2m([22m[2m)[22m failed

    Locator:  locator('input[placeholder="Search..."]:visible').first().or(getByPlaceholder(/search/i).first())
    Expected: visible
    Received: hidden
    Timeout:  20000ms

    Call log:
    [2m  - [Members] search input should be present with timeout 20000ms[22m
    [2m  - waiting for locator('input[placeholder="Search..."]:visible').first().or(getByPlaceholder(/search/i).first())[22m
    [2m    23 × locator resolved to <input value="" type="text" placeholder="Search..." class="form-control rounded-md shadow-sm"/>[22m
    [2m       - unexpected value "hidden"[22m


       at ..\pages\searchPage.ts:62

      60 |     await firstLoad;
      61 |     await expect(this.searchInput, `[${this.module.name}] search input should be present`)
    > 62 |       .toBeVisible({ timeout: 20_000 });
         |        ^
      63 |     return this;
      64 |   }
      65 |
        at SearchPage.open (C:\Users\User\Downloads\wilyer-playwright\search-suite\pages\searchPage.ts:62:8)
        at open (C:\Users\User\Downloads\wilyer-playwright\search-suite\tests\search.spec.ts:39:7)
        at C:\Users\User\Downloads\wilyer-playwright\search-suite\tests\search.spec.ts:155:24

    Error: apiRequestContext._wrapApiCall: ENOSPC: no space left on device, write

    Error Context: search-suite\test-results\search-Search-·-Members-AP-651f9-des-gracefully-no-blank-api-chromium\error-context.md

    attachment #3: trace (application/zip) ─────────────────────────────────────────────────────────
    search-suite\test-results\search-Search-·-Members-AP-651f9-des-gracefully-no-blank-api-chromium\trace.zip
    Usage:

        npx playwright show-trace search-suite\test-results\search-Search-·-Members-AP-651f9-des-gracefully-no-blank-api-chromium\trace.zip

    ────────────────────────────────────────────────────────────────────────────────────────────────


[1A[2K[265/351] [chromium] › search-suite\tests\search.spec.ts:153:7 › Search · Members › API: "empty array" degrades gracefully (no blank) @api
[1A[2K  142) [chromium] › search-suite\tests\search.spec.ts:153:7 › Search · Members › API: "empty array" degrades gracefully (no blank) @api 

    Error: [Members] search input should be present

    [2mexpect([22m[31mlocator[39m[2m).[22mtoBeVisible[2m([22m[2m)[22m failed

    Locator:  locator('input[placeholder="Search..."]:visible').first().or(getByPlaceholder(/search/i).first())
    Expected: visible
    Received: hidden
    Timeout:  20000ms

    Call log:
    [2m  - [Members] search input should be present with timeout 20000ms[22m
    [2m  - waiting for locator('input[placeholder="Search..."]:visible').first().or(getByPlaceholder(/search/i).first())[22m
    [2m    23 × locator resolved to <input value="" type="text" placeholder="Search..." class="form-control rounded-md shadow-sm"/>[22m
    [2m       - unexpected value "hidden"[22m


       at ..\pages\searchPage.ts:62

      60 |     await firstLoad;
      61 |     await expect(this.searchInput, `[${this.module.name}] search input should be present`)
    > 62 |       .toBeVisible({ timeout: 20_000 });
         |        ^
      63 |     return this;
      64 |   }
      65 |
        at SearchPage.open (C:\Users\User\Downloads\wilyer-playwright\search-suite\pages\searchPage.ts:62:8)
        at open (C:\Users\User\Downloads\wilyer-playwright\search-suite\tests\search.spec.ts:39:7)
        at C:\Users\User\Downloads\wilyer-playwright\search-suite\tests\search.spec.ts:155:24

    Error: apiRequestContext._wrapApiCall: ENOSPC: no space left on device, write

    Error: ENOSPC: no space left on device, open 'C:\Users\User\Downloads\wilyer-playwright\search-suite\test-results\search-Search-·-Members-AP-5151f-des-gracefully-no-blank-api-chromium\error-context.md'

    attachment #2: trace (application/zip) ─────────────────────────────────────────────────────────
    search-suite\test-results\search-Search-·-Members-AP-5151f-des-gracefully-no-blank-api-chromium\trace.zip
    Usage:

        npx playwright show-trace search-suite\test-results\search-Search-·-Members-AP-5151f-des-gracefully-no-blank-api-chromium\trace.zip

    ────────────────────────────────────────────────────────────────────────────────────────────────


[1A[2K[266/351] [chromium] › search-suite\tests\search.spec.ts:153:7 › Search · Members › API: "malformed JSON" degrades gracefully (no blank) @api
[1A[2K  143) [chromium] › search-suite\tests\search.spec.ts:153:7 › Search · Members › API: "401 unauthorized" degrades gracefully (no blank) @api 

    Error: [Members] search input should be present

    [2mexpect([22m[31mlocator[39m[2m).[22mtoBeVisible[2m([22m[2m)[22m failed

    Locator:  locator('input[placeholder="Search..."]:visible').first().or(getByPlaceholder(/search/i).first())
    Expected: visible
    Received: hidden
    Timeout:  20000ms

    Call log:
    [2m  - [Members] search input should be present with timeout 20000ms[22m
    [2m  - waiting for locator('input[placeholder="Search..."]:visible').first().or(getByPlaceholder(/search/i).first())[22m
    [2m    22 × locator resolved to <input value="" type="text" placeholder="Search..." class="form-control rounded-md shadow-sm"/>[22m
    [2m       - unexpected value "hidden"[22m


       at ..\pages\searchPage.ts:62

      60 |     await firstLoad;
      61 |     await expect(this.searchInput, `[${this.module.name}] search input should be present`)
    > 62 |       .toBeVisible({ timeout: 20_000 });
         |        ^
      63 |     return this;
      64 |   }
      65 |
        at SearchPage.open (C:\Users\User\Downloads\wilyer-playwright\search-suite\pages\searchPage.ts:62:8)
        at open (C:\Users\User\Downloads\wilyer-playwright\search-suite\tests\search.spec.ts:39:7)
        at C:\Users\User\Downloads\wilyer-playwright\search-suite\tests\search.spec.ts:155:24

    Error: apiRequestContext._wrapApiCall: ENOSPC: no space left on device, write

    Error: ENOSPC: no space left on device, open 'C:\Users\User\Downloads\wilyer-playwright\search-suite\test-results\search-Search-·-Members-AP-d1947-des-gracefully-no-blank-api-chromium\error-context.md'

    Error: ENOSPC: no space left on device, write

    [31mTest timeout of 90000ms exceeded.[39m

    attachment #1: screenshot (image/png) ──────────────────────────────────────────────────────────
    search-suite\test-results\search-Search-·-Members-AP-d1947-des-gracefully-no-blank-api-chromium\test-failed-1.png
    ────────────────────────────────────────────────────────────────────────────────────────────────


[1A[2K  144) [chromium] › search-suite\tests\search.spec.ts:153:7 › Search · Members › API: "404 not found" degrades gracefully (no blank) @api 

    Error: [Members] search input should be present

    [2mexpect([22m[31mlocator[39m[2m).[22mtoBeVisible[2m([22m[2m)[22m failed

    Locator:  locator('input[placeholder="Search..."]:visible').first().or(getByPlaceholder(/search/i).first())
    Expected: visible
    Received: hidden
    Timeout:  20000ms

    Call log:
    [2m  - [Members] search input should be present with timeout 20000ms[22m
    [2m  - waiting for locator('input[placeholder="Search..."]:visible').first().or(getByPlaceholder(/search/i).first())[22m
    [2m    23 × locator resolved to <input value="" type="text" placeholder="Search..." class="form-control rounded-md shadow-sm"/>[22m
    [2m       - unexpected value "hidden"[22m


       at ..\pages\searchPage.ts:62

      60 |     await firstLoad;
      61 |     await expect(this.searchInput, `[${this.module.name}] search input should be present`)
    > 62 |       .toBeVisible({ timeout: 20_000 });
         |        ^
      63 |     return this;
      64 |   }
      65 |
        at SearchPage.open (C:\Users\User\Downloads\wilyer-playwright\search-suite\pages\searchPage.ts:62:8)
        at open (C:\Users\User\Downloads\wilyer-playwright\search-suite\tests\search.spec.ts:39:7)
        at C:\Users\User\Downloads\wilyer-playwright\search-suite\tests\search.spec.ts:155:24

    Error: apiRequestContext._wrapApiCall: ENOSPC: no space left on device, write

    Error: ENOSPC: no space left on device, open 'C:\Users\User\Downloads\wilyer-playwright\search-suite\test-results\search-Search-·-Members-AP-6394c-des-gracefully-no-blank-api-chromium\error-context.md'

    Error: ENOSPC: no space left on device, write

    [31mTest timeout of 90000ms exceeded.[39m

    attachment #1: screenshot (image/png) ──────────────────────────────────────────────────────────
    search-suite\test-results\search-Search-·-Members-AP-6394c-des-gracefully-no-blank-api-chromium\test-failed-1.png
    ────────────────────────────────────────────────────────────────────────────────────────────────


[1A[2K[267/351] [chromium] › search-suite\tests\search.spec.ts:153:7 › Search · Members › API: "backend unavailable" degrades gracefully (no blank) @api
[1A[2K[268/351] [chromium] › search-suite\tests\search.spec.ts:153:7 › Search · Members › API: "timeout (no response)" degrades gracefully (no blank) @api
[1A[2K  145) [chromium] › search-suite\tests\search.spec.ts:153:7 › Search · Members › API: "malformed JSON" degrades gracefully (no blank) @api 

    Error: [Members] search input should be present

    [2mexpect([22m[31mlocator[39m[2m).[22mtoBeVisible[2m([22m[2m)[22m failed

    Locator:  locator('input[placeholder="Search..."]:visible').first().or(getByPlaceholder(/search/i).first())
    Expected: visible
    Received: hidden
    Timeout:  20000ms

    Call log:
    [2m  - [Members] search input should be present with timeout 20000ms[22m
    [2m  - waiting for locator('input[placeholder="Search..."]:visible').first().or(getByPlaceholder(/search/i).first())[22m
    [2m    23 × locator resolved to <input value="" type="text" placeholder="Search..." class="form-control rounded-md shadow-sm"/>[22m
    [2m       - unexpected value "hidden"[22m


       at ..\pages\searchPage.ts:62

      60 |     await firstLoad;
      61 |     await expect(this.searchInput, `[${this.module.name}] search input should be present`)
    > 62 |       .toBeVisible({ timeout: 20_000 });
         |        ^
      63 |     return this;
      64 |   }
      65 |
        at SearchPage.open (C:\Users\User\Downloads\wilyer-playwright\search-suite\pages\searchPage.ts:62:8)
        at open (C:\Users\User\Downloads\wilyer-playwright\search-suite\tests\search.spec.ts:39:7)
        at C:\Users\User\Downloads\wilyer-playwright\search-suite\tests\search.spec.ts:155:24

    attachment #1: screenshot (image/png) ──────────────────────────────────────────────────────────
    search-suite\test-results\search-Search-·-Members-AP-d35e1-des-gracefully-no-blank-api-chromium\test-failed-1.png
    ────────────────────────────────────────────────────────────────────────────────────────────────

    Error Context: search-suite\test-results\search-Search-·-Members-AP-d35e1-des-gracefully-no-blank-api-chromium\error-context.md

    attachment #4: trace (application/zip) ─────────────────────────────────────────────────────────
    search-suite\test-results\search-Search-·-Members-AP-d35e1-des-gracefully-no-blank-api-chromium\trace.zip
    Usage:

        npx playwright show-trace search-suite\test-results\search-Search-·-Members-AP-d35e1-des-gracefully-no-blank-api-chromium\trace.zip

    ────────────────────────────────────────────────────────────────────────────────────────────────


[1A[2K[269/351] [chromium] › search-suite\tests\search.spec.ts:174:5 › Search · Members › API: offline during search keeps the UI stable @api
[1A[2K  146) [chromium] › search-suite\tests\search.spec.ts:153:7 › Search · Members › API: "backend unavailable" degrades gracefully (no blank) @api 

    Error: [Members] search input should be present

    [2mexpect([22m[31mlocator[39m[2m).[22mtoBeVisible[2m([22m[2m)[22m failed

    Locator:  locator('input[placeholder="Search..."]:visible').first().or(getByPlaceholder(/search/i).first())
    Expected: visible
    Received: hidden
    Timeout:  20000ms

    Call log:
    [2m  - [Members] search input should be present with timeout 20000ms[22m
    [2m  - waiting for locator('input[placeholder="Search..."]:visible').first().or(getByPlaceholder(/search/i).first())[22m
    [2m    23 × locator resolved to <input value="" type="text" placeholder="Search..." class="form-control rounded-md shadow-sm"/>[22m
    [2m       - unexpected value "hidden"[22m


       at ..\pages\searchPage.ts:62

      60 |     await firstLoad;
      61 |     await expect(this.searchInput, `[${this.module.name}] search input should be present`)
    > 62 |       .toBeVisible({ timeout: 20_000 });
         |        ^
      63 |     return this;
      64 |   }
      65 |
        at SearchPage.open (C:\Users\User\Downloads\wilyer-playwright\search-suite\pages\searchPage.ts:62:8)
        at open (C:\Users\User\Downloads\wilyer-playwright\search-suite\tests\search.spec.ts:39:7)
        at C:\Users\User\Downloads\wilyer-playwright\search-suite\tests\search.spec.ts:155:24

    attachment #1: screenshot (image/png) ──────────────────────────────────────────────────────────
    search-suite\test-results\search-Search-·-Members-AP-9942b-des-gracefully-no-blank-api-chromium\test-failed-1.png
    ────────────────────────────────────────────────────────────────────────────────────────────────

    Error Context: search-suite\test-results\search-Search-·-Members-AP-9942b-des-gracefully-no-blank-api-chromium\error-context.md

    attachment #4: trace (application/zip) ─────────────────────────────────────────────────────────
    search-suite\test-results\search-Search-·-Members-AP-9942b-des-gracefully-no-blank-api-chromium\trace.zip
    Usage:

        npx playwright show-trace search-suite\test-results\search-Search-·-Members-AP-9942b-des-gracefully-no-blank-api-chromium\trace.zip

    ────────────────────────────────────────────────────────────────────────────────────────────────


[1A[2K  147) [chromium] › search-suite\tests\search.spec.ts:153:7 › Search · Members › API: "timeout (no response)" degrades gracefully (no blank) @api 

    Error: [Members] search input should be present

    [2mexpect([22m[31mlocator[39m[2m).[22mtoBeVisible[2m([22m[2m)[22m failed

    Locator:  locator('input[placeholder="Search..."]:visible').first().or(getByPlaceholder(/search/i).first())
    Expected: visible
    Received: hidden
    Timeout:  20000ms

    Call log:
    [2m  - [Members] search input should be present with timeout 20000ms[22m
    [2m  - waiting for locator('input[placeholder="Search..."]:visible').first().or(getByPlaceholder(/search/i).first())[22m
    [2m    23 × locator resolved to <input value="" type="text" placeholder="Search..." class="form-control rounded-md shadow-sm"/>[22m
    [2m       - unexpected value "hidden"[22m


       at ..\pages\searchPage.ts:62

      60 |     await firstLoad;
      61 |     await expect(this.searchInput, `[${this.module.name}] search input should be present`)
    > 62 |       .toBeVisible({ timeout: 20_000 });
         |        ^
      63 |     return this;
      64 |   }
      65 |
        at SearchPage.open (C:\Users\User\Downloads\wilyer-playwright\search-suite\pages\searchPage.ts:62:8)
        at open (C:\Users\User\Downloads\wilyer-playwright\search-suite\tests\search.spec.ts:39:7)
        at C:\Users\User\Downloads\wilyer-playwright\search-suite\tests\search.spec.ts:155:24

    attachment #1: screenshot (image/png) ──────────────────────────────────────────────────────────
    search-suite\test-results\search-Search-·-Members-AP-cdaa8-des-gracefully-no-blank-api-chromium\test-failed-1.png
    ────────────────────────────────────────────────────────────────────────────────────────────────

    Error Context: search-suite\test-results\search-Search-·-Members-AP-cdaa8-des-gracefully-no-blank-api-chromium\error-context.md

    attachment #4: trace (application/zip) ─────────────────────────────────────────────────────────
    search-suite\test-results\search-Search-·-Members-AP-cdaa8-des-gracefully-no-blank-api-chromium\trace.zip
    Usage:

        npx playwright show-trace search-suite\test-results\search-Search-·-Members-AP-cdaa8-des-gracefully-no-blank-api-chromium\trace.zip

    ────────────────────────────────────────────────────────────────────────────────────────────────


[1A[2K[270/351] [chromium] › search-suite\tests\search.spec.ts:184:5 › Search · Members › API: successful search is fast and debounced (≤ threshold calls) @api
[1A[2K[271/351] [chromium] › search-suite\tests\search.spec.ts:212:5 › Search · Members › Combined: search + pagination stays healthy @combined
[1A[2K  148) [chromium] › search-suite\tests\search.spec.ts:174:5 › Search · Members › API: offline during search keeps the UI stable @api 

    Error: [Members] search input should be present

    [2mexpect([22m[31mlocator[39m[2m).[22mtoBeVisible[2m([22m[2m)[22m failed

    Locator:  locator('input[placeholder="Search..."]:visible').first().or(getByPlaceholder(/search/i).first())
    Expected: visible
    Received: hidden
    Timeout:  20000ms

    Call log:
    [2m  - [Members] search input should be present with timeout 20000ms[22m
    [2m  - waiting for locator('input[placeholder="Search..."]:visible').first().or(getByPlaceholder(/search/i).first())[22m
    [2m    22 × locator resolved to <input value="" type="text" placeholder="Search..." class="form-control rounded-md shadow-sm"/>[22m
    [2m       - unexpected value "hidden"[22m


       at ..\pages\searchPage.ts:62

      60 |     await firstLoad;
      61 |     await expect(this.searchInput, `[${this.module.name}] search input should be present`)
    > 62 |       .toBeVisible({ timeout: 20_000 });
         |        ^
      63 |     return this;
      64 |   }
      65 |
        at SearchPage.open (C:\Users\User\Downloads\wilyer-playwright\search-suite\pages\searchPage.ts:62:8)
        at open (C:\Users\User\Downloads\wilyer-playwright\search-suite\tests\search.spec.ts:39:7)
        at C:\Users\User\Downloads\wilyer-playwright\search-suite\tests\search.spec.ts:176:22

    Error: ENOSPC: no space left on device, write

    attachment #1: screenshot (image/png) ──────────────────────────────────────────────────────────
    search-suite\test-results\search-Search-·-Members-AP-70d4d-rch-keeps-the-UI-stable-api-chromium\test-failed-1.png
    ────────────────────────────────────────────────────────────────────────────────────────────────

    Error Context: search-suite\test-results\search-Search-·-Members-AP-70d4d-rch-keeps-the-UI-stable-api-chromium\error-context.md


[1A[2K  149) [chromium] › search-suite\tests\search.spec.ts:184:5 › Search · Members › API: successful search is fast and debounced (≤ threshold calls) @api 

    Error: [Members] search input should be present

    [2mexpect([22m[31mlocator[39m[2m).[22mtoBeVisible[2m([22m[2m)[22m failed

    Locator:  locator('input[placeholder="Search..."]:visible').first().or(getByPlaceholder(/search/i).first())
    Expected: visible
    Received: hidden
    Timeout:  20000ms

    Call log:
    [2m  - [Members] search input should be present with timeout 20000ms[22m
    [2m  - waiting for locator('input[placeholder="Search..."]:visible').first().or(getByPlaceholder(/search/i).first())[22m
    [2m    22 × locator resolved to <input value="" type="text" placeholder="Search..." class="form-control rounded-md shadow-sm"/>[22m
    [2m       - unexpected value "hidden"[22m


       at ..\pages\searchPage.ts:62

      60 |     await firstLoad;
      61 |     await expect(this.searchInput, `[${this.module.name}] search input should be present`)
    > 62 |       .toBeVisible({ timeout: 20_000 });
         |        ^
      63 |     return this;
      64 |   }
      65 |
        at SearchPage.open (C:\Users\User\Downloads\wilyer-playwright\search-suite\pages\searchPage.ts:62:8)
        at open (C:\Users\User\Downloads\wilyer-playwright\search-suite\tests\search.spec.ts:39:7)
        at C:\Users\User\Downloads\wilyer-playwright\search-suite\tests\search.spec.ts:185:22

    Error: apiRequestContext._wrapApiCall: ENOSPC: no space left on device, write

    Error: ENOSPC: no space left on device, open 'C:\Users\User\Downloads\wilyer-playwright\search-suite\test-results\search-Search-·-Members-AP-23b07-unced-≤-threshold-calls-api-chromium\error-context.md'

    Error: End of central directory record signature not found. Either not a zip file, or file is truncated.

    attachment #1: screenshot (image/png) ──────────────────────────────────────────────────────────
    search-suite\test-results\search-Search-·-Members-AP-23b07-unced-≤-threshold-calls-api-chromium\test-failed-1.png
    ────────────────────────────────────────────────────────────────────────────────────────────────


[1A[2K  150) [chromium] › search-suite\tests\search.spec.ts:212:5 › Search · Members › Combined: search + pagination stays healthy @combined 

    Error: [Members] search input should be present

    [2mexpect([22m[31mlocator[39m[2m).[22mtoBeVisible[2m([22m[2m)[22m failed

    Locator:  locator('input[placeholder="Search..."]:visible').first().or(getByPlaceholder(/search/i).first())
    Expected: visible
    Received: hidden
    Timeout:  20000ms

    Call log:
    [2m  - [Members] search input should be present with timeout 20000ms[22m
    [2m  - waiting for locator('input[placeholder="Search..."]:visible').first().or(getByPlaceholder(/search/i).first())[22m
    [2m    22 × locator resolved to <input value="" type="text" placeholder="Search..." class="form-control rounded-md shadow-sm"/>[22m
    [2m       - unexpected value "hidden"[22m


       at ..\pages\searchPage.ts:62

      60 |     await firstLoad;
      61 |     await expect(this.searchInput, `[${this.module.name}] search input should be present`)
    > 62 |       .toBeVisible({ timeout: 20_000 });
         |        ^
      63 |     return this;
      64 |   }
      65 |
        at SearchPage.open (C:\Users\User\Downloads\wilyer-playwright\search-suite\pages\searchPage.ts:62:8)
        at open (C:\Users\User\Downloads\wilyer-playwright\search-suite\tests\search.spec.ts:39:7)
        at C:\Users\User\Downloads\wilyer-playwright\search-suite\tests\search.spec.ts:213:22

    Error: apiRequestContext._wrapApiCall: ENOSPC: no space left on device, write

    Error: ENOSPC: no space left on device, open 'C:\Users\User\Downloads\wilyer-playwright\search-suite\test-results\search-Search-·-Members-Co-b1269-tion-stays-healthy-combined-chromium\error-context.md'

    Error: End of central directory record signature not found. Either not a zip file, or file is truncated.

    attachment #1: screenshot (image/png) ──────────────────────────────────────────────────────────
    search-suite\test-results\search-Search-·-Members-Co-b1269-tion-stays-healthy-combined-chromium\test-failed-1.png
    ────────────────────────────────────────────────────────────────────────────────────────────────


[1A[2K[272/351] [chromium] › search-suite\tests\search.spec.ts:225:5 › Search · Members › Combined: search + browser back/forward recovers cleanly @combined
[1A[2K[273/351] [chromium] › search-suite\tests\search.spec.ts:235:5 › Search · Members › Perf: consecutive searches stay within the average threshold @perf
[1A[2K[274/351] [chromium] › search-suite\tests\search.spec.ts:44:5 › Search · Roles › UI: search input is visible, enabled and has a placeholder @ui
[1A[2K[275/351] [chromium] › search-suite\tests\search.spec.ts:52:5 › Search · Roles › UI: invalid search shows a no-records state, not a blank page @ui
[1A[2K  151) [chromium] › search-suite\tests\search.spec.ts:44:5 › Search · Roles › UI: search input is visible, enabled and has a placeholder @ui 

    Error: [Roles] search input should be present

    [2mexpect([22m[31mlocator[39m[2m).[22mtoBeVisible[2m([22m[2m)[22m failed

    Locator:  locator('input[placeholder="Search..."]:visible').first().or(getByPlaceholder(/search/i).first())
    Expected: visible
    Received: hidden
    Timeout:  20000ms

    Call log:
    [2m  - [Roles] search input should be present with timeout 20000ms[22m
    [2m  - waiting for locator('input[placeholder="Search..."]:visible').first().or(getByPlaceholder(/search/i).first())[22m
    [2m    23 × locator resolved to <input value="" type="text" placeholder="Search..." class="form-control rounded-md shadow-sm"/>[22m
    [2m       - unexpected value "hidden"[22m


       at ..\pages\searchPage.ts:62

      60 |     await firstLoad;
      61 |     await expect(this.searchInput, `[${this.module.name}] search input should be present`)
    > 62 |       .toBeVisible({ timeout: 20_000 });
         |        ^
      63 |     return this;
      64 |   }
      65 |
        at SearchPage.open (C:\Users\User\Downloads\wilyer-playwright\search-suite\pages\searchPage.ts:62:8)
        at open (C:\Users\User\Downloads\wilyer-playwright\search-suite\tests\search.spec.ts:39:7)
        at C:\Users\User\Downloads\wilyer-playwright\search-suite\tests\search.spec.ts:45:22

    Error: ENOSPC: no space left on device, write

    attachment #1: screenshot (image/png) ──────────────────────────────────────────────────────────
    search-suite\test-results\search-Search-·-Roles-UI-s-eec58-ed-and-has-a-placeholder-ui-chromium\test-failed-1.png
    ────────────────────────────────────────────────────────────────────────────────────────────────

    Error Context: search-suite\test-results\search-Search-·-Roles-UI-s-eec58-ed-and-has-a-placeholder-ui-chromium\error-context.md


[1A[2K  152) [chromium] › search-suite\tests\search.spec.ts:225:5 › Search · Members › Combined: search + browser back/forward recovers cleanly @combined 

    Error: [Members] search input should be present

    [2mexpect([22m[31mlocator[39m[2m).[22mtoBeVisible[2m([22m[2m)[22m failed

    Locator:  locator('input[placeholder="Search..."]:visible').first().or(getByPlaceholder(/search/i).first())
    Expected: visible
    Received: hidden
    Timeout:  20000ms

    Call log:
    [2m  - [Members] search input should be present with timeout 20000ms[22m
    [2m  - waiting for locator('input[placeholder="Search..."]:visible').first().or(getByPlaceholder(/search/i).first())[22m
    [2m    23 × locator resolved to <input value="" type="text" placeholder="Search..." class="form-control rounded-md shadow-sm"/>[22m
    [2m       - unexpected value "hidden"[22m


       at ..\pages\searchPage.ts:62

      60 |     await firstLoad;
      61 |     await expect(this.searchInput, `[${this.module.name}] search input should be present`)
    > 62 |       .toBeVisible({ timeout: 20_000 });
         |        ^
      63 |     return this;
      64 |   }
      65 |
        at SearchPage.open (C:\Users\User\Downloads\wilyer-playwright\search-suite\pages\searchPage.ts:62:8)
        at open (C:\Users\User\Downloads\wilyer-playwright\search-suite\tests\search.spec.ts:39:7)
        at C:\Users\User\Downloads\wilyer-playwright\search-suite\tests\search.spec.ts:226:22

    Error: ENOSPC: no space left on device, write

    attachment #1: screenshot (image/png) ──────────────────────────────────────────────────────────
    search-suite\test-results\search-Search-·-Members-Co-3dfc3-d-recovers-cleanly-combined-chromium\test-failed-1.png
    ────────────────────────────────────────────────────────────────────────────────────────────────

    Error Context: search-suite\test-results\search-Search-·-Members-Co-3dfc3-d-recovers-cleanly-combined-chromium\error-context.md


[1A[2K  153) [chromium] › search-suite\tests\search.spec.ts:52:5 › Search · Roles › UI: invalid search shows a no-records state, not a blank page @ui 

    Error: [Roles] search input should be present

    [2mexpect([22m[31mlocator[39m[2m).[22mtoBeVisible[2m([22m[2m)[22m failed

    Locator:  locator('input[placeholder="Search..."]:visible').first().or(getByPlaceholder(/search/i).first())
    Expected: visible
    Received: hidden
    Timeout:  20000ms

    Call log:
    [2m  - [Roles] search input should be present with timeout 20000ms[22m
    [2m  - waiting for locator('input[placeholder="Search..."]:visible').first().or(getByPlaceholder(/search/i).first())[22m
    [2m    23 × locator resolved to <input value="" type="text" placeholder="Search..." class="form-control rounded-md shadow-sm"/>[22m
    [2m       - unexpected value "hidden"[22m


       at ..\pages\searchPage.ts:62

      60 |     await firstLoad;
      61 |     await expect(this.searchInput, `[${this.module.name}] search input should be present`)
    > 62 |       .toBeVisible({ timeout: 20_000 });
         |        ^
      63 |     return this;
      64 |   }
      65 |
        at SearchPage.open (C:\Users\User\Downloads\wilyer-playwright\search-suite\pages\searchPage.ts:62:8)
        at open (C:\Users\User\Downloads\wilyer-playwright\search-suite\tests\search.spec.ts:39:7)
        at C:\Users\User\Downloads\wilyer-playwright\search-suite\tests\search.spec.ts:53:22

    attachment #1: screenshot (image/png) ──────────────────────────────────────────────────────────
    search-suite\test-results\search-Search-·-Roles-UI-i-05b24-s-state-not-a-blank-page-ui-chromium\test-failed-1.png
    ────────────────────────────────────────────────────────────────────────────────────────────────

    Error Context: search-suite\test-results\search-Search-·-Roles-UI-i-05b24-s-state-not-a-blank-page-ui-chromium\error-context.md

    attachment #4: trace (application/zip) ─────────────────────────────────────────────────────────
    search-suite\test-results\search-Search-·-Roles-UI-i-05b24-s-state-not-a-blank-page-ui-chromium\trace.zip
    Usage:

        npx playwright show-trace search-suite\test-results\search-Search-·-Roles-UI-i-05b24-s-state-not-a-blank-page-ui-chromium\trace.zip

    ────────────────────────────────────────────────────────────────────────────────────────────────


[1A[2K[276/351] [chromium] › search-suite\tests\search.spec.ts:59:5 › Search · Roles › Functional: exact + partial match return relevant rows @functional
[1A[2K[277/351] [chromium] › search-suite\tests\search.spec.ts:73:5 › Search · Roles › Functional: search is case-insensitive @functional
[1A[2K[278/351] [chromium] › search-suite\tests\search.spec.ts:86:5 › Search · Roles › Functional: Enter triggers a search request @functional
[1A[2K  154) [chromium] › search-suite\tests\search.spec.ts:73:5 › Search · Roles › Functional: search is case-insensitive @functional 

    Error: [Roles] search input should be present

    [2mexpect([22m[31mlocator[39m[2m).[22mtoBeVisible[2m([22m[2m)[22m failed

    Locator:  locator('input[placeholder="Search..."]:visible').first().or(getByPlaceholder(/search/i).first())
    Expected: visible
    Received: hidden
    Timeout:  20000ms

    Call log:
    [2m  - [Roles] search input should be present with timeout 20000ms[22m
    [2m  - waiting for locator('input[placeholder="Search..."]:visible').first().or(getByPlaceholder(/search/i).first())[22m
    [2m    22 × locator resolved to <input value="" type="text" placeholder="Search..." class="form-control rounded-md shadow-sm"/>[22m
    [2m       - unexpected value "hidden"[22m


       at ..\pages\searchPage.ts:62

      60 |     await firstLoad;
      61 |     await expect(this.searchInput, `[${this.module.name}] search input should be present`)
    > 62 |       .toBeVisible({ timeout: 20_000 });
         |        ^
      63 |     return this;
      64 |   }
      65 |
        at SearchPage.open (C:\Users\User\Downloads\wilyer-playwright\search-suite\pages\searchPage.ts:62:8)
        at open (C:\Users\User\Downloads\wilyer-playwright\search-suite\tests\search.spec.ts:39:7)
        at C:\Users\User\Downloads\wilyer-playwright\search-suite\tests\search.spec.ts:74:22

    Error: apiRequestContext._wrapApiCall: ENOSPC: no space left on device, write

    Error: ENOSPC: no space left on device, open 'C:\Users\User\Downloads\wilyer-playwright\search-suite\test-results\search-Search-·-Roles-Func-126a0-case-insensitive-functional-chromium\error-context.md'

    Error: ENOSPC: no space left on device, write

    [31mTest timeout of 90000ms exceeded.[39m

    attachment #1: screenshot (image/png) ──────────────────────────────────────────────────────────
    search-suite\test-results\search-Search-·-Roles-Func-126a0-case-insensitive-functional-chromium\test-failed-1.png
    ────────────────────────────────────────────────────────────────────────────────────────────────


[1A[2K  155) [chromium] › search-suite\tests\search.spec.ts:59:5 › Search · Roles › Functional: exact + partial match return relevant rows @functional 

    Error: [Roles] search input should be present

    [2mexpect([22m[31mlocator[39m[2m).[22mtoBeVisible[2m([22m[2m)[22m failed

    Locator:  locator('input[placeholder="Search..."]:visible').first().or(getByPlaceholder(/search/i).first())
    Expected: visible
    Received: hidden
    Timeout:  20000ms

    Call log:
    [2m  - [Roles] search input should be present with timeout 20000ms[22m
    [2m  - waiting for locator('input[placeholder="Search..."]:visible').first().or(getByPlaceholder(/search/i).first())[22m
    [2m    22 × locator resolved to <input value="" type="text" placeholder="Search..." class="form-control rounded-md shadow-sm"/>[22m
    [2m       - unexpected value "hidden"[22m


       at ..\pages\searchPage.ts:62

      60 |     await firstLoad;
      61 |     await expect(this.searchInput, `[${this.module.name}] search input should be present`)
    > 62 |       .toBeVisible({ timeout: 20_000 });
         |        ^
      63 |     return this;
      64 |   }
      65 |
        at SearchPage.open (C:\Users\User\Downloads\wilyer-playwright\search-suite\pages\searchPage.ts:62:8)
        at open (C:\Users\User\Downloads\wilyer-playwright\search-suite\tests\search.spec.ts:39:7)
        at C:\Users\User\Downloads\wilyer-playwright\search-suite\tests\search.spec.ts:60:22

    Error: apiRequestContext._wrapApiCall: ENOSPC: no space left on device, write

    Error: ENOSPC: no space left on device, open 'C:\Users\User\Downloads\wilyer-playwright\search-suite\test-results\search-Search-·-Roles-Func-c8fbe-rn-relevant-rows-functional-chromium\error-context.md'

    Error: ENOSPC: no space left on device, write

    [31mTest timeout of 90000ms exceeded.[39m

    attachment #1: screenshot (image/png) ──────────────────────────────────────────────────────────
    search-suite\test-results\search-Search-·-Roles-Func-c8fbe-rn-relevant-rows-functional-chromium\test-failed-1.png
    ────────────────────────────────────────────────────────────────────────────────────────────────


[1A[2K  156) [chromium] › search-suite\tests\search.spec.ts:86:5 › Search · Roles › Functional: Enter triggers a search request @functional 

    Error: [Roles] search input should be present

    [2mexpect([22m[31mlocator[39m[2m).[22mtoBeVisible[2m([22m[2m)[22m failed

    Locator:  locator('input[placeholder="Search..."]:visible').first().or(getByPlaceholder(/search/i).first())
    Expected: visible
    Received: hidden
    Timeout:  20000ms

    Call log:
    [2m  - [Roles] search input should be present with timeout 20000ms[22m
    [2m  - waiting for locator('input[placeholder="Search..."]:visible').first().or(getByPlaceholder(/search/i).first())[22m
    [2m    22 × locator resolved to <input value="" type="text" placeholder="Search..." class="form-control rounded-md shadow-sm"/>[22m
    [2m       - unexpected value "hidden"[22m


       at ..\pages\searchPage.ts:62

      60 |     await firstLoad;
      61 |     await expect(this.searchInput, `[${this.module.name}] search input should be present`)
    > 62 |       .toBeVisible({ timeout: 20_000 });
         |        ^
      63 |     return this;
      64 |   }
      65 |
        at SearchPage.open (C:\Users\User\Downloads\wilyer-playwright\search-suite\pages\searchPage.ts:62:8)
        at open (C:\Users\User\Downloads\wilyer-playwright\search-suite\tests\search.spec.ts:39:7)
        at C:\Users\User\Downloads\wilyer-playwright\search-suite\tests\search.spec.ts:87:22

    Error: apiRequestContext._wrapApiCall: ENOSPC: no space left on device, write

    Error: ENOSPC: no space left on device, open 'C:\Users\User\Downloads\wilyer-playwright\search-suite\test-results\search-Search-·-Roles-Func-9e4ac-a-search-request-functional-chromium\error-context.md'

    Error: ENOSPC: no space left on device, write

    [31mTest timeout of 90000ms exceeded.[39m

    attachment #1: screenshot (image/png) ──────────────────────────────────────────────────────────
    search-suite\test-results\search-Search-·-Roles-Func-9e4ac-a-search-request-functional-chromium\test-failed-1.png
    ────────────────────────────────────────────────────────────────────────────────────────────────


[1A[2K[279/351] [chromium] › search-suite\tests\search.spec.ts:93:5 › Search · Roles › Functional: clearing the search restores the full list @functional
[1A[2K[280/351] [chromium] › search-suite\tests\search.spec.ts:104:5 › Search · Roles › Functional: search state is sane after a page refresh @functional
[1A[2K[281/351] [chromium] › search-suite\tests\search.spec.ts:112:5 › Search · Roles › Functional: multiple consecutive searches stay healthy @functional
[1A[2K  157) [chromium] › search-suite\tests\search.spec.ts:93:5 › Search · Roles › Functional: clearing the search restores the full list @functional 

    Error: [Roles] search input should be present

    [2mexpect([22m[31mlocator[39m[2m).[22mtoBeVisible[2m([22m[2m)[22m failed

    Locator:  locator('input[placeholder="Search..."]:visible').first().or(getByPlaceholder(/search/i).first())
    Expected: visible
    Received: hidden
    Timeout:  20000ms

    Call log:
    [2m  - [Roles] search input should be present with timeout 20000ms[22m
    [2m  - waiting for locator('input[placeholder="Search..."]:visible').first().or(getByPlaceholder(/search/i).first())[22m
    [2m    21 × locator resolved to <input value="" type="text" placeholder="Search..." class="form-control rounded-md shadow-sm"/>[22m
    [2m       - unexpected value "hidden"[22m


       at ..\pages\searchPage.ts:62

      60 |     await firstLoad;
      61 |     await expect(this.searchInput, `[${this.module.name}] search input should be present`)
    > 62 |       .toBeVisible({ timeout: 20_000 });
         |        ^
      63 |     return this;
      64 |   }
      65 |
        at SearchPage.open (C:\Users\User\Downloads\wilyer-playwright\search-suite\pages\searchPage.ts:62:8)
        at open (C:\Users\User\Downloads\wilyer-playwright\search-suite\tests\search.spec.ts:39:7)
        at C:\Users\User\Downloads\wilyer-playwright\search-suite\tests\search.spec.ts:94:22

    attachment #1: screenshot (image/png) ──────────────────────────────────────────────────────────
    search-suite\test-results\search-Search-·-Roles-Func-5b8d0-es-the-full-list-functional-chromium\test-failed-1.png
    ────────────────────────────────────────────────────────────────────────────────────────────────

    Error Context: search-suite\test-results\search-Search-·-Roles-Func-5b8d0-es-the-full-list-functional-chromium\error-context.md

    attachment #4: trace (application/zip) ─────────────────────────────────────────────────────────
    search-suite\test-results\search-Search-·-Roles-Func-5b8d0-es-the-full-list-functional-chromium\trace.zip
    Usage:

        npx playwright show-trace search-suite\test-results\search-Search-·-Roles-Func-5b8d0-es-the-full-list-functional-chromium\trace.zip

    ────────────────────────────────────────────────────────────────────────────────────────────────


[1A[2K  158) [chromium] › search-suite\tests\search.spec.ts:104:5 › Search · Roles › Functional: search state is sane after a page refresh @functional 

    Error: [Roles] search input should be present

    [2mexpect([22m[31mlocator[39m[2m).[22mtoBeVisible[2m([22m[2m)[22m failed

    Locator:  locator('input[placeholder="Search..."]:visible').first().or(getByPlaceholder(/search/i).first())
    Expected: visible
    Received: hidden
    Timeout:  20000ms

    Call log:
    [2m  - [Roles] search input should be present with timeout 20000ms[22m
    [2m  - waiting for locator('input[placeholder="Search..."]:visible').first().or(getByPlaceholder(/search/i).first())[22m
    [2m    22 × locator resolved to <input value="" type="text" placeholder="Search..." class="form-control rounded-md shadow-sm"/>[22m
    [2m       - unexpected value "hidden"[22m


       at ..\pages\searchPage.ts:62

      60 |     await firstLoad;
      61 |     await expect(this.searchInput, `[${this.module.name}] search input should be present`)
    > 62 |       .toBeVisible({ timeout: 20_000 });
         |        ^
      63 |     return this;
      64 |   }
      65 |
        at SearchPage.open (C:\Users\User\Downloads\wilyer-playwright\search-suite\pages\searchPage.ts:62:8)
        at open (C:\Users\User\Downloads\wilyer-playwright\search-suite\tests\search.spec.ts:39:7)
        at C:\Users\User\Downloads\wilyer-playwright\search-suite\tests\search.spec.ts:105:22

    attachment #1: screenshot (image/png) ──────────────────────────────────────────────────────────
    search-suite\test-results\search-Search-·-Roles-Func-317cd-r-a-page-refresh-functional-chromium\test-failed-1.png
    ────────────────────────────────────────────────────────────────────────────────────────────────

    Error Context: search-suite\test-results\search-Search-·-Roles-Func-317cd-r-a-page-refresh-functional-chromium\error-context.md

    attachment #4: trace (application/zip) ─────────────────────────────────────────────────────────
    search-suite\test-results\search-Search-·-Roles-Func-317cd-r-a-page-refresh-functional-chromium\trace.zip
    Usage:

        npx playwright show-trace search-suite\test-results\search-Search-·-Roles-Func-317cd-r-a-page-refresh-functional-chromium\trace.zip

    ────────────────────────────────────────────────────────────────────────────────────────────────


[1A[2K  159) [chromium] › search-suite\tests\search.spec.ts:112:5 › Search · Roles › Functional: multiple consecutive searches stay healthy @functional 

    Error: [Roles] search input should be present

    [2mexpect([22m[31mlocator[39m[2m).[22mtoBeVisible[2m([22m[2m)[22m failed

    Locator:  locator('input[placeholder="Search..."]:visible').first().or(getByPlaceholder(/search/i).first())
    Expected: visible
    Received: hidden
    Timeout:  20000ms

    Call log:
    [2m  - [Roles] search input should be present with timeout 20000ms[22m
    [2m  - waiting for locator('input[placeholder="Search..."]:visible').first().or(getByPlaceholder(/search/i).first())[22m
    [2m    21 × locator resolved to <input value="" type="text" placeholder="Search..." class="form-control rounded-md shadow-sm"/>[22m
    [2m       - unexpected value "hidden"[22m


       at ..\pages\searchPage.ts:62

      60 |     await firstLoad;
      61 |     await expect(this.searchInput, `[${this.module.name}] search input should be present`)
    > 62 |       .toBeVisible({ timeout: 20_000 });
         |        ^
      63 |     return this;
      64 |   }
      65 |
        at SearchPage.open (C:\Users\User\Downloads\wilyer-playwright\search-suite\pages\searchPage.ts:62:8)
        at open (C:\Users\User\Downloads\wilyer-playwright\search-suite\tests\search.spec.ts:39:7)
        at C:\Users\User\Downloads\wilyer-playwright\search-suite\tests\search.spec.ts:113:22

    attachment #1: screenshot (image/png) ──────────────────────────────────────────────────────────
    search-suite\test-results\search-Search-·-Roles-Func-3bee4-hes-stay-healthy-functional-chromium\test-failed-1.png
    ────────────────────────────────────────────────────────────────────────────────────────────────

    Error Context: search-suite\test-results\search-Search-·-Roles-Func-3bee4-hes-stay-healthy-functional-chromium\error-context.md

    attachment #4: trace (application/zip) ─────────────────────────────────────────────────────────
    search-suite\test-results\search-Search-·-Roles-Func-3bee4-hes-stay-healthy-functional-chromium\trace.zip
    Usage:

        npx playwright show-trace search-suite\test-results\search-Search-·-Roles-Func-3bee4-hes-stay-healthy-functional-chromium\trace.zip

    ────────────────────────────────────────────────────────────────────────────────────────────────


[1A[2K[282/351] [chromium] › search-suite\tests\search.spec.ts:122:7 › Search · Roles › Edge: "only spaces" does not crash the UI @edge
[1A[2K[283/351] [chromium] › search-suite\tests\search.spec.ts:122:7 › Search · Roles › Edge: "single character" does not crash the UI @edge
[1A[2K[284/351] [chromium] › search-suite\tests\search.spec.ts:122:7 › Search · Roles › Edge: "empty" does not crash the UI @edge
[1A[2K  160) [chromium] › search-suite\tests\search.spec.ts:122:7 › Search · Roles › Edge: "single character" does not crash the UI @edge 

    Error: [Roles] search input should be present

    [2mexpect([22m[31mlocator[39m[2m).[22mtoBeVisible[2m([22m[2m)[22m failed

    Locator:  locator('input[placeholder="Search..."]:visible').first().or(getByPlaceholder(/search/i).first())
    Expected: visible
    Received: hidden
    Timeout:  20000ms

    Call log:
    [2m  - [Roles] search input should be present with timeout 20000ms[22m
    [2m  - waiting for locator('input[placeholder="Search..."]:visible').first().or(getByPlaceholder(/search/i).first())[22m
    [2m    21 × locator resolved to <input value="" type="text" placeholder="Search..." class="form-control rounded-md shadow-sm"/>[22m
    [2m       - unexpected value "hidden"[22m


       at ..\pages\searchPage.ts:62

      60 |     await firstLoad;
      61 |     await expect(this.searchInput, `[${this.module.name}] search input should be present`)
    > 62 |       .toBeVisible({ timeout: 20_000 });
         |        ^
      63 |     return this;
      64 |   }
      65 |
        at SearchPage.open (C:\Users\User\Downloads\wilyer-playwright\search-suite\pages\searchPage.ts:62:8)
        at open (C:\Users\User\Downloads\wilyer-playwright\search-suite\tests\search.spec.ts:39:7)
        at C:\Users\User\Downloads\wilyer-playwright\search-suite\tests\search.spec.ts:123:24

    Error: apiRequestContext._wrapApiCall: ENOSPC: no space left on device, write

    Error: ENOSPC: no space left on device, open 'C:\Users\User\Downloads\wilyer-playwright\search-suite\test-results\search-Search-·-Roles-Edge-e2255--does-not-crash-the-UI-edge-chromium\error-context.md'

    attachment #1: screenshot (image/png) ──────────────────────────────────────────────────────────
    search-suite\test-results\search-Search-·-Roles-Edge-e2255--does-not-crash-the-UI-edge-chromium\test-failed-1.png
    ────────────────────────────────────────────────────────────────────────────────────────────────

    attachment #3: trace (application/zip) ─────────────────────────────────────────────────────────
    search-suite\test-results\search-Search-·-Roles-Edge-e2255--does-not-crash-the-UI-edge-chromium\trace.zip
    Usage:

        npx playwright show-trace search-suite\test-results\search-Search-·-Roles-Edge-e2255--does-not-crash-the-UI-edge-chromium\trace.zip

    ────────────────────────────────────────────────────────────────────────────────────────────────


[1A[2K  161) [chromium] › search-suite\tests\search.spec.ts:122:7 › Search · Roles › Edge: "empty" does not crash the UI @edge 

    Error: [Roles] search input should be present

    [2mexpect([22m[31mlocator[39m[2m).[22mtoBeVisible[2m([22m[2m)[22m failed

    Locator:  locator('input[placeholder="Search..."]:visible').first().or(getByPlaceholder(/search/i).first())
    Expected: visible
    Received: hidden
    Timeout:  20000ms

    Call log:
    [2m  - [Roles] search input should be present with timeout 20000ms[22m
    [2m  - waiting for locator('input[placeholder="Search..."]:visible').first().or(getByPlaceholder(/search/i).first())[22m
    [2m    22 × locator resolved to <input value="" type="text" placeholder="Search..." class="form-control rounded-md shadow-sm"/>[22m
    [2m       - unexpected value "hidden"[22m


       at ..\pages\searchPage.ts:62

      60 |     await firstLoad;
      61 |     await expect(this.searchInput, `[${this.module.name}] search input should be present`)
    > 62 |       .toBeVisible({ timeout: 20_000 });
         |        ^
      63 |     return this;
      64 |   }
      65 |
        at SearchPage.open (C:\Users\User\Downloads\wilyer-playwright\search-suite\pages\searchPage.ts:62:8)
        at open (C:\Users\User\Downloads\wilyer-playwright\search-suite\tests\search.spec.ts:39:7)
        at C:\Users\User\Downloads\wilyer-playwright\search-suite\tests\search.spec.ts:123:24

    Error: apiRequestContext._wrapApiCall: ENOSPC: no space left on device, write

    Error: ENOSPC: no space left on device, open 'C:\Users\User\Downloads\wilyer-playwright\search-suite\test-results\search-Search-·-Roles-Edge-empty-does-not-crash-the-UI-edge-chromium\error-context.md'

    attachment #1: screenshot (image/png) ──────────────────────────────────────────────────────────
    search-suite\test-results\search-Search-·-Roles-Edge-empty-does-not-crash-the-UI-edge-chromium\test-failed-1.png
    ────────────────────────────────────────────────────────────────────────────────────────────────

    attachment #3: trace (application/zip) ─────────────────────────────────────────────────────────
    search-suite\test-results\search-Search-·-Roles-Edge-empty-does-not-crash-the-UI-edge-chromium\trace.zip
    Usage:

        npx playwright show-trace search-suite\test-results\search-Search-·-Roles-Edge-empty-does-not-crash-the-UI-edge-chromium\trace.zip

    ────────────────────────────────────────────────────────────────────────────────────────────────


[1A[2K[285/351] [chromium] › search-suite\tests\search.spec.ts:122:7 › Search · Roles › Edge: "leading/trailing spaces" does not crash the UI @edge
[1A[2K[286/351] [chromium] › search-suite\tests\search.spec.ts:122:7 › Search · Roles › Edge: "multiple inner spaces" does not crash the UI @edge
[1A[2K  162) [chromium] › search-suite\tests\search.spec.ts:122:7 › Search · Roles › Edge: "multiple inner spaces" does not crash the UI @edge 

    Error: [Roles] search input should be present

    [2mexpect([22m[31mlocator[39m[2m).[22mtoBeVisible[2m([22m[2m)[22m failed

    Locator:  locator('input[placeholder="Search..."]:visible').first().or(getByPlaceholder(/search/i).first())
    Expected: visible
    Received: hidden
    Timeout:  20000ms

    Call log:
    [2m  - [Roles] search input should be present with timeout 20000ms[22m
    [2m  - waiting for locator('input[placeholder="Search..."]:visible').first().or(getByPlaceholder(/search/i).first())[22m
    [2m    23 × locator resolved to <input value="" type="text" placeholder="Search..." class="form-control rounded-md shadow-sm"/>[22m
    [2m       - unexpected value "hidden"[22m


       at ..\pages\searchPage.ts:62

      60 |     await firstLoad;
      61 |     await expect(this.searchInput, `[${this.module.name}] search input should be present`)
    > 62 |       .toBeVisible({ timeout: 20_000 });
         |        ^
      63 |     return this;
      64 |   }
      65 |
        at SearchPage.open (C:\Users\User\Downloads\wilyer-playwright\search-suite\pages\searchPage.ts:62:8)
        at open (C:\Users\User\Downloads\wilyer-playwright\search-suite\tests\search.spec.ts:39:7)
        at C:\Users\User\Downloads\wilyer-playwright\search-suite\tests\search.spec.ts:123:24

    Error: apiRequestContext._wrapApiCall: ENOSPC: no space left on device, write

    Error: ENOSPC: no space left on device, open 'C:\Users\User\Downloads\wilyer-playwright\search-suite\test-results\search-Search-·-Roles-Edge-a3455--does-not-crash-the-UI-edge-chromium\error-context.md'

    Error: End of central directory record signature not found. Either not a zip file, or file is truncated.

    attachment #1: screenshot (image/png) ──────────────────────────────────────────────────────────
    search-suite\test-results\search-Search-·-Roles-Edge-a3455--does-not-crash-the-UI-edge-chromium\test-failed-1.png
    ────────────────────────────────────────────────────────────────────────────────────────────────


[1A[2K[287/351] [chromium] › search-suite\tests\search.spec.ts:122:7 › Search · Roles › Edge: "very long (1200 chars)" does not crash the UI @edge
[1A[2K  163) [chromium] › search-suite\tests\search.spec.ts:122:7 › Search · Roles › Edge: "only spaces" does not crash the UI @edge 

    Error: [Roles] search input should be present

    [2mexpect([22m[31mlocator[39m[2m).[22mtoBeVisible[2m([22m[2m)[22m failed

    Locator:  locator('input[placeholder="Search..."]:visible').first().or(getByPlaceholder(/search/i).first())
    Expected: visible
    Received: hidden
    Timeout:  20000ms

    Call log:
    [2m  - [Roles] search input should be present with timeout 20000ms[22m
    [2m  - waiting for locator('input[placeholder="Search..."]:visible').first().or(getByPlaceholder(/search/i).first())[22m
    [2m    22 × locator resolved to <input value="" type="text" placeholder="Search..." class="form-control rounded-md shadow-sm"/>[22m
    [2m       - unexpected value "hidden"[22m


       at ..\pages\searchPage.ts:62

      60 |     await firstLoad;
      61 |     await expect(this.searchInput, `[${this.module.name}] search input should be present`)
    > 62 |       .toBeVisible({ timeout: 20_000 });
         |        ^
      63 |     return this;
      64 |   }
      65 |
        at SearchPage.open (C:\Users\User\Downloads\wilyer-playwright\search-suite\pages\searchPage.ts:62:8)
        at open (C:\Users\User\Downloads\wilyer-playwright\search-suite\tests\search.spec.ts:39:7)
        at C:\Users\User\Downloads\wilyer-playwright\search-suite\tests\search.spec.ts:123:24

    Error: apiRequestContext._wrapApiCall: ENOSPC: no space left on device, write

    Error: ENOSPC: no space left on device, open 'C:\Users\User\Downloads\wilyer-playwright\search-suite\test-results\search-Search-·-Roles-Edge-86f95--does-not-crash-the-UI-edge-chromium\error-context.md'

    Error: ENOSPC: no space left on device, write

    [31mTest timeout of 90000ms exceeded.[39m

    attachment #1: screenshot (image/png) ──────────────────────────────────────────────────────────
    search-suite\test-results\search-Search-·-Roles-Edge-86f95--does-not-crash-the-UI-edge-chromium\test-failed-1.png
    ────────────────────────────────────────────────────────────────────────────────────────────────


[1A[2K[288/351] [chromium] › search-suite\tests\search.spec.ts:122:7 › Search · Roles › Edge: "special characters" does not crash the UI @edge
[1A[2K  164) [chromium] › search-suite\tests\search.spec.ts:122:7 › Search · Roles › Edge: "very long (1200 chars)" does not crash the UI @edge 

    Error: [Roles] search input should be present

    [2mexpect([22m[31mlocator[39m[2m).[22mtoBeVisible[2m([22m[2m)[22m failed

    Locator:  locator('input[placeholder="Search..."]:visible').first().or(getByPlaceholder(/search/i).first())
    Expected: visible
    Received: hidden
    Timeout:  20000ms

    Call log:
    [2m  - [Roles] search input should be present with timeout 20000ms[22m
    [2m  - waiting for locator('input[placeholder="Search..."]:visible').first().or(getByPlaceholder(/search/i).first())[22m
    [2m    9 × locator resolved to <input value="" type="text" placeholder="Search..." class="form-control rounded-md shadow-sm"/>[22m
    [2m      - unexpected value "hidden"[22m


       at ..\pages\searchPage.ts:62

      60 |     await firstLoad;
      61 |     await expect(this.searchInput, `[${this.module.name}] search input should be present`)
    > 62 |       .toBeVisible({ timeout: 20_000 });
         |        ^
      63 |     return this;
      64 |   }
      65 |
        at SearchPage.open (C:\Users\User\Downloads\wilyer-playwright\search-suite\pages\searchPage.ts:62:8)
        at open (C:\Users\User\Downloads\wilyer-playwright\search-suite\tests\search.spec.ts:39:7)
        at C:\Users\User\Downloads\wilyer-playwright\search-suite\tests\search.spec.ts:123:24

    attachment #1: screenshot (image/png) ──────────────────────────────────────────────────────────
    search-suite\test-results\search-Search-·-Roles-Edge-b1427--does-not-crash-the-UI-edge-chromium\test-failed-1.png
    ────────────────────────────────────────────────────────────────────────────────────────────────

    Error Context: search-suite\test-results\search-Search-·-Roles-Edge-b1427--does-not-crash-the-UI-edge-chromium\error-context.md

    attachment #4: trace (application/zip) ─────────────────────────────────────────────────────────
    search-suite\test-results\search-Search-·-Roles-Edge-b1427--does-not-crash-the-UI-edge-chromium\trace.zip
    Usage:

        npx playwright show-trace search-suite\test-results\search-Search-·-Roles-Edge-b1427--does-not-crash-the-UI-edge-chromium\trace.zip

    ────────────────────────────────────────────────────────────────────────────────────────────────


[1A[2K[289/351] [chromium] › search-suite\tests\search.spec.ts:122:7 › Search · Roles › Edge: "unicode hi/zh/ja" does not crash the UI @edge
[1A[2K  165) [chromium] › search-suite\tests\search.spec.ts:122:7 › Search · Roles › Edge: "leading/trailing spaces" does not crash the UI @edge 

    Error: [Roles] search input should be present

    [2mexpect([22m[31mlocator[39m[2m).[22mtoBeVisible[2m([22m[2m)[22m failed

    Locator:  locator('input[placeholder="Search..."]:visible').first().or(getByPlaceholder(/search/i).first())
    Expected: visible
    Received: hidden
    Timeout:  20000ms

    Call log:
    [2m  - [Roles] search input should be present with timeout 20000ms[22m
    [2m  - waiting for locator('input[placeholder="Search..."]:visible').first().or(getByPlaceholder(/search/i).first())[22m
    [2m    23 × locator resolved to <input value="" type="text" placeholder="Search..." class="form-control rounded-md shadow-sm"/>[22m
    [2m       - unexpected value "hidden"[22m


       at ..\pages\searchPage.ts:62

      60 |     await firstLoad;
      61 |     await expect(this.searchInput, `[${this.module.name}] search input should be present`)
    > 62 |       .toBeVisible({ timeout: 20_000 });
         |        ^
      63 |     return this;
      64 |   }
      65 |
        at SearchPage.open (C:\Users\User\Downloads\wilyer-playwright\search-suite\pages\searchPage.ts:62:8)
        at open (C:\Users\User\Downloads\wilyer-playwright\search-suite\tests\search.spec.ts:39:7)
        at C:\Users\User\Downloads\wilyer-playwright\search-suite\tests\search.spec.ts:123:24

    Error: apiRequestContext._wrapApiCall: ENOSPC: no space left on device, write

    Error: ENOSPC: no space left on device, open 'C:\Users\User\Downloads\wilyer-playwright\search-suite\test-results\search-Search-·-Roles-Edge-3b297--does-not-crash-the-UI-edge-chromium\error-context.md'

    Error: ENOSPC: no space left on device, write

    [31mTest timeout of 90000ms exceeded.[39m

    attachment #1: screenshot (image/png) ──────────────────────────────────────────────────────────
    search-suite\test-results\search-Search-·-Roles-Edge-3b297--does-not-crash-the-UI-edge-chromium\test-failed-1.png
    ────────────────────────────────────────────────────────────────────────────────────────────────


[1A[2K[290/351] [chromium] › search-suite\tests\search.spec.ts:122:7 › Search · Roles › Edge: "emoji" does not crash the UI @edge
[1A[2K  166) [chromium] › search-suite\tests\search.spec.ts:122:7 › Search · Roles › Edge: "unicode hi/zh/ja" does not crash the UI @edge 

    Error: [Roles] search input should be present

    [2mexpect([22m[31mlocator[39m[2m).[22mtoBeVisible[2m([22m[2m)[22m failed

    Locator:  locator('input[placeholder="Search..."]:visible').first().or(getByPlaceholder(/search/i).first())
    Expected: visible
    Received: hidden
    Timeout:  20000ms

    Call log:
    [2m  - [Roles] search input should be present with timeout 20000ms[22m
    [2m  - waiting for locator('input[placeholder="Search..."]:visible').first().or(getByPlaceholder(/search/i).first())[22m
    [2m    23 × locator resolved to <input value="" type="text" placeholder="Search..." class="form-control rounded-md shadow-sm"/>[22m
    [2m       - unexpected value "hidden"[22m


       at ..\pages\searchPage.ts:62

      60 |     await firstLoad;
      61 |     await expect(this.searchInput, `[${this.module.name}] search input should be present`)
    > 62 |       .toBeVisible({ timeout: 20_000 });
         |        ^
      63 |     return this;
      64 |   }
      65 |
        at SearchPage.open (C:\Users\User\Downloads\wilyer-playwright\search-suite\pages\searchPage.ts:62:8)
        at open (C:\Users\User\Downloads\wilyer-playwright\search-suite\tests\search.spec.ts:39:7)
        at C:\Users\User\Downloads\wilyer-playwright\search-suite\tests\search.spec.ts:123:24

    Error: apiRequestContext._wrapApiCall: ENOSPC: no space left on device, write

    attachment #1: screenshot (image/png) ──────────────────────────────────────────────────────────
    search-suite\test-results\search-Search-·-Roles-Edge-1c0f1--does-not-crash-the-UI-edge-chromium\test-failed-1.png
    ────────────────────────────────────────────────────────────────────────────────────────────────

    Error Context: search-suite\test-results\search-Search-·-Roles-Edge-1c0f1--does-not-crash-the-UI-edge-chromium\error-context.md

    attachment #4: trace (application/zip) ─────────────────────────────────────────────────────────
    search-suite\test-results\search-Search-·-Roles-Edge-1c0f1--does-not-crash-the-UI-edge-chromium\trace.zip
    Usage:

        npx playwright show-trace search-suite\test-results\search-Search-·-Roles-Edge-1c0f1--does-not-crash-the-UI-edge-chromium\trace.zip

    ────────────────────────────────────────────────────────────────────────────────────────────────


[1A[2K[291/351] [chromium] › search-suite\tests\search.spec.ts:122:7 › Search · Roles › Edge: "newline and tab" does not crash the UI @edge
[1A[2K  167) [chromium] › search-suite\tests\search.spec.ts:122:7 › Search · Roles › Edge: "special characters" does not crash the UI @edge 

    Error: [Roles] search input should be present

    [2mexpect([22m[31mlocator[39m[2m).[22mtoBeVisible[2m([22m[2m)[22m failed

    Locator:  locator('input[placeholder="Search..."]:visible').first().or(getByPlaceholder(/search/i).first())
    Expected: visible
    Received: hidden
    Timeout:  20000ms

    Call log:
    [2m  - [Roles] search input should be present with timeout 20000ms[22m
    [2m  - waiting for locator('input[placeholder="Search..."]:visible').first().or(getByPlaceholder(/search/i).first())[22m
    [2m    23 × locator resolved to <input value="" type="text" placeholder="Search..." class="form-control rounded-md shadow-sm"/>[22m
    [2m       - unexpected value "hidden"[22m


       at ..\pages\searchPage.ts:62

      60 |     await firstLoad;
      61 |     await expect(this.searchInput, `[${this.module.name}] search input should be present`)
    > 62 |       .toBeVisible({ timeout: 20_000 });
         |        ^
      63 |     return this;
      64 |   }
      65 |
        at SearchPage.open (C:\Users\User\Downloads\wilyer-playwright\search-suite\pages\searchPage.ts:62:8)
        at open (C:\Users\User\Downloads\wilyer-playwright\search-suite\tests\search.spec.ts:39:7)
        at C:\Users\User\Downloads\wilyer-playwright\search-suite\tests\search.spec.ts:123:24

    Error: apiRequestContext._wrapApiCall: ENOSPC: no space left on device, write

    Error: ENOSPC: no space left on device, open 'C:\Users\User\Downloads\wilyer-playwright\search-suite\test-results\search-Search-·-Roles-Edge-9fca2--does-not-crash-the-UI-edge-chromium\error-context.md'

    Error: ENOSPC: no space left on device, write

    [31mTest timeout of 90000ms exceeded.[39m


[1A[2K[292/351] [chromium] › search-suite\tests\search.spec.ts:122:7 › Search · Roles › Edge: "url-encoded" does not crash the UI @edge
[1A[2K  168) [chromium] › search-suite\tests\search.spec.ts:122:7 › Search · Roles › Edge: "url-encoded" does not crash the UI @edge 

    Error: [Roles] search input should be present

    [2mexpect([22m[31mlocator[39m[2m).[22mtoBeVisible[2m([22m[2m)[22m failed

    Locator:  locator('input[placeholder="Search..."]:visible').first().or(getByPlaceholder(/search/i).first())
    Expected: visible
    Received: hidden
    Timeout:  20000ms

    Call log:
    [2m  - [Roles] search input should be present with timeout 20000ms[22m
    [2m  - waiting for locator('input[placeholder="Search..."]:visible').first().or(getByPlaceholder(/search/i).first())[22m
    [2m    23 × locator resolved to <input value="" type="text" placeholder="Search..." class="form-control rounded-md shadow-sm"/>[22m
    [2m       - unexpected value "hidden"[22m


       at ..\pages\searchPage.ts:62

      60 |     await firstLoad;
      61 |     await expect(this.searchInput, `[${this.module.name}] search input should be present`)
    > 62 |       .toBeVisible({ timeout: 20_000 });
         |        ^
      63 |     return this;
      64 |   }
      65 |
        at SearchPage.open (C:\Users\User\Downloads\wilyer-playwright\search-suite\pages\searchPage.ts:62:8)
        at open (C:\Users\User\Downloads\wilyer-playwright\search-suite\tests\search.spec.ts:39:7)
        at C:\Users\User\Downloads\wilyer-playwright\search-suite\tests\search.spec.ts:123:24

    Error: ENOSPC: no space left on device, mkdir 'C:\Users\User\Downloads\wilyer-playwright\search-suite\test-results\search-Search-·-Roles-Edge-2a3af--does-not-crash-the-UI-edge-chromium'

       at ..\fixtures\searchFixtures.ts:29

      27 |       // Persist diagnostics for every test (cheap, invaluable on failure).
      28 |       const report = monitor.report();
    > 29 |       await testInfo.attach('console-network-monitor.json', {
         |                      ^
      30 |         body: JSON.stringify(report, null, 2),
      31 |         contentType: 'application/json',
      32 |       });
        at Object.base.extend.monitor.auto (C:\Users\User\Downloads\wilyer-playwright\search-suite\fixtures\searchFixtures.ts:29:22)

    Error: apiRequestContext._wrapApiCall: ENOSPC: no space left on device, write

    Error: ENOSPC: no space left on device, mkdir 'C:\Users\User\Downloads\wilyer-playwright\search-suite\test-results\search-Search-·-Roles-Edge-2a3af--does-not-crash-the-UI-edge-chromium'

    attachment #1: trace (application/zip) ─────────────────────────────────────────────────────────
    search-suite\test-results\search-Search-·-Roles-Edge-2a3af--does-not-crash-the-UI-edge-chromium\trace.zip
    Usage:

        npx playwright show-trace search-suite\test-results\search-Search-·-Roles-Edge-2a3af--does-not-crash-the-UI-edge-chromium\trace.zip

    ────────────────────────────────────────────────────────────────────────────────────────────────


[1A[2K[293/351] [chromium] › search-suite\tests\search.spec.ts:134:7 › Search · Roles › Security: "SQLi ' OR 1=1 --" is inert (no execution) @security
[1A[2K  169) [chromium] › search-suite\tests\search.spec.ts:122:7 › Search · Roles › Edge: "emoji" does not crash the UI @edge 

    Error: [Roles] search input should be present

    [2mexpect([22m[31mlocator[39m[2m).[22mtoBeVisible[2m([22m[2m)[22m failed

    Locator:  locator('input[placeholder="Search..."]:visible').first().or(getByPlaceholder(/search/i).first())
    Expected: visible
    Received: hidden
    Timeout:  20000ms

    Call log:
    [2m  - [Roles] search input should be present with timeout 20000ms[22m
    [2m  - waiting for locator('input[placeholder="Search..."]:visible').first().or(getByPlaceholder(/search/i).first())[22m
    [2m    23 × locator resolved to <input value="" type="text" placeholder="Search..." class="form-control rounded-md shadow-sm"/>[22m
    [2m       - unexpected value "hidden"[22m


       at ..\pages\searchPage.ts:62

      60 |     await firstLoad;
      61 |     await expect(this.searchInput, `[${this.module.name}] search input should be present`)
    > 62 |       .toBeVisible({ timeout: 20_000 });
         |        ^
      63 |     return this;
      64 |   }
      65 |
        at SearchPage.open (C:\Users\User\Downloads\wilyer-playwright\search-suite\pages\searchPage.ts:62:8)
        at open (C:\Users\User\Downloads\wilyer-playwright\search-suite\tests\search.spec.ts:39:7)
        at C:\Users\User\Downloads\wilyer-playwright\search-suite\tests\search.spec.ts:123:24

    Error: apiRequestContext._wrapApiCall: ENOSPC: no space left on device, write

    Error: ENOSPC: no space left on device, open 'C:\Users\User\Downloads\wilyer-playwright\search-suite\test-results\search-Search-·-Roles-Edge-emoji-does-not-crash-the-UI-edge-chromium\error-context.md'

    Error: ENOSPC: no space left on device, write

    [31mTest timeout of 90000ms exceeded.[39m


[1A[2K[294/351] [chromium] › search-suite\tests\search.spec.ts:134:7 › Search · Roles › Security: "SQLi admin'--" is inert (no execution) @security
[1A[2K  170) [chromium] › search-suite\tests\search.spec.ts:122:7 › Search · Roles › Edge: "newline and tab" does not crash the UI @edge 

    Error: [Roles] search input should be present

    [2mexpect([22m[31mlocator[39m[2m).[22mtoBeVisible[2m([22m[2m)[22m failed

    Locator:  locator('input[placeholder="Search..."]:visible').first().or(getByPlaceholder(/search/i).first())
    Expected: visible
    Received: hidden
    Timeout:  20000ms

    Call log:
    [2m  - [Roles] search input should be present with timeout 20000ms[22m
    [2m  - waiting for locator('input[placeholder="Search..."]:visible').first().or(getByPlaceholder(/search/i).first())[22m
    [2m    23 × locator resolved to <input value="" type="text" placeholder="Search..." class="form-control rounded-md shadow-sm"/>[22m
    [2m       - unexpected value "hidden"[22m


       at ..\pages\searchPage.ts:62

      60 |     await firstLoad;
      61 |     await expect(this.searchInput, `[${this.module.name}] search input should be present`)
    > 62 |       .toBeVisible({ timeout: 20_000 });
         |        ^
      63 |     return this;
      64 |   }
      65 |
        at SearchPage.open (C:\Users\User\Downloads\wilyer-playwright\search-suite\pages\searchPage.ts:62:8)
        at open (C:\Users\User\Downloads\wilyer-playwright\search-suite\tests\search.spec.ts:39:7)
        at C:\Users\User\Downloads\wilyer-playwright\search-suite\tests\search.spec.ts:123:24

    Error: ENOSPC: no space left on device, mkdir 'C:\Users\User\Downloads\wilyer-playwright\search-suite\test-results\search-Search-·-Roles-Edge-2ddc9--does-not-crash-the-UI-edge-chromium'

       at ..\fixtures\searchFixtures.ts:29

      27 |       // Persist diagnostics for every test (cheap, invaluable on failure).
      28 |       const report = monitor.report();
    > 29 |       await testInfo.attach('console-network-monitor.json', {
         |                      ^
      30 |         body: JSON.stringify(report, null, 2),
      31 |         contentType: 'application/json',
      32 |       });
        at Object.base.extend.monitor.auto (C:\Users\User\Downloads\wilyer-playwright\search-suite\fixtures\searchFixtures.ts:29:22)

    Error: apiRequestContext._wrapApiCall: ENOSPC: no space left on device, write

    Error: ENOSPC: no space left on device, mkdir 'C:\Users\User\Downloads\wilyer-playwright\search-suite\test-results\search-Search-·-Roles-Edge-2ddc9--does-not-crash-the-UI-edge-chromium'

    Error: ENOSPC: no space left on device, write

    [31mTest timeout of 90000ms exceeded.[39m


[1A[2K[295/351] [chromium] › search-suite\tests\search.spec.ts:134:7 › Search · Roles › Security: "SQLi DROP TABLE" is inert (no execution) @security
[1A[2K  171) [chromium] › search-suite\tests\search.spec.ts:134:7 › Search · Roles › Security: "SQLi ' OR 1=1 --" is inert (no execution) @security 

    Error: [Roles] search input should be present

    [2mexpect([22m[31mlocator[39m[2m).[22mtoBeVisible[2m([22m[2m)[22m failed

    Locator:  locator('input[placeholder="Search..."]:visible').first().or(getByPlaceholder(/search/i).first())
    Expected: visible
    Received: hidden
    Timeout:  20000ms

    Call log:
    [2m  - [Roles] search input should be present with timeout 20000ms[22m
    [2m  - waiting for locator('input[placeholder="Search..."]:visible').first().or(getByPlaceholder(/search/i).first())[22m
    [2m    23 × locator resolved to <input value="" type="text" placeholder="Search..." class="form-control rounded-md shadow-sm"/>[22m
    [2m       - unexpected value "hidden"[22m


       at ..\pages\searchPage.ts:62

      60 |     await firstLoad;
      61 |     await expect(this.searchInput, `[${this.module.name}] search input should be present`)
    > 62 |       .toBeVisible({ timeout: 20_000 });
         |        ^
      63 |     return this;
      64 |   }
      65 |
        at SearchPage.open (C:\Users\User\Downloads\wilyer-playwright\search-suite\pages\searchPage.ts:62:8)
        at open (C:\Users\User\Downloads\wilyer-playwright\search-suite\tests\search.spec.ts:39:7)
        at C:\Users\User\Downloads\wilyer-playwright\search-suite\tests\search.spec.ts:138:24

    Error: apiRequestContext._wrapApiCall: ENOSPC: no space left on device, write

    Error: ENOSPC: no space left on device, open 'C:\Users\User\Downloads\wilyer-playwright\search-suite\test-results\search-Search-·-Roles-Secu-9601a-inert-no-execution-security-chromium\error-context.md'

    attachment #2: trace (application/zip) ─────────────────────────────────────────────────────────
    search-suite\test-results\search-Search-·-Roles-Secu-9601a-inert-no-execution-security-chromium\trace.zip
    Usage:

        npx playwright show-trace search-suite\test-results\search-Search-·-Roles-Secu-9601a-inert-no-execution-security-chromium\trace.zip

    ────────────────────────────────────────────────────────────────────────────────────────────────


[1A[2K[296/351] [chromium] › search-suite\tests\search.spec.ts:134:7 › Search · Roles › Security: "XSS <script>" is inert (no execution) @security
[1A[2K  172) [chromium] › search-suite\tests\search.spec.ts:134:7 › Search · Roles › Security: "SQLi admin'--" is inert (no execution) @security 

    Error: [Roles] search input should be present

    [2mexpect([22m[31mlocator[39m[2m).[22mtoBeVisible[2m([22m[2m)[22m failed

    Locator:  locator('input[placeholder="Search..."]:visible').first().or(getByPlaceholder(/search/i).first())
    Expected: visible
    Received: hidden
    Timeout:  20000ms

    Call log:
    [2m  - [Roles] search input should be present with timeout 20000ms[22m
    [2m  - waiting for locator('input[placeholder="Search..."]:visible').first().or(getByPlaceholder(/search/i).first())[22m
    [2m    23 × locator resolved to <input value="" type="text" placeholder="Search..." class="form-control rounded-md shadow-sm"/>[22m
    [2m       - unexpected value "hidden"[22m


       at ..\pages\searchPage.ts:62

      60 |     await firstLoad;
      61 |     await expect(this.searchInput, `[${this.module.name}] search input should be present`)
    > 62 |       .toBeVisible({ timeout: 20_000 });
         |        ^
      63 |     return this;
      64 |   }
      65 |
        at SearchPage.open (C:\Users\User\Downloads\wilyer-playwright\search-suite\pages\searchPage.ts:62:8)
        at open (C:\Users\User\Downloads\wilyer-playwright\search-suite\tests\search.spec.ts:39:7)
        at C:\Users\User\Downloads\wilyer-playwright\search-suite\tests\search.spec.ts:138:24

    Error: apiRequestContext._wrapApiCall: ENOSPC: no space left on device, write

    attachment #1: screenshot (image/png) ──────────────────────────────────────────────────────────
    search-suite\test-results\search-Search-·-Roles-Secu-f8b4f-inert-no-execution-security-chromium\test-failed-1.png
    ────────────────────────────────────────────────────────────────────────────────────────────────

    Error Context: search-suite\test-results\search-Search-·-Roles-Secu-f8b4f-inert-no-execution-security-chromium\error-context.md

    attachment #4: trace (application/zip) ─────────────────────────────────────────────────────────
    search-suite\test-results\search-Search-·-Roles-Secu-f8b4f-inert-no-execution-security-chromium\trace.zip
    Usage:

        npx playwright show-trace search-suite\test-results\search-Search-·-Roles-Secu-f8b4f-inert-no-execution-security-chromium\trace.zip

    ────────────────────────────────────────────────────────────────────────────────────────────────


[1A[2K[297/351] [chromium] › search-suite\tests\search.spec.ts:134:7 › Search · Roles › Security: "XSS img onerror" is inert (no execution) @security
[1A[2K  173) [chromium] › search-suite\tests\search.spec.ts:134:7 › Search · Roles › Security: "SQLi DROP TABLE" is inert (no execution) @security 

    Error: [Roles] search input should be present

    [2mexpect([22m[31mlocator[39m[2m).[22mtoBeVisible[2m([22m[2m)[22m failed

    Locator:  locator('input[placeholder="Search..."]:visible').first().or(getByPlaceholder(/search/i).first())
    Expected: visible
    Received: hidden
    Timeout:  20000ms

    Call log:
    [2m  - [Roles] search input should be present with timeout 20000ms[22m
    [2m  - waiting for locator('input[placeholder="Search..."]:visible').first().or(getByPlaceholder(/search/i).first())[22m
    [2m    22 × locator resolved to <input value="" type="text" placeholder="Search..." class="form-control rounded-md shadow-sm"/>[22m
    [2m       - unexpected value "hidden"[22m


       at ..\pages\searchPage.ts:62

      60 |     await firstLoad;
      61 |     await expect(this.searchInput, `[${this.module.name}] search input should be present`)
    > 62 |       .toBeVisible({ timeout: 20_000 });
         |        ^
      63 |     return this;
      64 |   }
      65 |
        at SearchPage.open (C:\Users\User\Downloads\wilyer-playwright\search-suite\pages\searchPage.ts:62:8)
        at open (C:\Users\User\Downloads\wilyer-playwright\search-suite\tests\search.spec.ts:39:7)
        at C:\Users\User\Downloads\wilyer-playwright\search-suite\tests\search.spec.ts:138:24

    Error: apiRequestContext._wrapApiCall: ENOSPC: no space left on device, write

    attachment #1: screenshot (image/png) ──────────────────────────────────────────────────────────
    search-suite\test-results\search-Search-·-Roles-Secu-e0ef6-inert-no-execution-security-chromium\test-failed-1.png
    ────────────────────────────────────────────────────────────────────────────────────────────────

    Error Context: search-suite\test-results\search-Search-·-Roles-Secu-e0ef6-inert-no-execution-security-chromium\error-context.md

    attachment #4: trace (application/zip) ─────────────────────────────────────────────────────────
    search-suite\test-results\search-Search-·-Roles-Secu-e0ef6-inert-no-execution-security-chromium\trace.zip
    Usage:

        npx playwright show-trace search-suite\test-results\search-Search-·-Roles-Secu-e0ef6-inert-no-execution-security-chromium\trace.zip

    ────────────────────────────────────────────────────────────────────────────────────────────────


[1A[2K[298/351] [chromium] › search-suite\tests\search.spec.ts:134:7 › Search · Roles › Security: "XSS svg onload" is inert (no execution) @security
[1A[2K  174) [chromium] › search-suite\tests\search.spec.ts:134:7 › Search · Roles › Security: "XSS <script>" is inert (no execution) @security 

    Error: [Roles] search input should be present

    [2mexpect([22m[31mlocator[39m[2m).[22mtoBeVisible[2m([22m[2m)[22m failed

    Locator:  locator('input[placeholder="Search..."]:visible').first().or(getByPlaceholder(/search/i).first())
    Expected: visible
    Received: hidden
    Timeout:  20000ms

    Call log:
    [2m  - [Roles] search input should be present with timeout 20000ms[22m
    [2m  - waiting for locator('input[placeholder="Search..."]:visible').first().or(getByPlaceholder(/search/i).first())[22m
    [2m    23 × locator resolved to <input value="" type="text" placeholder="Search..." class="form-control rounded-md shadow-sm"/>[22m
    [2m       - unexpected value "hidden"[22m


       at ..\pages\searchPage.ts:62

      60 |     await firstLoad;
      61 |     await expect(this.searchInput, `[${this.module.name}] search input should be present`)
    > 62 |       .toBeVisible({ timeout: 20_000 });
         |        ^
      63 |     return this;
      64 |   }
      65 |
        at SearchPage.open (C:\Users\User\Downloads\wilyer-playwright\search-suite\pages\searchPage.ts:62:8)
        at open (C:\Users\User\Downloads\wilyer-playwright\search-suite\tests\search.spec.ts:39:7)
        at C:\Users\User\Downloads\wilyer-playwright\search-suite\tests\search.spec.ts:138:24

    Error: apiRequestContext._wrapApiCall: ENOSPC: no space left on device, write

    Error: ENOSPC: no space left on device, open 'C:\Users\User\Downloads\wilyer-playwright\search-suite\test-results\search-Search-·-Roles-Secu-41d72-inert-no-execution-security-chromium\error-context.md'

    Error: ENOSPC: no space left on device, write

    [31mTest timeout of 90000ms exceeded.[39m


[1A[2K[299/351] [chromium] › search-suite\tests\search.spec.ts:134:7 › Search · Roles › Security: "HTML injection" is inert (no execution) @security
[1A[2K  175) [chromium] › search-suite\tests\search.spec.ts:134:7 › Search · Roles › Security: "XSS img onerror" is inert (no execution) @security 

    Error: [Roles] search input should be present

    [2mexpect([22m[31mlocator[39m[2m).[22mtoBeVisible[2m([22m[2m)[22m failed

    Locator:  locator('input[placeholder="Search..."]:visible').first().or(getByPlaceholder(/search/i).first())
    Expected: visible
    Received: hidden
    Timeout:  20000ms

    Call log:
    [2m  - [Roles] search input should be present with timeout 20000ms[22m
    [2m  - waiting for locator('input[placeholder="Search..."]:visible').first().or(getByPlaceholder(/search/i).first())[22m
    [2m    22 × locator resolved to <input value="" type="text" placeholder="Search..." class="form-control rounded-md shadow-sm"/>[22m
    [2m       - unexpected value "hidden"[22m


       at ..\pages\searchPage.ts:62

      60 |     await firstLoad;
      61 |     await expect(this.searchInput, `[${this.module.name}] search input should be present`)
    > 62 |       .toBeVisible({ timeout: 20_000 });
         |        ^
      63 |     return this;
      64 |   }
      65 |
        at SearchPage.open (C:\Users\User\Downloads\wilyer-playwright\search-suite\pages\searchPage.ts:62:8)
        at open (C:\Users\User\Downloads\wilyer-playwright\search-suite\tests\search.spec.ts:39:7)
        at C:\Users\User\Downloads\wilyer-playwright\search-suite\tests\search.spec.ts:138:24

    Error: apiRequestContext._wrapApiCall: ENOSPC: no space left on device, write

    Error: ENOSPC: no space left on device, open 'C:\Users\User\Downloads\wilyer-playwright\search-suite\test-results\search-Search-·-Roles-Secu-5aa36-inert-no-execution-security-chromium\error-context.md'

    Error: ENOSPC: no space left on device, write

    [31mTest timeout of 90000ms exceeded.[39m


[1A[2K[300/351] [chromium] › search-suite\tests\search.spec.ts:153:7 › Search · Roles › API: "500 server error" degrades gracefully (no blank) @api
[1A[2K  176) [chromium] › search-suite\tests\search.spec.ts:134:7 › Search · Roles › Security: "XSS svg onload" is inert (no execution) @security 

    Error: [Roles] search input should be present

    [2mexpect([22m[31mlocator[39m[2m).[22mtoBeVisible[2m([22m[2m)[22m failed

    Locator:  locator('input[placeholder="Search..."]:visible').first().or(getByPlaceholder(/search/i).first())
    Expected: visible
    Received: hidden
    Timeout:  20000ms

    Call log:
    [2m  - [Roles] search input should be present with timeout 20000ms[22m
    [2m  - waiting for locator('input[placeholder="Search..."]:visible').first().or(getByPlaceholder(/search/i).first())[22m
    [2m    23 × locator resolved to <input value="" type="text" placeholder="Search..." class="form-control rounded-md shadow-sm"/>[22m
    [2m       - unexpected value "hidden"[22m


       at ..\pages\searchPage.ts:62

      60 |     await firstLoad;
      61 |     await expect(this.searchInput, `[${this.module.name}] search input should be present`)
    > 62 |       .toBeVisible({ timeout: 20_000 });
         |        ^
      63 |     return this;
      64 |   }
      65 |
        at SearchPage.open (C:\Users\User\Downloads\wilyer-playwright\search-suite\pages\searchPage.ts:62:8)
        at open (C:\Users\User\Downloads\wilyer-playwright\search-suite\tests\search.spec.ts:39:7)
        at C:\Users\User\Downloads\wilyer-playwright\search-suite\tests\search.spec.ts:138:24

    Error: apiRequestContext._wrapApiCall: ENOSPC: no space left on device, write

    Error: ENOSPC: no space left on device, open 'C:\Users\User\Downloads\wilyer-playwright\search-suite\test-results\search-Search-·-Roles-Secu-199c1-inert-no-execution-security-chromium\error-context.md'

    Error: ENOSPC: no space left on device, write

    [31mTest timeout of 90000ms exceeded.[39m


[1A[2K[301/351] [chromium] › search-suite\tests\search.spec.ts:153:7 › Search · Roles › API: "404 not found" degrades gracefully (no blank) @api
[1A[2K  177) [chromium] › search-suite\tests\search.spec.ts:153:7 › Search · Roles › API: "500 server error" degrades gracefully (no blank) @api 

    Error: [Roles] search input should be present

    [2mexpect([22m[31mlocator[39m[2m).[22mtoBeVisible[2m([22m[2m)[22m failed

    Locator:  locator('input[placeholder="Search..."]:visible').first().or(getByPlaceholder(/search/i).first())
    Expected: visible
    Received: hidden
    Timeout:  20000ms

    Call log:
    [2m  - [Roles] search input should be present with timeout 20000ms[22m
    [2m  - waiting for locator('input[placeholder="Search..."]:visible').first().or(getByPlaceholder(/search/i).first())[22m
    [2m    22 × locator resolved to <input value="" type="text" placeholder="Search..." class="form-control rounded-md shadow-sm"/>[22m
    [2m       - unexpected value "hidden"[22m


       at ..\pages\searchPage.ts:62

      60 |     await firstLoad;
      61 |     await expect(this.searchInput, `[${this.module.name}] search input should be present`)
    > 62 |       .toBeVisible({ timeout: 20_000 });
         |        ^
      63 |     return this;
      64 |   }
      65 |
        at SearchPage.open (C:\Users\User\Downloads\wilyer-playwright\search-suite\pages\searchPage.ts:62:8)
        at open (C:\Users\User\Downloads\wilyer-playwright\search-suite\tests\search.spec.ts:39:7)
        at C:\Users\User\Downloads\wilyer-playwright\search-suite\tests\search.spec.ts:155:24

    Error: apiRequestContext._wrapApiCall: ENOSPC: no space left on device, write

    Error: ENOSPC: no space left on device, open 'C:\Users\User\Downloads\wilyer-playwright\search-suite\test-results\search-Search-·-Roles-API--443a8-des-gracefully-no-blank-api-chromium\error-context.md'

    attachment #2: trace (application/zip) ─────────────────────────────────────────────────────────
    search-suite\test-results\search-Search-·-Roles-API--443a8-des-gracefully-no-blank-api-chromium\trace.zip
    Usage:

        npx playwright show-trace search-suite\test-results\search-Search-·-Roles-API--443a8-des-gracefully-no-blank-api-chromium\trace.zip

    ────────────────────────────────────────────────────────────────────────────────────────────────


[1A[2K[302/351] [chromium] › search-suite\tests\search.spec.ts:153:7 › Search · Roles › API: "401 unauthorized" degrades gracefully (no blank) @api
[1A[2K  178) [chromium] › search-suite\tests\search.spec.ts:153:7 › Search · Roles › API: "404 not found" degrades gracefully (no blank) @api 

    Error: [Roles] search input should be present

    [2mexpect([22m[31mlocator[39m[2m).[22mtoBeVisible[2m([22m[2m)[22m failed

    Locator:  locator('input[placeholder="Search..."]:visible').first().or(getByPlaceholder(/search/i).first())
    Expected: visible
    Received: hidden
    Timeout:  20000ms

    Call log:
    [2m  - [Roles] search input should be present with timeout 20000ms[22m
    [2m  - waiting for locator('input[placeholder="Search..."]:visible').first().or(getByPlaceholder(/search/i).first())[22m
    [2m    23 × locator resolved to <input value="" type="text" placeholder="Search..." class="form-control rounded-md shadow-sm"/>[22m
    [2m       - unexpected value "hidden"[22m


       at ..\pages\searchPage.ts:62

      60 |     await firstLoad;
      61 |     await expect(this.searchInput, `[${this.module.name}] search input should be present`)
    > 62 |       .toBeVisible({ timeout: 20_000 });
         |        ^
      63 |     return this;
      64 |   }
      65 |
        at SearchPage.open (C:\Users\User\Downloads\wilyer-playwright\search-suite\pages\searchPage.ts:62:8)
        at open (C:\Users\User\Downloads\wilyer-playwright\search-suite\tests\search.spec.ts:39:7)
        at C:\Users\User\Downloads\wilyer-playwright\search-suite\tests\search.spec.ts:155:24

    Error: apiRequestContext._wrapApiCall: ENOSPC: no space left on device, write

    attachment #1: screenshot (image/png) ──────────────────────────────────────────────────────────
    search-suite\test-results\search-Search-·-Roles-API--61ccd-des-gracefully-no-blank-api-chromium\test-failed-1.png
    ────────────────────────────────────────────────────────────────────────────────────────────────

    Error Context: search-suite\test-results\search-Search-·-Roles-API--61ccd-des-gracefully-no-blank-api-chromium\error-context.md

    attachment #4: trace (application/zip) ─────────────────────────────────────────────────────────
    search-suite\test-results\search-Search-·-Roles-API--61ccd-des-gracefully-no-blank-api-chromium\trace.zip
    Usage:

        npx playwright show-trace search-suite\test-results\search-Search-·-Roles-API--61ccd-des-gracefully-no-blank-api-chromium\trace.zip

    ────────────────────────────────────────────────────────────────────────────────────────────────


[1A[2K[303/351] [chromium] › search-suite\tests\search.spec.ts:153:7 › Search · Roles › API: "403 forbidden" degrades gracefully (no blank) @api
[1A[2K  179) [chromium] › search-suite\tests\search.spec.ts:153:7 › Search · Roles › API: "401 unauthorized" degrades gracefully (no blank) @api 

    Error: [Roles] search input should be present

    [2mexpect([22m[31mlocator[39m[2m).[22mtoBeVisible[2m([22m[2m)[22m failed

    Locator:  locator('input[placeholder="Search..."]:visible').first().or(getByPlaceholder(/search/i).first())
    Expected: visible
    Received: hidden
    Timeout:  20000ms

    Call log:
    [2m  - [Roles] search input should be present with timeout 20000ms[22m
    [2m  - waiting for locator('input[placeholder="Search..."]:visible').first().or(getByPlaceholder(/search/i).first())[22m
    [2m    23 × locator resolved to <input value="" type="text" placeholder="Search..." class="form-control rounded-md shadow-sm"/>[22m
    [2m       - unexpected value "hidden"[22m


       at ..\pages\searchPage.ts:62

      60 |     await firstLoad;
      61 |     await expect(this.searchInput, `[${this.module.name}] search input should be present`)
    > 62 |       .toBeVisible({ timeout: 20_000 });
         |        ^
      63 |     return this;
      64 |   }
      65 |
        at SearchPage.open (C:\Users\User\Downloads\wilyer-playwright\search-suite\pages\searchPage.ts:62:8)
        at open (C:\Users\User\Downloads\wilyer-playwright\search-suite\tests\search.spec.ts:39:7)
        at C:\Users\User\Downloads\wilyer-playwright\search-suite\tests\search.spec.ts:155:24

    Error: apiRequestContext._wrapApiCall: ENOSPC: no space left on device, write

    Error: ENOSPC: no space left on device, open 'C:\Users\User\Downloads\wilyer-playwright\search-suite\test-results\search-Search-·-Roles-API--bfa47-des-gracefully-no-blank-api-chromium\error-context.md'

    attachment #2: trace (application/zip) ─────────────────────────────────────────────────────────
    search-suite\test-results\search-Search-·-Roles-API--bfa47-des-gracefully-no-blank-api-chromium\trace.zip
    Usage:

        npx playwright show-trace search-suite\test-results\search-Search-·-Roles-API--bfa47-des-gracefully-no-blank-api-chromium\trace.zip

    ────────────────────────────────────────────────────────────────────────────────────────────────


[1A[2K[304/351] [chromium] › search-suite\tests\search.spec.ts:153:7 › Search · Roles › API: "empty array" degrades gracefully (no blank) @api
[1A[2K  180) [chromium] › search-suite\tests\search.spec.ts:134:7 › Search · Roles › Security: "HTML injection" is inert (no execution) @security 

    Error: [Roles] search input should be present

    [2mexpect([22m[31mlocator[39m[2m).[22mtoBeVisible[2m([22m[2m)[22m failed

    Locator:  locator('input[placeholder="Search..."]:visible').first().or(getByPlaceholder(/search/i).first())
    Expected: visible
    Received: hidden
    Timeout:  20000ms

    Call log:
    [2m  - [Roles] search input should be present with timeout 20000ms[22m
    [2m  - waiting for locator('input[placeholder="Search..."]:visible').first().or(getByPlaceholder(/search/i).first())[22m
    [2m    21 × locator resolved to <input value="" type="text" placeholder="Search..." class="form-control rounded-md shadow-sm"/>[22m
    [2m       - unexpected value "hidden"[22m


       at ..\pages\searchPage.ts:62

      60 |     await firstLoad;
      61 |     await expect(this.searchInput, `[${this.module.name}] search input should be present`)
    > 62 |       .toBeVisible({ timeout: 20_000 });
         |        ^
      63 |     return this;
      64 |   }
      65 |
        at SearchPage.open (C:\Users\User\Downloads\wilyer-playwright\search-suite\pages\searchPage.ts:62:8)
        at open (C:\Users\User\Downloads\wilyer-playwright\search-suite\tests\search.spec.ts:39:7)
        at C:\Users\User\Downloads\wilyer-playwright\search-suite\tests\search.spec.ts:138:24

    Error: apiRequestContext._wrapApiCall: ENOSPC: no space left on device, write

    Error: ENOSPC: no space left on device, open 'C:\Users\User\Downloads\wilyer-playwright\search-suite\test-results\search-Search-·-Roles-Secu-0bc70-inert-no-execution-security-chromium\error-context.md'

    Error: ENOSPC: no space left on device, open 'C:\Users\User\Downloads\wilyer-playwright\search-suite\test-results\.playwright-artifacts-176\44eb6671842148f6e4fa971cad8ab76d.zip'

    [31mTest timeout of 90000ms exceeded.[39m

    attachment #1: screenshot (image/png) ──────────────────────────────────────────────────────────
    search-suite\test-results\search-Search-·-Roles-Secu-0bc70-inert-no-execution-security-chromium\test-failed-1.png
    ────────────────────────────────────────────────────────────────────────────────────────────────


[1A[2K  181) [chromium] › search-suite\tests\search.spec.ts:153:7 › Search · Roles › API: "403 forbidden" degrades gracefully (no blank) @api 

    Error: [Roles] search input should be present

    [2mexpect([22m[31mlocator[39m[2m).[22mtoBeVisible[2m([22m[2m)[22m failed

    Locator:  locator('input[placeholder="Search..."]:visible').first().or(getByPlaceholder(/search/i).first())
    Expected: visible
    Received: hidden
    Timeout:  20000ms

    Call log:
    [2m  - [Roles] search input should be present with timeout 20000ms[22m
    [2m  - waiting for locator('input[placeholder="Search..."]:visible').first().or(getByPlaceholder(/search/i).first())[22m
    [2m    23 × locator resolved to <input value="" type="text" placeholder="Search..." class="form-control rounded-md shadow-sm"/>[22m
    [2m       - unexpected value "hidden"[22m


       at ..\pages\searchPage.ts:62

      60 |     await firstLoad;
      61 |     await expect(this.searchInput, `[${this.module.name}] search input should be present`)
    > 62 |       .toBeVisible({ timeout: 20_000 });
         |        ^
      63 |     return this;
      64 |   }
      65 |
        at SearchPage.open (C:\Users\User\Downloads\wilyer-playwright\search-suite\pages\searchPage.ts:62:8)
        at open (C:\Users\User\Downloads\wilyer-playwright\search-suite\tests\search.spec.ts:39:7)
        at C:\Users\User\Downloads\wilyer-playwright\search-suite\tests\search.spec.ts:155:24

    Error: apiRequestContext._wrapApiCall: ENOSPC: no space left on device, write

    attachment #1: screenshot (image/png) ──────────────────────────────────────────────────────────
    search-suite\test-results\search-Search-·-Roles-API--99f49-des-gracefully-no-blank-api-chromium\test-failed-1.png
    ────────────────────────────────────────────────────────────────────────────────────────────────

    Error Context: search-suite\test-results\search-Search-·-Roles-API--99f49-des-gracefully-no-blank-api-chromium\error-context.md

    attachment #4: trace (application/zip) ─────────────────────────────────────────────────────────
    search-suite\test-results\search-Search-·-Roles-API--99f49-des-gracefully-no-blank-api-chromium\trace.zip
    Usage:

        npx playwright show-trace search-suite\test-results\search-Search-·-Roles-API--99f49-des-gracefully-no-blank-api-chromium\trace.zip

    ────────────────────────────────────────────────────────────────────────────────────────────────


[1A[2K[305/351] [chromium] › search-suite\tests\search.spec.ts:153:7 › Search · Roles › API: "malformed JSON" degrades gracefully (no blank) @api
[1A[2K[306/351] [chromium] › search-suite\tests\search.spec.ts:153:7 › Search · Roles › API: "backend unavailable" degrades gracefully (no blank) @api
[1A[2K  182) [chromium] › search-suite\tests\search.spec.ts:153:7 › Search · Roles › API: "malformed JSON" degrades gracefully (no blank) @api 

    Error: [Roles] search input should be present

    [2mexpect([22m[31mlocator[39m[2m).[22mtoBeVisible[2m([22m[2m)[22m failed

    Locator:  locator('input[placeholder="Search..."]:visible').first().or(getByPlaceholder(/search/i).first())
    Expected: visible
    Received: hidden
    Timeout:  20000ms

    Call log:
    [2m  - [Roles] search input should be present with timeout 20000ms[22m
    [2m  - waiting for locator('input[placeholder="Search..."]:visible').first().or(getByPlaceholder(/search/i).first())[22m
    [2m    23 × locator resolved to <input value="" type="text" placeholder="Search..." class="form-control rounded-md shadow-sm"/>[22m
    [2m       - unexpected value "hidden"[22m


       at ..\pages\searchPage.ts:62

      60 |     await firstLoad;
      61 |     await expect(this.searchInput, `[${this.module.name}] search input should be present`)
    > 62 |       .toBeVisible({ timeout: 20_000 });
         |        ^
      63 |     return this;
      64 |   }
      65 |
        at SearchPage.open (C:\Users\User\Downloads\wilyer-playwright\search-suite\pages\searchPage.ts:62:8)
        at open (C:\Users\User\Downloads\wilyer-playwright\search-suite\tests\search.spec.ts:39:7)
        at C:\Users\User\Downloads\wilyer-playwright\search-suite\tests\search.spec.ts:155:24

    Error: apiRequestContext._wrapApiCall: ENOSPC: no space left on device, write

    Error: ENOSPC: no space left on device, open 'C:\Users\User\Downloads\wilyer-playwright\search-suite\test-results\search-Search-·-Roles-API--14fd1-des-gracefully-no-blank-api-chromium\error-context.md'

    attachment #2: trace (application/zip) ─────────────────────────────────────────────────────────
    search-suite\test-results\search-Search-·-Roles-API--14fd1-des-gracefully-no-blank-api-chromium\trace.zip
    Usage:

        npx playwright show-trace search-suite\test-results\search-Search-·-Roles-API--14fd1-des-gracefully-no-blank-api-chromium\trace.zip

    ────────────────────────────────────────────────────────────────────────────────────────────────


[1A[2K[307/351] [chromium] › search-suite\tests\search.spec.ts:153:7 › Search · Roles › API: "timeout (no response)" degrades gracefully (no blank) @api
[1A[2K  183) [chromium] › search-suite\tests\search.spec.ts:153:7 › Search · Roles › API: "backend unavailable" degrades gracefully (no blank) @api 

    Error: [Roles] search input should be present

    [2mexpect([22m[31mlocator[39m[2m).[22mtoBeVisible[2m([22m[2m)[22m failed

    Locator:  locator('input[placeholder="Search..."]:visible').first().or(getByPlaceholder(/search/i).first())
    Expected: visible
    Received: hidden
    Timeout:  20000ms

    Call log:
    [2m  - [Roles] search input should be present with timeout 20000ms[22m
    [2m  - waiting for locator('input[placeholder="Search..."]:visible').first().or(getByPlaceholder(/search/i).first())[22m
    [2m    23 × locator resolved to <input value="" type="text" placeholder="Search..." class="form-control rounded-md shadow-sm"/>[22m
    [2m       - unexpected value "hidden"[22m


       at ..\pages\searchPage.ts:62

      60 |     await firstLoad;
      61 |     await expect(this.searchInput, `[${this.module.name}] search input should be present`)
    > 62 |       .toBeVisible({ timeout: 20_000 });
         |        ^
      63 |     return this;
      64 |   }
      65 |
        at SearchPage.open (C:\Users\User\Downloads\wilyer-playwright\search-suite\pages\searchPage.ts:62:8)
        at open (C:\Users\User\Downloads\wilyer-playwright\search-suite\tests\search.spec.ts:39:7)
        at C:\Users\User\Downloads\wilyer-playwright\search-suite\tests\search.spec.ts:155:24

    Error: apiRequestContext._wrapApiCall: ENOSPC: no space left on device, write

    attachment #1: screenshot (image/png) ──────────────────────────────────────────────────────────
    search-suite\test-results\search-Search-·-Roles-API--07255-des-gracefully-no-blank-api-chromium\test-failed-1.png
    ────────────────────────────────────────────────────────────────────────────────────────────────

    Error Context: search-suite\test-results\search-Search-·-Roles-API--07255-des-gracefully-no-blank-api-chromium\error-context.md

    attachment #4: trace (application/zip) ─────────────────────────────────────────────────────────
    search-suite\test-results\search-Search-·-Roles-API--07255-des-gracefully-no-blank-api-chromium\trace.zip
    Usage:

        npx playwright show-trace search-suite\test-results\search-Search-·-Roles-API--07255-des-gracefully-no-blank-api-chromium\trace.zip

    ────────────────────────────────────────────────────────────────────────────────────────────────


[1A[2K[308/351] [chromium] › search-suite\tests\search.spec.ts:174:5 › Search · Roles › API: offline during search keeps the UI stable @api
[1A[2K  184) [chromium] › search-suite\tests\search.spec.ts:153:7 › Search · Roles › API: "timeout (no response)" degrades gracefully (no blank) @api 

    Error: [Roles] search input should be present

    [2mexpect([22m[31mlocator[39m[2m).[22mtoBeVisible[2m([22m[2m)[22m failed

    Locator:  locator('input[placeholder="Search..."]:visible').first().or(getByPlaceholder(/search/i).first())
    Expected: visible
    Received: hidden
    Timeout:  20000ms

    Call log:
    [2m  - [Roles] search input should be present with timeout 20000ms[22m
    [2m  - waiting for locator('input[placeholder="Search..."]:visible').first().or(getByPlaceholder(/search/i).first())[22m
    [2m    23 × locator resolved to <input value="" type="text" placeholder="Search..." class="form-control rounded-md shadow-sm"/>[22m
    [2m       - unexpected value "hidden"[22m


       at ..\pages\searchPage.ts:62

      60 |     await firstLoad;
      61 |     await expect(this.searchInput, `[${this.module.name}] search input should be present`)
    > 62 |       .toBeVisible({ timeout: 20_000 });
         |        ^
      63 |     return this;
      64 |   }
      65 |
        at SearchPage.open (C:\Users\User\Downloads\wilyer-playwright\search-suite\pages\searchPage.ts:62:8)
        at open (C:\Users\User\Downloads\wilyer-playwright\search-suite\tests\search.spec.ts:39:7)
        at C:\Users\User\Downloads\wilyer-playwright\search-suite\tests\search.spec.ts:155:24

    Error: apiRequestContext._wrapApiCall: ENOSPC: no space left on device, write

    attachment #1: screenshot (image/png) ──────────────────────────────────────────────────────────
    search-suite\test-results\search-Search-·-Roles-API--328a7-des-gracefully-no-blank-api-chromium\test-failed-1.png
    ────────────────────────────────────────────────────────────────────────────────────────────────

    Error Context: search-suite\test-results\search-Search-·-Roles-API--328a7-des-gracefully-no-blank-api-chromium\error-context.md

    attachment #4: trace (application/zip) ─────────────────────────────────────────────────────────
    search-suite\test-results\search-Search-·-Roles-API--328a7-des-gracefully-no-blank-api-chromium\trace.zip
    Usage:

        npx playwright show-trace search-suite\test-results\search-Search-·-Roles-API--328a7-des-gracefully-no-blank-api-chromium\trace.zip

    ────────────────────────────────────────────────────────────────────────────────────────────────


[1A[2K[309/351] [chromium] › search-suite\tests\search.spec.ts:184:5 › Search · Roles › API: successful search is fast and debounced (≤ threshold calls) @api
[1A[2K  185) [chromium] › search-suite\tests\search.spec.ts:174:5 › Search · Roles › API: offline during search keeps the UI stable @api 

    Error: [Roles] search input should be present

    [2mexpect([22m[31mlocator[39m[2m).[22mtoBeVisible[2m([22m[2m)[22m failed

    Locator:  locator('input[placeholder="Search..."]:visible').first().or(getByPlaceholder(/search/i).first())
    Expected: visible
    Received: hidden
    Timeout:  20000ms

    Call log:
    [2m  - [Roles] search input should be present with timeout 20000ms[22m
    [2m  - waiting for locator('input[placeholder="Search..."]:visible').first().or(getByPlaceholder(/search/i).first())[22m
    [2m    23 × locator resolved to <input value="" type="text" placeholder="Search..." class="form-control rounded-md shadow-sm"/>[22m
    [2m       - unexpected value "hidden"[22m


       at ..\pages\searchPage.ts:62

      60 |     await firstLoad;
      61 |     await expect(this.searchInput, `[${this.module.name}] search input should be present`)
    > 62 |       .toBeVisible({ timeout: 20_000 });
         |        ^
      63 |     return this;
      64 |   }
      65 |
        at SearchPage.open (C:\Users\User\Downloads\wilyer-playwright\search-suite\pages\searchPage.ts:62:8)
        at open (C:\Users\User\Downloads\wilyer-playwright\search-suite\tests\search.spec.ts:39:7)
        at C:\Users\User\Downloads\wilyer-playwright\search-suite\tests\search.spec.ts:176:22

    Error: apiRequestContext._wrapApiCall: ENOSPC: no space left on device, write

    attachment #1: screenshot (image/png) ──────────────────────────────────────────────────────────
    search-suite\test-results\search-Search-·-Roles-API--7a84a-rch-keeps-the-UI-stable-api-chromium\test-failed-1.png
    ────────────────────────────────────────────────────────────────────────────────────────────────

    Error Context: search-suite\test-results\search-Search-·-Roles-API--7a84a-rch-keeps-the-UI-stable-api-chromium\error-context.md

    attachment #4: trace (application/zip) ─────────────────────────────────────────────────────────
    search-suite\test-results\search-Search-·-Roles-API--7a84a-rch-keeps-the-UI-stable-api-chromium\trace.zip
    Usage:

        npx playwright show-trace search-suite\test-results\search-Search-·-Roles-API--7a84a-rch-keeps-the-UI-stable-api-chromium\trace.zip

    ────────────────────────────────────────────────────────────────────────────────────────────────


[1A[2K  186) [chromium] › search-suite\tests\search.spec.ts:153:7 › Search · Roles › API: "empty array" degrades gracefully (no blank) @api 

    Error: [Roles] search input should be present

    [2mexpect([22m[31mlocator[39m[2m).[22mtoBeVisible[2m([22m[2m)[22m failed

    Locator:  locator('input[placeholder="Search..."]:visible').first().or(getByPlaceholder(/search/i).first())
    Expected: visible
    Received: hidden
    Timeout:  20000ms

    Call log:
    [2m  - [Roles] search input should be present with timeout 20000ms[22m
    [2m  - waiting for locator('input[placeholder="Search..."]:visible').first().or(getByPlaceholder(/search/i).first())[22m
    [2m    22 × locator resolved to <input value="" type="text" placeholder="Search..." class="form-control rounded-md shadow-sm"/>[22m
    [2m       - unexpected value "hidden"[22m


       at ..\pages\searchPage.ts:62

      60 |     await firstLoad;
      61 |     await expect(this.searchInput, `[${this.module.name}] search input should be present`)
    > 62 |       .toBeVisible({ timeout: 20_000 });
         |        ^
      63 |     return this;
      64 |   }
      65 |
        at SearchPage.open (C:\Users\User\Downloads\wilyer-playwright\search-suite\pages\searchPage.ts:62:8)
        at open (C:\Users\User\Downloads\wilyer-playwright\search-suite\tests\search.spec.ts:39:7)
        at C:\Users\User\Downloads\wilyer-playwright\search-suite\tests\search.spec.ts:155:24

    Error: apiRequestContext._wrapApiCall: ENOSPC: no space left on device, write

    Error: ENOSPC: no space left on device, open 'C:\Users\User\Downloads\wilyer-playwright\search-suite\test-results\search-Search-·-Roles-API--72066-des-gracefully-no-blank-api-chromium\error-context.md'

    Error: ENOSPC: no space left on device, write

    [31mTest timeout of 90000ms exceeded.[39m

    attachment #1: screenshot (image/png) ──────────────────────────────────────────────────────────
    search-suite\test-results\search-Search-·-Roles-API--72066-des-gracefully-no-blank-api-chromium\test-failed-1.png
    ────────────────────────────────────────────────────────────────────────────────────────────────


[1A[2K[310/351] [chromium] › search-suite\tests\search.spec.ts:212:5 › Search · Roles › Combined: search + pagination stays healthy @combined
[1A[2K[311/351] [chromium] › search-suite\tests\search.spec.ts:225:5 › Search · Roles › Combined: search + browser back/forward recovers cleanly @combined
[1A[2K  187) [chromium] › search-suite\tests\search.spec.ts:225:5 › Search · Roles › Combined: search + browser back/forward recovers cleanly @combined 

    Error: [Roles] search input should be present

    [2mexpect([22m[31mlocator[39m[2m).[22mtoBeVisible[2m([22m[2m)[22m failed

    Locator:  locator('input[placeholder="Search..."]:visible').first().or(getByPlaceholder(/search/i).first())
    Expected: visible
    Received: hidden
    Timeout:  20000ms

    Call log:
    [2m  - [Roles] search input should be present with timeout 20000ms[22m
    [2m  - waiting for locator('input[placeholder="Search..."]:visible').first().or(getByPlaceholder(/search/i).first())[22m
    [2m    23 × locator resolved to <input value="" type="text" placeholder="Search..." class="form-control rounded-md shadow-sm"/>[22m
    [2m       - unexpected value "hidden"[22m


       at ..\pages\searchPage.ts:62

      60 |     await firstLoad;
      61 |     await expect(this.searchInput, `[${this.module.name}] search input should be present`)
    > 62 |       .toBeVisible({ timeout: 20_000 });
         |        ^
      63 |     return this;
      64 |   }
      65 |
        at SearchPage.open (C:\Users\User\Downloads\wilyer-playwright\search-suite\pages\searchPage.ts:62:8)
        at open (C:\Users\User\Downloads\wilyer-playwright\search-suite\tests\search.spec.ts:39:7)
        at C:\Users\User\Downloads\wilyer-playwright\search-suite\tests\search.spec.ts:226:22

    Error: apiRequestContext._wrapApiCall: ENOSPC: no space left on device, write

    Error Context: search-suite\test-results\search-Search-·-Roles-Comb-246c8-d-recovers-cleanly-combined-chromium\error-context.md

    attachment #3: trace (application/zip) ─────────────────────────────────────────────────────────
    search-suite\test-results\search-Search-·-Roles-Comb-246c8-d-recovers-cleanly-combined-chromium\trace.zip
    Usage:

        npx playwright show-trace search-suite\test-results\search-Search-·-Roles-Comb-246c8-d-recovers-cleanly-combined-chromium\trace.zip

    ────────────────────────────────────────────────────────────────────────────────────────────────


[1A[2K[312/351] [chromium] › search-suite\tests\search.spec.ts:235:5 › Search · Roles › Perf: consecutive searches stay within the average threshold @perf
[1A[2K[313/351] [chromium] › search-suite\tests\search.spec.ts:44:5 › Search · Logs › UI: search input is visible, enabled and has a placeholder @ui
[1A[2K  188) [chromium] › search-suite\tests\search.spec.ts:44:5 › Search · Logs › UI: search input is visible, enabled and has a placeholder @ui 

    Error: [Logs] search input should be present

    [2mexpect([22m[31mlocator[39m[2m).[22mtoBeVisible[2m([22m[2m)[22m failed

    Locator:  locator('input[placeholder="Search..."]:visible').first().or(getByPlaceholder(/search/i).first())
    Expected: visible
    Received: hidden
    Timeout:  20000ms

    Call log:
    [2m  - [Logs] search input should be present with timeout 20000ms[22m
    [2m  - waiting for locator('input[placeholder="Search..."]:visible').first().or(getByPlaceholder(/search/i).first())[22m
    [2m    23 × locator resolved to <input value="" type="text" placeholder="Search..." class="form-control rounded-md shadow-sm"/>[22m
    [2m       - unexpected value "hidden"[22m


       at ..\pages\searchPage.ts:62

      60 |     await firstLoad;
      61 |     await expect(this.searchInput, `[${this.module.name}] search input should be present`)
    > 62 |       .toBeVisible({ timeout: 20_000 });
         |        ^
      63 |     return this;
      64 |   }
      65 |
        at SearchPage.open (C:\Users\User\Downloads\wilyer-playwright\search-suite\pages\searchPage.ts:62:8)
        at open (C:\Users\User\Downloads\wilyer-playwright\search-suite\tests\search.spec.ts:39:7)
        at C:\Users\User\Downloads\wilyer-playwright\search-suite\tests\search.spec.ts:45:22

    Error: apiRequestContext._wrapApiCall: ENOSPC: no space left on device, write

    Error: ENOSPC: no space left on device, open 'C:\Users\User\Downloads\wilyer-playwright\search-suite\test-results\search-Search-·-Logs-UI-se-541a3-ed-and-has-a-placeholder-ui-chromium\error-context.md'

    attachment #2: trace (application/zip) ─────────────────────────────────────────────────────────
    search-suite\test-results\search-Search-·-Logs-UI-se-541a3-ed-and-has-a-placeholder-ui-chromium\trace.zip
    Usage:

        npx playwright show-trace search-suite\test-results\search-Search-·-Logs-UI-se-541a3-ed-and-has-a-placeholder-ui-chromium\trace.zip

    ────────────────────────────────────────────────────────────────────────────────────────────────


[1A[2K[314/351] [chromium] › search-suite\tests\search.spec.ts:52:5 › Search · Logs › UI: invalid search shows a no-records state, not a blank page @ui
[1A[2K  189) [chromium] › search-suite\tests\search.spec.ts:212:5 › Search · Roles › Combined: search + pagination stays healthy @combined 

    Error: [Roles] search input should be present

    [2mexpect([22m[31mlocator[39m[2m).[22mtoBeVisible[2m([22m[2m)[22m failed

    Locator:  locator('input[placeholder="Search..."]:visible').first().or(getByPlaceholder(/search/i).first())
    Expected: visible
    Received: hidden
    Timeout:  20000ms

    Call log:
    [2m  - [Roles] search input should be present with timeout 20000ms[22m
    [2m  - waiting for locator('input[placeholder="Search..."]:visible').first().or(getByPlaceholder(/search/i).first())[22m
    [2m    22 × locator resolved to <input value="" type="text" placeholder="Search..." class="form-control rounded-md shadow-sm"/>[22m
    [2m       - unexpected value "hidden"[22m


       at ..\pages\searchPage.ts:62

      60 |     await firstLoad;
      61 |     await expect(this.searchInput, `[${this.module.name}] search input should be present`)
    > 62 |       .toBeVisible({ timeout: 20_000 });
         |        ^
      63 |     return this;
      64 |   }
      65 |
        at SearchPage.open (C:\Users\User\Downloads\wilyer-playwright\search-suite\pages\searchPage.ts:62:8)
        at open (C:\Users\User\Downloads\wilyer-playwright\search-suite\tests\search.spec.ts:39:7)
        at C:\Users\User\Downloads\wilyer-playwright\search-suite\tests\search.spec.ts:213:22

    Error: apiRequestContext._wrapApiCall: ENOSPC: no space left on device, write

    Error: ENOSPC: no space left on device, open 'C:\Users\User\Downloads\wilyer-playwright\search-suite\test-results\search-Search-·-Roles-Comb-b59d4-tion-stays-healthy-combined-chromium\error-context.md'

    Error: ENOSPC: no space left on device, write

    [31mTest timeout of 90000ms exceeded.[39m

    attachment #1: screenshot (image/png) ──────────────────────────────────────────────────────────
    search-suite\test-results\search-Search-·-Roles-Comb-b59d4-tion-stays-healthy-combined-chromium\test-failed-1.png
    ────────────────────────────────────────────────────────────────────────────────────────────────


[1A[2K  190) [chromium] › search-suite\tests\search.spec.ts:184:5 › Search · Roles › API: successful search is fast and debounced (≤ threshold calls) @api 

    Error: [Roles] search input should be present

    [2mexpect([22m[31mlocator[39m[2m).[22mtoBeVisible[2m([22m[2m)[22m failed

    Locator:  locator('input[placeholder="Search..."]:visible').first().or(getByPlaceholder(/search/i).first())
    Expected: visible
    Received: hidden
    Timeout:  20000ms

    Call log:
    [2m  - [Roles] search input should be present with timeout 20000ms[22m
    [2m  - waiting for locator('input[placeholder="Search..."]:visible').first().or(getByPlaceholder(/search/i).first())[22m
    [2m    22 × locator resolved to <input value="" type="text" placeholder="Search..." class="form-control rounded-md shadow-sm"/>[22m
    [2m       - unexpected value "hidden"[22m


       at ..\pages\searchPage.ts:62

      60 |     await firstLoad;
      61 |     await expect(this.searchInput, `[${this.module.name}] search input should be present`)
    > 62 |       .toBeVisible({ timeout: 20_000 });
         |        ^
      63 |     return this;
      64 |   }
      65 |
        at SearchPage.open (C:\Users\User\Downloads\wilyer-playwright\search-suite\pages\searchPage.ts:62:8)
        at open (C:\Users\User\Downloads\wilyer-playwright\search-suite\tests\search.spec.ts:39:7)
        at C:\Users\User\Downloads\wilyer-playwright\search-suite\tests\search.spec.ts:185:22

    Error: apiRequestContext._wrapApiCall: ENOSPC: no space left on device, write

    Error: ENOSPC: no space left on device, open 'C:\Users\User\Downloads\wilyer-playwright\search-suite\test-results\search-Search-·-Roles-API--0f46f-unced-≤-threshold-calls-api-chromium\error-context.md'

    Error: ENOSPC: no space left on device, write

    [31mTest timeout of 90000ms exceeded.[39m

    attachment #1: screenshot (image/png) ──────────────────────────────────────────────────────────
    search-suite\test-results\search-Search-·-Roles-API--0f46f-unced-≤-threshold-calls-api-chromium\test-failed-1.png
    ────────────────────────────────────────────────────────────────────────────────────────────────


[1A[2K[315/351] [chromium] › search-suite\tests\search.spec.ts:59:5 › Search · Logs › Functional: exact + partial match return relevant rows @functional
[1A[2K[316/351] [chromium] › search-suite\tests\search.spec.ts:73:5 › Search · Logs › Functional: search is case-insensitive @functional
[1A[2K  191) [chromium] › search-suite\tests\search.spec.ts:52:5 › Search · Logs › UI: invalid search shows a no-records state, not a blank page @ui 

    Error: [Logs] search input should be present

    [2mexpect([22m[31mlocator[39m[2m).[22mtoBeVisible[2m([22m[2m)[22m failed

    Locator:  locator('input[placeholder="Search..."]:visible').first().or(getByPlaceholder(/search/i).first())
    Expected: visible
    Received: hidden
    Timeout:  20000ms

    Call log:
    [2m  - [Logs] search input should be present with timeout 20000ms[22m
    [2m  - waiting for locator('input[placeholder="Search..."]:visible').first().or(getByPlaceholder(/search/i).first())[22m
    [2m    22 × locator resolved to <input value="" type="text" placeholder="Search..." class="form-control rounded-md shadow-sm"/>[22m
    [2m       - unexpected value "hidden"[22m


       at ..\pages\searchPage.ts:62

      60 |     await firstLoad;
      61 |     await expect(this.searchInput, `[${this.module.name}] search input should be present`)
    > 62 |       .toBeVisible({ timeout: 20_000 });
         |        ^
      63 |     return this;
      64 |   }
      65 |
        at SearchPage.open (C:\Users\User\Downloads\wilyer-playwright\search-suite\pages\searchPage.ts:62:8)
        at open (C:\Users\User\Downloads\wilyer-playwright\search-suite\tests\search.spec.ts:39:7)
        at C:\Users\User\Downloads\wilyer-playwright\search-suite\tests\search.spec.ts:53:22

    Error: ENOSPC: no space left on device, write

    attachment #1: screenshot (image/png) ──────────────────────────────────────────────────────────
    search-suite\test-results\search-Search-·-Logs-UI-in-2e173-s-state-not-a-blank-page-ui-chromium\test-failed-1.png
    ────────────────────────────────────────────────────────────────────────────────────────────────

    Error Context: search-suite\test-results\search-Search-·-Logs-UI-in-2e173-s-state-not-a-blank-page-ui-chromium\error-context.md


[1A[2K  192) [chromium] › search-suite\tests\search.spec.ts:73:5 › Search · Logs › Functional: search is case-insensitive @functional 

    Error: [Logs] search input should be present

    [2mexpect([22m[31mlocator[39m[2m).[22mtoBeVisible[2m([22m[2m)[22m failed

    Locator:  locator('input[placeholder="Search..."]:visible').first().or(getByPlaceholder(/search/i).first())
    Expected: visible
    Received: hidden
    Timeout:  20000ms

    Call log:
    [2m  - [Logs] search input should be present with timeout 20000ms[22m
    [2m  - waiting for locator('input[placeholder="Search..."]:visible').first().or(getByPlaceholder(/search/i).first())[22m
    [2m    22 × locator resolved to <input value="" type="text" placeholder="Search..." class="form-control rounded-md shadow-sm"/>[22m
    [2m       - unexpected value "hidden"[22m


       at ..\pages\searchPage.ts:62

      60 |     await firstLoad;
      61 |     await expect(this.searchInput, `[${this.module.name}] search input should be present`)
    > 62 |       .toBeVisible({ timeout: 20_000 });
         |        ^
      63 |     return this;
      64 |   }
      65 |
        at SearchPage.open (C:\Users\User\Downloads\wilyer-playwright\search-suite\pages\searchPage.ts:62:8)
        at open (C:\Users\User\Downloads\wilyer-playwright\search-suite\tests\search.spec.ts:39:7)
        at C:\Users\User\Downloads\wilyer-playwright\search-suite\tests\search.spec.ts:74:22

    Error: apiRequestContext._wrapApiCall: ENOSPC: no space left on device, write

    Error: End of central directory record signature not found. Either not a zip file, or file is truncated.

    attachment #1: screenshot (image/png) ──────────────────────────────────────────────────────────
    search-suite\test-results\search-Search-·-Logs-Funct-92328-case-insensitive-functional-chromium\test-failed-1.png
    ────────────────────────────────────────────────────────────────────────────────────────────────

    Error Context: search-suite\test-results\search-Search-·-Logs-Funct-92328-case-insensitive-functional-chromium\error-context.md


[1A[2K  193) [chromium] › search-suite\tests\search.spec.ts:59:5 › Search · Logs › Functional: exact + partial match return relevant rows @functional 

    Error: [Logs] search input should be present

    [2mexpect([22m[31mlocator[39m[2m).[22mtoBeVisible[2m([22m[2m)[22m failed

    Locator:  locator('input[placeholder="Search..."]:visible').first().or(getByPlaceholder(/search/i).first())
    Expected: visible
    Received: hidden
    Timeout:  20000ms

    Call log:
    [2m  - [Logs] search input should be present with timeout 20000ms[22m
    [2m  - waiting for locator('input[placeholder="Search..."]:visible').first().or(getByPlaceholder(/search/i).first())[22m
    [2m    22 × locator resolved to <input value="" type="text" placeholder="Search..." class="form-control rounded-md shadow-sm"/>[22m
    [2m       - unexpected value "hidden"[22m


       at ..\pages\searchPage.ts:62

      60 |     await firstLoad;
      61 |     await expect(this.searchInput, `[${this.module.name}] search input should be present`)
    > 62 |       .toBeVisible({ timeout: 20_000 });
         |        ^
      63 |     return this;
      64 |   }
      65 |
        at SearchPage.open (C:\Users\User\Downloads\wilyer-playwright\search-suite\pages\searchPage.ts:62:8)
        at open (C:\Users\User\Downloads\wilyer-playwright\search-suite\tests\search.spec.ts:39:7)
        at C:\Users\User\Downloads\wilyer-playwright\search-suite\tests\search.spec.ts:60:22

    Error: apiRequestContext._wrapApiCall: ENOSPC: no space left on device, write

    Error: End of central directory record signature not found. Either not a zip file, or file is truncated.

    attachment #1: screenshot (image/png) ──────────────────────────────────────────────────────────
    search-suite\test-results\search-Search-·-Logs-Funct-ae6a3-rn-relevant-rows-functional-chromium\test-failed-1.png
    ────────────────────────────────────────────────────────────────────────────────────────────────

    Error Context: search-suite\test-results\search-Search-·-Logs-Funct-ae6a3-rn-relevant-rows-functional-chromium\error-context.md


[1A[2K[317/351] [chromium] › search-suite\tests\search.spec.ts:104:5 › Search · Logs › Functional: search state is sane after a page refresh @functional
[1A[2K[318/351] [chromium] › search-suite\tests\search.spec.ts:93:5 › Search · Logs › Functional: clearing the search restores the full list @functional
[1A[2K[319/351] [chromium] › search-suite\tests\search.spec.ts:86:5 › Search · Logs › Functional: Enter triggers a search request @functional
[1A[2K  194) [chromium] › search-suite\tests\search.spec.ts:86:5 › Search · Logs › Functional: Enter triggers a search request @functional 

    Error: [Logs] search input should be present

    [2mexpect([22m[31mlocator[39m[2m).[22mtoBeVisible[2m([22m[2m)[22m failed

    Locator:  locator('input[placeholder="Search..."]:visible').first().or(getByPlaceholder(/search/i).first())
    Expected: visible
    Received: hidden
    Timeout:  20000ms

    Call log:
    [2m  - [Logs] search input should be present with timeout 20000ms[22m
    [2m  - waiting for locator('input[placeholder="Search..."]:visible').first().or(getByPlaceholder(/search/i).first())[22m
    [2m    21 × locator resolved to <input value="" type="text" placeholder="Search..." class="form-control rounded-md shadow-sm"/>[22m
    [2m       - unexpected value "hidden"[22m


       at ..\pages\searchPage.ts:62

      60 |     await firstLoad;
      61 |     await expect(this.searchInput, `[${this.module.name}] search input should be present`)
    > 62 |       .toBeVisible({ timeout: 20_000 });
         |        ^
      63 |     return this;
      64 |   }
      65 |
        at SearchPage.open (C:\Users\User\Downloads\wilyer-playwright\search-suite\pages\searchPage.ts:62:8)
        at open (C:\Users\User\Downloads\wilyer-playwright\search-suite\tests\search.spec.ts:39:7)
        at C:\Users\User\Downloads\wilyer-playwright\search-suite\tests\search.spec.ts:87:22

    Error: apiRequestContext._wrapApiCall: ENOSPC: no space left on device, write

    Error: ENOSPC: no space left on device, open 'C:\Users\User\Downloads\wilyer-playwright\search-suite\test-results\search-Search-·-Logs-Funct-cad7b-a-search-request-functional-chromium\error-context.md'

    Error: End of central directory record signature not found. Either not a zip file, or file is truncated.

    attachment #1: screenshot (image/png) ──────────────────────────────────────────────────────────
    search-suite\test-results\search-Search-·-Logs-Funct-cad7b-a-search-request-functional-chromium\test-failed-1.png
    ────────────────────────────────────────────────────────────────────────────────────────────────


[1A[2K[320/351] [chromium] › search-suite\tests\search.spec.ts:112:5 › Search · Logs › Functional: multiple consecutive searches stay healthy @functional
[1A[2K  195) [chromium] › search-suite\tests\search.spec.ts:112:5 › Search · Logs › Functional: multiple consecutive searches stay healthy @functional 

    Error: [Logs] search input should be present

    [2mexpect([22m[31mlocator[39m[2m).[22mtoBeVisible[2m([22m[2m)[22m failed

    Locator:  locator('input[placeholder="Search..."]:visible').first().or(getByPlaceholder(/search/i).first())
    Expected: visible
    Received: hidden
    Timeout:  20000ms

    Call log:
    [2m  - [Logs] search input should be present with timeout 20000ms[22m
    [2m  - waiting for locator('input[placeholder="Search..."]:visible').first().or(getByPlaceholder(/search/i).first())[22m
    [2m    23 × locator resolved to <input value="" type="text" placeholder="Search..." class="form-control rounded-md shadow-sm"/>[22m
    [2m       - unexpected value "hidden"[22m


       at ..\pages\searchPage.ts:62

      60 |     await firstLoad;
      61 |     await expect(this.searchInput, `[${this.module.name}] search input should be present`)
    > 62 |       .toBeVisible({ timeout: 20_000 });
         |        ^
      63 |     return this;
      64 |   }
      65 |
        at SearchPage.open (C:\Users\User\Downloads\wilyer-playwright\search-suite\pages\searchPage.ts:62:8)
        at open (C:\Users\User\Downloads\wilyer-playwright\search-suite\tests\search.spec.ts:39:7)
        at C:\Users\User\Downloads\wilyer-playwright\search-suite\tests\search.spec.ts:113:22

    Error: apiRequestContext._wrapApiCall: ENOSPC: no space left on device, write

    Error: ENOSPC: no space left on device, open 'C:\Users\User\Downloads\wilyer-playwright\search-suite\test-results\search-Search-·-Logs-Funct-c6369-hes-stay-healthy-functional-chromium\error-context.md'

    attachment #2: trace (application/zip) ─────────────────────────────────────────────────────────
    search-suite\test-results\search-Search-·-Logs-Funct-c6369-hes-stay-healthy-functional-chromium\trace.zip
    Usage:

        npx playwright show-trace search-suite\test-results\search-Search-·-Logs-Funct-c6369-hes-stay-healthy-functional-chromium\trace.zip

    ────────────────────────────────────────────────────────────────────────────────────────────────


[1A[2K[321/351] [chromium] › search-suite\tests\search.spec.ts:122:7 › Search · Logs › Edge: "empty" does not crash the UI @edge
[1A[2K  196) [chromium] › search-suite\tests\search.spec.ts:104:5 › Search · Logs › Functional: search state is sane after a page refresh @functional 

    Error: [Logs] search input should be present

    [2mexpect([22m[31mlocator[39m[2m).[22mtoBeVisible[2m([22m[2m)[22m failed

    Locator:  locator('input[placeholder="Search..."]:visible').first().or(getByPlaceholder(/search/i).first())
    Expected: visible
    Received: hidden
    Timeout:  20000ms

    Call log:
    [2m  - [Logs] search input should be present with timeout 20000ms[22m
    [2m  - waiting for locator('input[placeholder="Search..."]:visible').first().or(getByPlaceholder(/search/i).first())[22m
    [2m    21 × locator resolved to <input value="" type="text" placeholder="Search..." class="form-control rounded-md shadow-sm"/>[22m
    [2m       - unexpected value "hidden"[22m


       at ..\pages\searchPage.ts:62

      60 |     await firstLoad;
      61 |     await expect(this.searchInput, `[${this.module.name}] search input should be present`)
    > 62 |       .toBeVisible({ timeout: 20_000 });
         |        ^
      63 |     return this;
      64 |   }
      65 |
        at SearchPage.open (C:\Users\User\Downloads\wilyer-playwright\search-suite\pages\searchPage.ts:62:8)
        at open (C:\Users\User\Downloads\wilyer-playwright\search-suite\tests\search.spec.ts:39:7)
        at C:\Users\User\Downloads\wilyer-playwright\search-suite\tests\search.spec.ts:105:22

    Error: apiRequestContext._wrapApiCall: ENOSPC: no space left on device, write

    Error: ENOSPC: no space left on device, open 'C:\Users\User\Downloads\wilyer-playwright\search-suite\test-results\search-Search-·-Logs-Funct-20851-r-a-page-refresh-functional-chromium\error-context.md'

    Error: ENOSPC: no space left on device, write

    [31mTest timeout of 90000ms exceeded.[39m

    attachment #1: screenshot (image/png) ──────────────────────────────────────────────────────────
    search-suite\test-results\search-Search-·-Logs-Funct-20851-r-a-page-refresh-functional-chromium\test-failed-1.png
    ────────────────────────────────────────────────────────────────────────────────────────────────


[1A[2K  197) [chromium] › search-suite\tests\search.spec.ts:93:5 › Search · Logs › Functional: clearing the search restores the full list @functional 

    Error: [Logs] search input should be present

    [2mexpect([22m[31mlocator[39m[2m).[22mtoBeVisible[2m([22m[2m)[22m failed

    Locator:  locator('input[placeholder="Search..."]:visible').first().or(getByPlaceholder(/search/i).first())
    Expected: visible
    Received: hidden
    Timeout:  20000ms

    Call log:
    [2m  - [Logs] search input should be present with timeout 20000ms[22m
    [2m  - waiting for locator('input[placeholder="Search..."]:visible').first().or(getByPlaceholder(/search/i).first())[22m
    [2m    21 × locator resolved to <input value="" type="text" placeholder="Search..." class="form-control rounded-md shadow-sm"/>[22m
    [2m       - unexpected value "hidden"[22m


       at ..\pages\searchPage.ts:62

      60 |     await firstLoad;
      61 |     await expect(this.searchInput, `[${this.module.name}] search input should be present`)
    > 62 |       .toBeVisible({ timeout: 20_000 });
         |        ^
      63 |     return this;
      64 |   }
      65 |
        at SearchPage.open (C:\Users\User\Downloads\wilyer-playwright\search-suite\pages\searchPage.ts:62:8)
        at open (C:\Users\User\Downloads\wilyer-playwright\search-suite\tests\search.spec.ts:39:7)
        at C:\Users\User\Downloads\wilyer-playwright\search-suite\tests\search.spec.ts:94:22

    Error: apiRequestContext._wrapApiCall: ENOSPC: no space left on device, write

    Error: ENOSPC: no space left on device, open 'C:\Users\User\Downloads\wilyer-playwright\search-suite\test-results\search-Search-·-Logs-Funct-2705c-es-the-full-list-functional-chromium\error-context.md'

    Error: ENOSPC: no space left on device, write

    [31mTest timeout of 90000ms exceeded.[39m

    attachment #1: screenshot (image/png) ──────────────────────────────────────────────────────────
    search-suite\test-results\search-Search-·-Logs-Funct-2705c-es-the-full-list-functional-chromium\test-failed-1.png
    ────────────────────────────────────────────────────────────────────────────────────────────────


[1A[2K[322/351] [chromium] › search-suite\tests\search.spec.ts:122:7 › Search · Logs › Edge: "only spaces" does not crash the UI @edge
[1A[2K[323/351] [chromium] › search-suite\tests\search.spec.ts:122:7 › Search · Logs › Edge: "single character" does not crash the UI @edge
[1A[2K  198) [chromium] › search-suite\tests\search.spec.ts:122:7 › Search · Logs › Edge: "empty" does not crash the UI @edge 

    Error: [Logs] search input should be present

    [2mexpect([22m[31mlocator[39m[2m).[22mtoBeVisible[2m([22m[2m)[22m failed

    Locator:  locator('input[placeholder="Search..."]:visible').first().or(getByPlaceholder(/search/i).first())
    Expected: visible
    Received: hidden
    Timeout:  20000ms

    Call log:
    [2m  - [Logs] search input should be present with timeout 20000ms[22m
    [2m  - waiting for locator('input[placeholder="Search..."]:visible').first().or(getByPlaceholder(/search/i).first())[22m
    [2m    23 × locator resolved to <input value="" type="text" placeholder="Search..." class="form-control rounded-md shadow-sm"/>[22m
    [2m       - unexpected value "hidden"[22m


       at ..\pages\searchPage.ts:62

      60 |     await firstLoad;
      61 |     await expect(this.searchInput, `[${this.module.name}] search input should be present`)
    > 62 |       .toBeVisible({ timeout: 20_000 });
         |        ^
      63 |     return this;
      64 |   }
      65 |
        at SearchPage.open (C:\Users\User\Downloads\wilyer-playwright\search-suite\pages\searchPage.ts:62:8)
        at open (C:\Users\User\Downloads\wilyer-playwright\search-suite\tests\search.spec.ts:39:7)
        at C:\Users\User\Downloads\wilyer-playwright\search-suite\tests\search.spec.ts:123:24

    Error: ENOSPC: no space left on device, write

    [31mTest timeout of 90000ms exceeded.[39m

    attachment #1: screenshot (image/png) ──────────────────────────────────────────────────────────
    search-suite\test-results\search-Search-·-Logs-Edge-empty-does-not-crash-the-UI-edge-chromium\test-failed-1.png
    ────────────────────────────────────────────────────────────────────────────────────────────────

    Error Context: search-suite\test-results\search-Search-·-Logs-Edge-empty-does-not-crash-the-UI-edge-chromium\error-context.md


[1A[2K[324/351] [chromium] › search-suite\tests\search.spec.ts:122:7 › Search · Logs › Edge: "leading/trailing spaces" does not crash the UI @edge
[1A[2K  199) [chromium] › search-suite\tests\search.spec.ts:122:7 › Search · Logs › Edge: "only spaces" does not crash the UI @edge 

    Error: [Logs] search input should be present

    [2mexpect([22m[31mlocator[39m[2m).[22mtoBeVisible[2m([22m[2m)[22m failed

    Locator:  locator('input[placeholder="Search..."]:visible').first().or(getByPlaceholder(/search/i).first())
    Expected: visible
    Received: hidden
    Timeout:  20000ms

    Call log:
    [2m  - [Logs] search input should be present with timeout 20000ms[22m
    [2m  - waiting for locator('input[placeholder="Search..."]:visible').first().or(getByPlaceholder(/search/i).first())[22m
    [2m    22 × locator resolved to <input value="" type="text" placeholder="Search..." class="form-control rounded-md shadow-sm"/>[22m
    [2m       - unexpected value "hidden"[22m


       at ..\pages\searchPage.ts:62

      60 |     await firstLoad;
      61 |     await expect(this.searchInput, `[${this.module.name}] search input should be present`)
    > 62 |       .toBeVisible({ timeout: 20_000 });
         |        ^
      63 |     return this;
      64 |   }
      65 |
        at SearchPage.open (C:\Users\User\Downloads\wilyer-playwright\search-suite\pages\searchPage.ts:62:8)
        at open (C:\Users\User\Downloads\wilyer-playwright\search-suite\tests\search.spec.ts:39:7)
        at C:\Users\User\Downloads\wilyer-playwright\search-suite\tests\search.spec.ts:123:24

    Error: apiRequestContext._wrapApiCall: ENOSPC: no space left on device, write

    Error: ENOSPC: no space left on device, write

    [31mTest timeout of 90000ms exceeded.[39m

    attachment #1: screenshot (image/png) ──────────────────────────────────────────────────────────
    search-suite\test-results\search-Search-·-Logs-Edge--300a4--does-not-crash-the-UI-edge-chromium\test-failed-1.png
    ────────────────────────────────────────────────────────────────────────────────────────────────

    Error Context: search-suite\test-results\search-Search-·-Logs-Edge--300a4--does-not-crash-the-UI-edge-chromium\error-context.md


[1A[2K  200) [chromium] › search-suite\tests\search.spec.ts:122:7 › Search · Logs › Edge: "single character" does not crash the UI @edge 

    Error: [Logs] search input should be present

    [2mexpect([22m[31mlocator[39m[2m).[22mtoBeVisible[2m([22m[2m)[22m failed

    Locator:  locator('input[placeholder="Search..."]:visible').first().or(getByPlaceholder(/search/i).first())
    Expected: visible
    Received: hidden
    Timeout:  20000ms

    Call log:
    [2m  - [Logs] search input should be present with timeout 20000ms[22m
    [2m  - waiting for locator('input[placeholder="Search..."]:visible').first().or(getByPlaceholder(/search/i).first())[22m
    [2m    22 × locator resolved to <input value="" type="text" placeholder="Search..." class="form-control rounded-md shadow-sm"/>[22m
    [2m       - unexpected value "hidden"[22m


       at ..\pages\searchPage.ts:62

      60 |     await firstLoad;
      61 |     await expect(this.searchInput, `[${this.module.name}] search input should be present`)
    > 62 |       .toBeVisible({ timeout: 20_000 });
         |        ^
      63 |     return this;
      64 |   }
      65 |
        at SearchPage.open (C:\Users\User\Downloads\wilyer-playwright\search-suite\pages\searchPage.ts:62:8)
        at open (C:\Users\User\Downloads\wilyer-playwright\search-suite\tests\search.spec.ts:39:7)
        at C:\Users\User\Downloads\wilyer-playwright\search-suite\tests\search.spec.ts:123:24

    Error: apiRequestContext._wrapApiCall: ENOSPC: no space left on device, write

    Error: ENOSPC: no space left on device, write

    [31mTest timeout of 90000ms exceeded.[39m

    attachment #1: screenshot (image/png) ──────────────────────────────────────────────────────────
    search-suite\test-results\search-Search-·-Logs-Edge--eff8e--does-not-crash-the-UI-edge-chromium\test-failed-1.png
    ────────────────────────────────────────────────────────────────────────────────────────────────

    Error Context: search-suite\test-results\search-Search-·-Logs-Edge--eff8e--does-not-crash-the-UI-edge-chromium\error-context.md


[1A[2K[325/351] [chromium] › search-suite\tests\search.spec.ts:122:7 › Search · Logs › Edge: "multiple inner spaces" does not crash the UI @edge
[1A[2K[326/351] [chromium] › search-suite\tests\search.spec.ts:122:7 › Search · Logs › Edge: "very long (1200 chars)" does not crash the UI @edge
[1A[2K  201) [chromium] › search-suite\tests\search.spec.ts:122:7 › Search · Logs › Edge: "leading/trailing spaces" does not crash the UI @edge 

    Error: [Logs] search input should be present

    [2mexpect([22m[31mlocator[39m[2m).[22mtoBeVisible[2m([22m[2m)[22m failed

    Locator:  locator('input[placeholder="Search..."]:visible').first().or(getByPlaceholder(/search/i).first())
    Expected: visible
    Received: hidden
    Timeout:  20000ms

    Call log:
    [2m  - [Logs] search input should be present with timeout 20000ms[22m
    [2m  - waiting for locator('input[placeholder="Search..."]:visible').first().or(getByPlaceholder(/search/i).first())[22m
    [2m    22 × locator resolved to <input value="" type="text" placeholder="Search..." class="form-control rounded-md shadow-sm"/>[22m
    [2m       - unexpected value "hidden"[22m


       at ..\pages\searchPage.ts:62

      60 |     await firstLoad;
      61 |     await expect(this.searchInput, `[${this.module.name}] search input should be present`)
    > 62 |       .toBeVisible({ timeout: 20_000 });
         |        ^
      63 |     return this;
      64 |   }
      65 |
        at SearchPage.open (C:\Users\User\Downloads\wilyer-playwright\search-suite\pages\searchPage.ts:62:8)
        at open (C:\Users\User\Downloads\wilyer-playwright\search-suite\tests\search.spec.ts:39:7)
        at C:\Users\User\Downloads\wilyer-playwright\search-suite\tests\search.spec.ts:123:24

    Error: ENOSPC: no space left on device, write

    attachment #1: screenshot (image/png) ──────────────────────────────────────────────────────────
    search-suite\test-results\search-Search-·-Logs-Edge--394ae--does-not-crash-the-UI-edge-chromium\test-failed-1.png
    ────────────────────────────────────────────────────────────────────────────────────────────────

    Error Context: search-suite\test-results\search-Search-·-Logs-Edge--394ae--does-not-crash-the-UI-edge-chromium\error-context.md


[1A[2K[327/351] [chromium] › search-suite\tests\search.spec.ts:122:7 › Search · Logs › Edge: "special characters" does not crash the UI @edge
[1A[2K  202) [chromium] › search-suite\tests\search.spec.ts:122:7 › Search · Logs › Edge: "multiple inner spaces" does not crash the UI @edge 

    Error: [Logs] search input should be present

    [2mexpect([22m[31mlocator[39m[2m).[22mtoBeVisible[2m([22m[2m)[22m failed

    Locator:  locator('input[placeholder="Search..."]:visible').first().or(getByPlaceholder(/search/i).first())
    Expected: visible
    Received: hidden
    Timeout:  20000ms

    Call log:
    [2m  - [Logs] search input should be present with timeout 20000ms[22m
    [2m  - waiting for locator('input[placeholder="Search..."]:visible').first().or(getByPlaceholder(/search/i).first())[22m
    [2m    22 × locator resolved to <input value="" type="text" placeholder="Search..." class="form-control rounded-md shadow-sm"/>[22m
    [2m       - unexpected value "hidden"[22m


       at ..\pages\searchPage.ts:62

      60 |     await firstLoad;
      61 |     await expect(this.searchInput, `[${this.module.name}] search input should be present`)
    > 62 |       .toBeVisible({ timeout: 20_000 });
         |        ^
      63 |     return this;
      64 |   }
      65 |
        at SearchPage.open (C:\Users\User\Downloads\wilyer-playwright\search-suite\pages\searchPage.ts:62:8)
        at open (C:\Users\User\Downloads\wilyer-playwright\search-suite\tests\search.spec.ts:39:7)
        at C:\Users\User\Downloads\wilyer-playwright\search-suite\tests\search.spec.ts:123:24

    Error: apiRequestContext._wrapApiCall: ENOSPC: no space left on device, copyfile 'C:\Users\User\Downloads\wilyer-playwright\search-suite\test-results\.playwright-artifacts-201\traces\a088064de9fe351eef5f-c3342841f2e91afc7bb5.network' -> 'C:\Users\User\Downloads\wilyer-playwright\search-suite\test-results\.playwright-artifacts-201\traces\a088064de9fe351eef5f-c3342841f2e91afc7bb5-pwnetcopy-1.network'

    Error: ENOSPC: no space left on device, write

    [31mTest timeout of 90000ms exceeded.[39m

    attachment #1: screenshot (image/png) ──────────────────────────────────────────────────────────
    search-suite\test-results\search-Search-·-Logs-Edge--93f7e--does-not-crash-the-UI-edge-chromium\test-failed-1.png
    ────────────────────────────────────────────────────────────────────────────────────────────────

    Error Context: search-suite\test-results\search-Search-·-Logs-Edge--93f7e--does-not-crash-the-UI-edge-chromium\error-context.md


[1A[2K  203) [chromium] › search-suite\tests\search.spec.ts:122:7 › Search · Logs › Edge: "very long (1200 chars)" does not crash the UI @edge 

    Error: [Logs] search input should be present

    [2mexpect([22m[31mlocator[39m[2m).[22mtoBeVisible[2m([22m[2m)[22m failed

    Locator:  locator('input[placeholder="Search..."]:visible').first().or(getByPlaceholder(/search/i).first())
    Expected: visible
    Received: hidden
    Timeout:  20000ms

    Call log:
    [2m  - [Logs] search input should be present with timeout 20000ms[22m
    [2m  - waiting for locator('input[placeholder="Search..."]:visible').first().or(getByPlaceholder(/search/i).first())[22m
    [2m    22 × locator resolved to <input value="" type="text" placeholder="Search..." class="form-control rounded-md shadow-sm"/>[22m
    [2m       - unexpected value "hidden"[22m


       at ..\pages\searchPage.ts:62

      60 |     await firstLoad;
      61 |     await expect(this.searchInput, `[${this.module.name}] search input should be present`)
    > 62 |       .toBeVisible({ timeout: 20_000 });
         |        ^
      63 |     return this;
      64 |   }
      65 |
        at SearchPage.open (C:\Users\User\Downloads\wilyer-playwright\search-suite\pages\searchPage.ts:62:8)
        at open (C:\Users\User\Downloads\wilyer-playwright\search-suite\tests\search.spec.ts:39:7)
        at C:\Users\User\Downloads\wilyer-playwright\search-suite\tests\search.spec.ts:123:24

    Error: apiRequestContext._wrapApiCall: ENOSPC: no space left on device, copyfile 'C:\Users\User\Downloads\wilyer-playwright\search-suite\test-results\.playwright-artifacts-202\traces\a088064de9fe351eef5f-af5f7dbcf3e84cb731cd.network' -> 'C:\Users\User\Downloads\wilyer-playwright\search-suite\test-results\.playwright-artifacts-202\traces\a088064de9fe351eef5f-af5f7dbcf3e84cb731cd-pwnetcopy-1.network'

    Error: ENOSPC: no space left on device, write

    [31mTest timeout of 90000ms exceeded.[39m

    attachment #1: screenshot (image/png) ──────────────────────────────────────────────────────────
    search-suite\test-results\search-Search-·-Logs-Edge--8e932--does-not-crash-the-UI-edge-chromium\test-failed-1.png
    ────────────────────────────────────────────────────────────────────────────────────────────────

    Error Context: search-suite\test-results\search-Search-·-Logs-Edge--8e932--does-not-crash-the-UI-edge-chromium\error-context.md


[1A[2K[328/351] [chromium] › search-suite\tests\search.spec.ts:122:7 › Search · Logs › Edge: "unicode hi/zh/ja" does not crash the UI @edge
[1A[2K[329/351] [chromium] › search-suite\tests\search.spec.ts:122:7 › Search · Logs › Edge: "emoji" does not crash the UI @edge
[1A[2K  204) [chromium] › search-suite\tests\search.spec.ts:122:7 › Search · Logs › Edge: "special characters" does not crash the UI @edge 

    Error: [Logs] search input should be present

    [2mexpect([22m[31mlocator[39m[2m).[22mtoBeVisible[2m([22m[2m)[22m failed

    Locator:  locator('input[placeholder="Search..."]:visible').first().or(getByPlaceholder(/search/i).first())
    Expected: visible
    Received: hidden
    Timeout:  20000ms

    Call log:
    [2m  - [Logs] search input should be present with timeout 20000ms[22m
    [2m  - waiting for locator('input[placeholder="Search..."]:visible').first().or(getByPlaceholder(/search/i).first())[22m
    [2m    23 × locator resolved to <input value="" type="text" placeholder="Search..." class="form-control rounded-md shadow-sm"/>[22m
    [2m       - unexpected value "hidden"[22m


       at ..\pages\searchPage.ts:62

      60 |     await firstLoad;
      61 |     await expect(this.searchInput, `[${this.module.name}] search input should be present`)
    > 62 |       .toBeVisible({ timeout: 20_000 });
         |        ^
      63 |     return this;
      64 |   }
      65 |
        at SearchPage.open (C:\Users\User\Downloads\wilyer-playwright\search-suite\pages\searchPage.ts:62:8)
        at open (C:\Users\User\Downloads\wilyer-playwright\search-suite\tests\search.spec.ts:39:7)
        at C:\Users\User\Downloads\wilyer-playwright\search-suite\tests\search.spec.ts:123:24

    Error: apiRequestContext._wrapApiCall: ENOSPC: no space left on device, write

    Error: ENOSPC: no space left on device, open 'C:\Users\User\Downloads\wilyer-playwright\search-suite\test-results\search-Search-·-Logs-Edge--6b7fe--does-not-crash-the-UI-edge-chromium\error-context.md'

    Error: ENOSPC: no space left on device, write

    [31mTest timeout of 90000ms exceeded.[39m

    attachment #1: screenshot (image/png) ──────────────────────────────────────────────────────────
    search-suite\test-results\search-Search-·-Logs-Edge--6b7fe--does-not-crash-the-UI-edge-chromium\test-failed-1.png
    ────────────────────────────────────────────────────────────────────────────────────────────────


[1A[2K[330/351] [chromium] › search-suite\tests\search.spec.ts:122:7 › Search · Logs › Edge: "newline and tab" does not crash the UI @edge
[1A[2K  205) [chromium] › search-suite\tests\search.spec.ts:122:7 › Search · Logs › Edge: "unicode hi/zh/ja" does not crash the UI @edge 

    Error: [Logs] search input should be present

    [2mexpect([22m[31mlocator[39m[2m).[22mtoBeVisible[2m([22m[2m)[22m failed

    Locator:  locator('input[placeholder="Search..."]:visible').first().or(getByPlaceholder(/search/i).first())
    Expected: visible
    Received: hidden
    Timeout:  20000ms

    Call log:
    [2m  - [Logs] search input should be present with timeout 20000ms[22m
    [2m  - waiting for locator('input[placeholder="Search..."]:visible').first().or(getByPlaceholder(/search/i).first())[22m
    [2m    23 × locator resolved to <input value="" type="text" placeholder="Search..." class="form-control rounded-md shadow-sm"/>[22m
    [2m       - unexpected value "hidden"[22m


       at ..\pages\searchPage.ts:62

      60 |     await firstLoad;
      61 |     await expect(this.searchInput, `[${this.module.name}] search input should be present`)
    > 62 |       .toBeVisible({ timeout: 20_000 });
         |        ^
      63 |     return this;
      64 |   }
      65 |
        at SearchPage.open (C:\Users\User\Downloads\wilyer-playwright\search-suite\pages\searchPage.ts:62:8)
        at open (C:\Users\User\Downloads\wilyer-playwright\search-suite\tests\search.spec.ts:39:7)
        at C:\Users\User\Downloads\wilyer-playwright\search-suite\tests\search.spec.ts:123:24

    Error: apiRequestContext._wrapApiCall: ENOSPC: no space left on device, write

    Error: ENOSPC: no space left on device, open 'C:\Users\User\Downloads\wilyer-playwright\search-suite\test-results\search-Search-·-Logs-Edge--32ccd--does-not-crash-the-UI-edge-chromium\error-context.md'

    Error: ENOSPC: no space left on device, write

    [31mTest timeout of 90000ms exceeded.[39m


[1A[2K  206) [chromium] › search-suite\tests\search.spec.ts:122:7 › Search · Logs › Edge: "emoji" does not crash the UI @edge 

    Error: [Logs] search input should be present

    [2mexpect([22m[31mlocator[39m[2m).[22mtoBeVisible[2m([22m[2m)[22m failed

    Locator:  locator('input[placeholder="Search..."]:visible').first().or(getByPlaceholder(/search/i).first())
    Expected: visible
    Received: hidden
    Timeout:  20000ms

    Call log:
    [2m  - [Logs] search input should be present with timeout 20000ms[22m
    [2m  - waiting for locator('input[placeholder="Search..."]:visible').first().or(getByPlaceholder(/search/i).first())[22m
    [2m    23 × locator resolved to <input value="" type="text" placeholder="Search..." class="form-control rounded-md shadow-sm"/>[22m
    [2m       - unexpected value "hidden"[22m


       at ..\pages\searchPage.ts:62

      60 |     await firstLoad;
      61 |     await expect(this.searchInput, `[${this.module.name}] search input should be present`)
    > 62 |       .toBeVisible({ timeout: 20_000 });
         |        ^
      63 |     return this;
      64 |   }
      65 |
        at SearchPage.open (C:\Users\User\Downloads\wilyer-playwright\search-suite\pages\searchPage.ts:62:8)
        at open (C:\Users\User\Downloads\wilyer-playwright\search-suite\tests\search.spec.ts:39:7)
        at C:\Users\User\Downloads\wilyer-playwright\search-suite\tests\search.spec.ts:123:24

    Error: apiRequestContext._wrapApiCall: ENOSPC: no space left on device, write

    Error: ENOSPC: no space left on device, open 'C:\Users\User\Downloads\wilyer-playwright\search-suite\test-results\search-Search-·-Logs-Edge-emoji-does-not-crash-the-UI-edge-chromium\error-context.md'

    Error: ENOSPC: no space left on device, write

    [31mTest timeout of 90000ms exceeded.[39m


[1A[2K[331/351] [chromium] › search-suite\tests\search.spec.ts:122:7 › Search · Logs › Edge: "url-encoded" does not crash the UI @edge
[1A[2K[332/351] [chromium] › search-suite\tests\search.spec.ts:134:7 › Search · Logs › Security: "SQLi ' OR 1=1 --" is inert (no execution) @security
[1A[2K  207) [chromium] › search-suite\tests\search.spec.ts:122:7 › Search · Logs › Edge: "url-encoded" does not crash the UI @edge 

    Error: [Logs] search input should be present

    [2mexpect([22m[31mlocator[39m[2m).[22mtoBeVisible[2m([22m[2m)[22m failed

    Locator:  locator('input[placeholder="Search..."]:visible').first().or(getByPlaceholder(/search/i).first())
    Expected: visible
    Received: hidden
    Timeout:  20000ms

    Call log:
    [2m  - [Logs] search input should be present with timeout 20000ms[22m
    [2m  - waiting for locator('input[placeholder="Search..."]:visible').first().or(getByPlaceholder(/search/i).first())[22m
    [2m    23 × locator resolved to <input value="" type="text" placeholder="Search..." class="form-control rounded-md shadow-sm"/>[22m
    [2m       - unexpected value "hidden"[22m


       at ..\pages\searchPage.ts:62

      60 |     await firstLoad;
      61 |     await expect(this.searchInput, `[${this.module.name}] search input should be present`)
    > 62 |       .toBeVisible({ timeout: 20_000 });
         |        ^
      63 |     return this;
      64 |   }
      65 |
        at SearchPage.open (C:\Users\User\Downloads\wilyer-playwright\search-suite\pages\searchPage.ts:62:8)
        at open (C:\Users\User\Downloads\wilyer-playwright\search-suite\tests\search.spec.ts:39:7)
        at C:\Users\User\Downloads\wilyer-playwright\search-suite\tests\search.spec.ts:123:24

    Error: apiRequestContext._wrapApiCall: ENOSPC: no space left on device, write

    Error Context: search-suite\test-results\search-Search-·-Logs-Edge--00e2f--does-not-crash-the-UI-edge-chromium\error-context.md

    attachment #3: trace (application/zip) ─────────────────────────────────────────────────────────
    search-suite\test-results\search-Search-·-Logs-Edge--00e2f--does-not-crash-the-UI-edge-chromium\trace.zip
    Usage:

        npx playwright show-trace search-suite\test-results\search-Search-·-Logs-Edge--00e2f--does-not-crash-the-UI-edge-chromium\trace.zip

    ────────────────────────────────────────────────────────────────────────────────────────────────


[1A[2K  208) [chromium] › search-suite\tests\search.spec.ts:134:7 › Search · Logs › Security: "SQLi ' OR 1=1 --" is inert (no execution) @security 

    Error: [Logs] search input should be present

    [2mexpect([22m[31mlocator[39m[2m).[22mtoBeVisible[2m([22m[2m)[22m failed

    Locator:  locator('input[placeholder="Search..."]:visible').first().or(getByPlaceholder(/search/i).first())
    Expected: visible
    Received: hidden
    Timeout:  20000ms

    Call log:
    [2m  - [Logs] search input should be present with timeout 20000ms[22m
    [2m  - waiting for locator('input[placeholder="Search..."]:visible').first().or(getByPlaceholder(/search/i).first())[22m
    [2m    23 × locator resolved to <input value="" type="text" placeholder="Search..." class="form-control rounded-md shadow-sm"/>[22m
    [2m       - unexpected value "hidden"[22m


       at ..\pages\searchPage.ts:62

      60 |     await firstLoad;
      61 |     await expect(this.searchInput, `[${this.module.name}] search input should be present`)
    > 62 |       .toBeVisible({ timeout: 20_000 });
         |        ^
      63 |     return this;
      64 |   }
      65 |
        at SearchPage.open (C:\Users\User\Downloads\wilyer-playwright\search-suite\pages\searchPage.ts:62:8)
        at open (C:\Users\User\Downloads\wilyer-playwright\search-suite\tests\search.spec.ts:39:7)
        at C:\Users\User\Downloads\wilyer-playwright\search-suite\tests\search.spec.ts:138:24

    Error: apiRequestContext._wrapApiCall: ENOSPC: no space left on device, write

    Error Context: search-suite\test-results\search-Search-·-Logs-Secur-eac3f-inert-no-execution-security-chromium\error-context.md

    attachment #3: trace (application/zip) ─────────────────────────────────────────────────────────
    search-suite\test-results\search-Search-·-Logs-Secur-eac3f-inert-no-execution-security-chromium\trace.zip
    Usage:

        npx playwright show-trace search-suite\test-results\search-Search-·-Logs-Secur-eac3f-inert-no-execution-security-chromium\trace.zip

    ────────────────────────────────────────────────────────────────────────────────────────────────


[1A[2K[333/351] [chromium] › search-suite\tests\search.spec.ts:134:7 › Search · Logs › Security: "SQLi admin'--" is inert (no execution) @security
[1A[2K[334/351] [chromium] › search-suite\tests\search.spec.ts:134:7 › Search · Logs › Security: "SQLi DROP TABLE" is inert (no execution) @security
[1A[2K  209) [chromium] › search-suite\tests\search.spec.ts:122:7 › Search · Logs › Edge: "newline and tab" does not crash the UI @edge 

    Error: [Logs] search input should be present

    [2mexpect([22m[31mlocator[39m[2m).[22mtoBeVisible[2m([22m[2m)[22m failed

    Locator:  locator('input[placeholder="Search..."]:visible').first().or(getByPlaceholder(/search/i).first())
    Expected: visible
    Received: hidden
    Timeout:  20000ms

    Call log:
    [2m  - [Logs] search input should be present with timeout 20000ms[22m
    [2m  - waiting for locator('input[placeholder="Search..."]:visible').first().or(getByPlaceholder(/search/i).first())[22m
    [2m    23 × locator resolved to <input value="" type="text" placeholder="Search..." class="form-control rounded-md shadow-sm"/>[22m
    [2m       - unexpected value "hidden"[22m


       at ..\pages\searchPage.ts:62

      60 |     await firstLoad;
      61 |     await expect(this.searchInput, `[${this.module.name}] search input should be present`)
    > 62 |       .toBeVisible({ timeout: 20_000 });
         |        ^
      63 |     return this;
      64 |   }
      65 |
        at SearchPage.open (C:\Users\User\Downloads\wilyer-playwright\search-suite\pages\searchPage.ts:62:8)
        at open (C:\Users\User\Downloads\wilyer-playwright\search-suite\tests\search.spec.ts:39:7)
        at C:\Users\User\Downloads\wilyer-playwright\search-suite\tests\search.spec.ts:123:24

    Error: apiRequestContext._wrapApiCall: ENOSPC: no space left on device, write

    Error: ENOSPC: no space left on device, open 'C:\Users\User\Downloads\wilyer-playwright\search-suite\test-results\search-Search-·-Logs-Edge--3f2e6--does-not-crash-the-UI-edge-chromium\error-context.md'

    Error: ENOSPC: no space left on device, open 'C:\Users\User\Downloads\wilyer-playwright\search-suite\test-results\.playwright-artifacts-206\23b13d38dbeaee94f4a15d422dd75f4b.zip'

    [31mTest timeout of 90000ms exceeded.[39m

    attachment #1: screenshot (image/png) ──────────────────────────────────────────────────────────
    search-suite\test-results\search-Search-·-Logs-Edge--3f2e6--does-not-crash-the-UI-edge-chromium\test-failed-1.png
    ────────────────────────────────────────────────────────────────────────────────────────────────


[1A[2K[335/351] [chromium] › search-suite\tests\search.spec.ts:134:7 › Search · Logs › Security: "XSS <script>" is inert (no execution) @security
[1A[2K  210) [chromium] › search-suite\tests\search.spec.ts:134:7 › Search · Logs › Security: "XSS <script>" is inert (no execution) @security 

    Error: [Logs] search input should be present

    [2mexpect([22m[31mlocator[39m[2m).[22mtoBeVisible[2m([22m[2m)[22m failed

    Locator:  locator('input[placeholder="Search..."]:visible').first().or(getByPlaceholder(/search/i).first())
    Expected: visible
    Received: hidden
    Timeout:  20000ms

    Call log:
    [2m  - [Logs] search input should be present with timeout 20000ms[22m
    [2m  - waiting for locator('input[placeholder="Search..."]:visible').first().or(getByPlaceholder(/search/i).first())[22m
    [2m    23 × locator resolved to <input value="" type="text" placeholder="Search..." class="form-control rounded-md shadow-sm"/>[22m
    [2m       - unexpected value "hidden"[22m


       at ..\pages\searchPage.ts:62

      60 |     await firstLoad;
      61 |     await expect(this.searchInput, `[${this.module.name}] search input should be present`)
    > 62 |       .toBeVisible({ timeout: 20_000 });
         |        ^
      63 |     return this;
      64 |   }
      65 |
        at SearchPage.open (C:\Users\User\Downloads\wilyer-playwright\search-suite\pages\searchPage.ts:62:8)
        at open (C:\Users\User\Downloads\wilyer-playwright\search-suite\tests\search.spec.ts:39:7)
        at C:\Users\User\Downloads\wilyer-playwright\search-suite\tests\search.spec.ts:138:24

    Error: apiRequestContext._wrapApiCall: ENOSPC: no space left on device, write

    Error: ENOSPC: no space left on device, write

    attachment #2: trace (application/zip) ─────────────────────────────────────────────────────────
    search-suite\test-results\search-Search-·-Logs-Secur-243a1-inert-no-execution-security-chromium\trace.zip
    Usage:

        npx playwright show-trace search-suite\test-results\search-Search-·-Logs-Secur-243a1-inert-no-execution-security-chromium\trace.zip

    ────────────────────────────────────────────────────────────────────────────────────────────────


[1A[2K[336/351] [chromium] › search-suite\tests\search.spec.ts:134:7 › Search · Logs › Security: "XSS img onerror" is inert (no execution) @security
[1A[2K  211) [chromium] › search-suite\tests\search.spec.ts:134:7 › Search · Logs › Security: "SQLi DROP TABLE" is inert (no execution) @security 

    Error: [Logs] search input should be present

    [2mexpect([22m[31mlocator[39m[2m).[22mtoBeVisible[2m([22m[2m)[22m failed

    Locator:  locator('input[placeholder="Search..."]:visible').first().or(getByPlaceholder(/search/i).first())
    Expected: visible
    Received: hidden
    Timeout:  20000ms

    Call log:
    [2m  - [Logs] search input should be present with timeout 20000ms[22m
    [2m  - waiting for locator('input[placeholder="Search..."]:visible').first().or(getByPlaceholder(/search/i).first())[22m
    [2m    23 × locator resolved to <input value="" type="text" placeholder="Search..." class="form-control rounded-md shadow-sm"/>[22m
    [2m       - unexpected value "hidden"[22m


       at ..\pages\searchPage.ts:62

      60 |     await firstLoad;
      61 |     await expect(this.searchInput, `[${this.module.name}] search input should be present`)
    > 62 |       .toBeVisible({ timeout: 20_000 });
         |        ^
      63 |     return this;
      64 |   }
      65 |
        at SearchPage.open (C:\Users\User\Downloads\wilyer-playwright\search-suite\pages\searchPage.ts:62:8)
        at open (C:\Users\User\Downloads\wilyer-playwright\search-suite\tests\search.spec.ts:39:7)
        at C:\Users\User\Downloads\wilyer-playwright\search-suite\tests\search.spec.ts:138:24

    Error: apiRequestContext._wrapApiCall: ENOSPC: no space left on device, write

    Error: ENOSPC: no space left on device, open 'C:\Users\User\Downloads\wilyer-playwright\search-suite\test-results\search-Search-·-Logs-Secur-3b7f6-inert-no-execution-security-chromium\error-context.md'

    Error: ENOSPC: no space left on device, write

    [31mTest timeout of 90000ms exceeded.[39m

    attachment #1: screenshot (image/png) ──────────────────────────────────────────────────────────
    search-suite\test-results\search-Search-·-Logs-Secur-3b7f6-inert-no-execution-security-chromium\test-failed-1.png
    ────────────────────────────────────────────────────────────────────────────────────────────────


[1A[2K  212) [chromium] › search-suite\tests\search.spec.ts:134:7 › Search · Logs › Security: "SQLi admin'--" is inert (no execution) @security 

    Error: [Logs] search input should be present

    [2mexpect([22m[31mlocator[39m[2m).[22mtoBeVisible[2m([22m[2m)[22m failed

    Locator:  locator('input[placeholder="Search..."]:visible').first().or(getByPlaceholder(/search/i).first())
    Expected: visible
    Received: hidden
    Timeout:  20000ms

    Call log:
    [2m  - [Logs] search input should be present with timeout 20000ms[22m
    [2m  - waiting for locator('input[placeholder="Search..."]:visible').first().or(getByPlaceholder(/search/i).first())[22m
    [2m    23 × locator resolved to <input value="" type="text" placeholder="Search..." class="form-control rounded-md shadow-sm"/>[22m
    [2m       - unexpected value "hidden"[22m


       at ..\pages\searchPage.ts:62

      60 |     await firstLoad;
      61 |     await expect(this.searchInput, `[${this.module.name}] search input should be present`)
    > 62 |       .toBeVisible({ timeout: 20_000 });
         |        ^
      63 |     return this;
      64 |   }
      65 |
        at SearchPage.open (C:\Users\User\Downloads\wilyer-playwright\search-suite\pages\searchPage.ts:62:8)
        at open (C:\Users\User\Downloads\wilyer-playwright\search-suite\tests\search.spec.ts:39:7)
        at C:\Users\User\Downloads\wilyer-playwright\search-suite\tests\search.spec.ts:138:24

    Error: apiRequestContext._wrapApiCall: ENOSPC: no space left on device, write

    Error: ENOSPC: no space left on device, open 'C:\Users\User\Downloads\wilyer-playwright\search-suite\test-results\search-Search-·-Logs-Secur-b8a7a-inert-no-execution-security-chromium\error-context.md'

    Error: ENOSPC: no space left on device, write

    [31mTest timeout of 90000ms exceeded.[39m

    attachment #1: screenshot (image/png) ──────────────────────────────────────────────────────────
    search-suite\test-results\search-Search-·-Logs-Secur-b8a7a-inert-no-execution-security-chromium\test-failed-1.png
    ────────────────────────────────────────────────────────────────────────────────────────────────


[1A[2K[337/351] [chromium] › search-suite\tests\search.spec.ts:134:7 › Search · Logs › Security: "XSS svg onload" is inert (no execution) @security
[1A[2K[338/351] [chromium] › search-suite\tests\search.spec.ts:134:7 › Search · Logs › Security: "HTML injection" is inert (no execution) @security
[1A[2K  213) [chromium] › search-suite\tests\search.spec.ts:134:7 › Search · Logs › Security: "XSS img onerror" is inert (no execution) @security 

    Error: [Logs] search input should be present

    [2mexpect([22m[31mlocator[39m[2m).[22mtoBeVisible[2m([22m[2m)[22m failed

    Locator:  locator('input[placeholder="Search..."]:visible').first().or(getByPlaceholder(/search/i).first())
    Expected: visible
    Received: hidden
    Timeout:  20000ms

    Call log:
    [2m  - [Logs] search input should be present with timeout 20000ms[22m
    [2m  - waiting for locator('input[placeholder="Search..."]:visible').first().or(getByPlaceholder(/search/i).first())[22m
    [2m    23 × locator resolved to <input value="" type="text" placeholder="Search..." class="form-control rounded-md shadow-sm"/>[22m
    [2m       - unexpected value "hidden"[22m


       at ..\pages\searchPage.ts:62

      60 |     await firstLoad;
      61 |     await expect(this.searchInput, `[${this.module.name}] search input should be present`)
    > 62 |       .toBeVisible({ timeout: 20_000 });
         |        ^
      63 |     return this;
      64 |   }
      65 |
        at SearchPage.open (C:\Users\User\Downloads\wilyer-playwright\search-suite\pages\searchPage.ts:62:8)
        at open (C:\Users\User\Downloads\wilyer-playwright\search-suite\tests\search.spec.ts:39:7)
        at C:\Users\User\Downloads\wilyer-playwright\search-suite\tests\search.spec.ts:138:24

    Error: apiRequestContext._wrapApiCall: ENOSPC: no space left on device, write

    Error: ENOSPC: no space left on device, open 'C:\Users\User\Downloads\wilyer-playwright\search-suite\test-results\search-Search-·-Logs-Secur-7a588-inert-no-execution-security-chromium\error-context.md'

    Error: ENOSPC: no space left on device, write

    [31mTest timeout of 90000ms exceeded.[39m


[1A[2K[339/351] [chromium] › search-suite\tests\search.spec.ts:153:7 › Search · Logs › API: "500 server error" degrades gracefully (no blank) @api
[1A[2K  214) [chromium] › search-suite\tests\search.spec.ts:153:7 › Search · Logs › API: "500 server error" degrades gracefully (no blank) @api 

    Error: [Logs] search input should be present

    [2mexpect([22m[31mlocator[39m[2m).[22mtoBeVisible[2m([22m[2m)[22m failed

    Locator:  locator('input[placeholder="Search..."]:visible').first().or(getByPlaceholder(/search/i).first())
    Expected: visible
    Received: hidden
    Timeout:  20000ms

    Call log:
    [2m  - [Logs] search input should be present with timeout 20000ms[22m
    [2m  - waiting for locator('input[placeholder="Search..."]:visible').first().or(getByPlaceholder(/search/i).first())[22m
    [2m    23 × locator resolved to <input value="" type="text" placeholder="Search..." class="form-control rounded-md shadow-sm"/>[22m
    [2m       - unexpected value "hidden"[22m


       at ..\pages\searchPage.ts:62

      60 |     await firstLoad;
      61 |     await expect(this.searchInput, `[${this.module.name}] search input should be present`)
    > 62 |       .toBeVisible({ timeout: 20_000 });
         |        ^
      63 |     return this;
      64 |   }
      65 |
        at SearchPage.open (C:\Users\User\Downloads\wilyer-playwright\search-suite\pages\searchPage.ts:62:8)
        at open (C:\Users\User\Downloads\wilyer-playwright\search-suite\tests\search.spec.ts:39:7)
        at C:\Users\User\Downloads\wilyer-playwright\search-suite\tests\search.spec.ts:155:24

    Error: apiRequestContext._wrapApiCall: ENOSPC: no space left on device, write

    Error: ENOSPC: no space left on device, open 'C:\Users\User\Downloads\wilyer-playwright\search-suite\test-results\search-Search-·-Logs-API-5-5302a-des-gracefully-no-blank-api-chromium\error-context.md'

    attachment #2: trace (application/zip) ─────────────────────────────────────────────────────────
    search-suite\test-results\search-Search-·-Logs-API-5-5302a-des-gracefully-no-blank-api-chromium\trace.zip
    Usage:

        npx playwright show-trace search-suite\test-results\search-Search-·-Logs-API-5-5302a-des-gracefully-no-blank-api-chromium\trace.zip

    ────────────────────────────────────────────────────────────────────────────────────────────────


[1A[2K[340/351] [chromium] › search-suite\tests\search.spec.ts:153:7 › Search · Logs › API: "404 not found" degrades gracefully (no blank) @api
[1A[2K  215) [chromium] › search-suite\tests\search.spec.ts:134:7 › Search · Logs › Security: "XSS svg onload" is inert (no execution) @security 

    Error: [Logs] search input should be present

    [2mexpect([22m[31mlocator[39m[2m).[22mtoBeVisible[2m([22m[2m)[22m failed

    Locator:  locator('input[placeholder="Search..."]:visible').first().or(getByPlaceholder(/search/i).first())
    Expected: visible
    Received: hidden
    Timeout:  20000ms

    Call log:
    [2m  - [Logs] search input should be present with timeout 20000ms[22m
    [2m  - waiting for locator('input[placeholder="Search..."]:visible').first().or(getByPlaceholder(/search/i).first())[22m
    [2m    23 × locator resolved to <input value="" type="text" placeholder="Search..." class="form-control rounded-md shadow-sm"/>[22m
    [2m       - unexpected value "hidden"[22m


       at ..\pages\searchPage.ts:62

      60 |     await firstLoad;
      61 |     await expect(this.searchInput, `[${this.module.name}] search input should be present`)
    > 62 |       .toBeVisible({ timeout: 20_000 });
         |        ^
      63 |     return this;
      64 |   }
      65 |
        at SearchPage.open (C:\Users\User\Downloads\wilyer-playwright\search-suite\pages\searchPage.ts:62:8)
        at open (C:\Users\User\Downloads\wilyer-playwright\search-suite\tests\search.spec.ts:39:7)
        at C:\Users\User\Downloads\wilyer-playwright\search-suite\tests\search.spec.ts:138:24

    Error: apiRequestContext._wrapApiCall: ENOSPC: no space left on device, write

    Error: ENOSPC: no space left on device, open 'C:\Users\User\Downloads\wilyer-playwright\search-suite\test-results\search-Search-·-Logs-Secur-90113-inert-no-execution-security-chromium\error-context.md'

    Error: ENOSPC: no space left on device, write

    [31mTest timeout of 90000ms exceeded.[39m

    attachment #1: screenshot (image/png) ──────────────────────────────────────────────────────────
    search-suite\test-results\search-Search-·-Logs-Secur-90113-inert-no-execution-security-chromium\test-failed-1.png
    ────────────────────────────────────────────────────────────────────────────────────────────────


[1A[2K  216) [chromium] › search-suite\tests\search.spec.ts:134:7 › Search · Logs › Security: "HTML injection" is inert (no execution) @security 

    Error: [Logs] search input should be present

    [2mexpect([22m[31mlocator[39m[2m).[22mtoBeVisible[2m([22m[2m)[22m failed

    Locator:  locator('input[placeholder="Search..."]:visible').first().or(getByPlaceholder(/search/i).first())
    Expected: visible
    Received: hidden
    Timeout:  20000ms

    Call log:
    [2m  - [Logs] search input should be present with timeout 20000ms[22m
    [2m  - waiting for locator('input[placeholder="Search..."]:visible').first().or(getByPlaceholder(/search/i).first())[22m
    [2m    23 × locator resolved to <input value="" type="text" placeholder="Search..." class="form-control rounded-md shadow-sm"/>[22m
    [2m       - unexpected value "hidden"[22m


       at ..\pages\searchPage.ts:62

      60 |     await firstLoad;
      61 |     await expect(this.searchInput, `[${this.module.name}] search input should be present`)
    > 62 |       .toBeVisible({ timeout: 20_000 });
         |        ^
      63 |     return this;
      64 |   }
      65 |
        at SearchPage.open (C:\Users\User\Downloads\wilyer-playwright\search-suite\pages\searchPage.ts:62:8)
        at open (C:\Users\User\Downloads\wilyer-playwright\search-suite\tests\search.spec.ts:39:7)
        at C:\Users\User\Downloads\wilyer-playwright\search-suite\tests\search.spec.ts:138:24

    Error: apiRequestContext._wrapApiCall: ENOSPC: no space left on device, write

    Error: ENOSPC: no space left on device, open 'C:\Users\User\Downloads\wilyer-playwright\search-suite\test-results\search-Search-·-Logs-Secur-27987-inert-no-execution-security-chromium\error-context.md'

    Error: ENOSPC: no space left on device, write

    [31mTest timeout of 90000ms exceeded.[39m

    attachment #1: screenshot (image/png) ──────────────────────────────────────────────────────────
    search-suite\test-results\search-Search-·-Logs-Secur-27987-inert-no-execution-security-chromium\test-failed-1.png
    ────────────────────────────────────────────────────────────────────────────────────────────────


[1A[2K[341/351] [chromium] › search-suite\tests\search.spec.ts:153:7 › Search · Logs › API: "401 unauthorized" degrades gracefully (no blank) @api
[1A[2K[342/351] [chromium] › search-suite\tests\search.spec.ts:153:7 › Search · Logs › API: "403 forbidden" degrades gracefully (no blank) @api
[1A[2K  217) [chromium] › search-suite\tests\search.spec.ts:153:7 › Search · Logs › API: "404 not found" degrades gracefully (no blank) @api 

    Error: [Logs] search input should be present

    [2mexpect([22m[31mlocator[39m[2m).[22mtoBeVisible[2m([22m[2m)[22m failed

    Locator:  locator('input[placeholder="Search..."]:visible').first().or(getByPlaceholder(/search/i).first())
    Expected: visible
    Received: hidden
    Timeout:  20000ms

    Call log:
    [2m  - [Logs] search input should be present with timeout 20000ms[22m
    [2m  - waiting for locator('input[placeholder="Search..."]:visible').first().or(getByPlaceholder(/search/i).first())[22m
    [2m    22 × locator resolved to <input value="" type="text" placeholder="Search..." class="form-control rounded-md shadow-sm"/>[22m
    [2m       - unexpected value "hidden"[22m


       at ..\pages\searchPage.ts:62

      60 |     await firstLoad;
      61 |     await expect(this.searchInput, `[${this.module.name}] search input should be present`)
    > 62 |       .toBeVisible({ timeout: 20_000 });
         |        ^
      63 |     return this;
      64 |   }
      65 |
        at SearchPage.open (C:\Users\User\Downloads\wilyer-playwright\search-suite\pages\searchPage.ts:62:8)
        at open (C:\Users\User\Downloads\wilyer-playwright\search-suite\tests\search.spec.ts:39:7)
        at C:\Users\User\Downloads\wilyer-playwright\search-suite\tests\search.spec.ts:155:24

    Error: apiRequestContext._wrapApiCall: ENOSPC: no space left on device, write

    attachment #1: screenshot (image/png) ──────────────────────────────────────────────────────────
    search-suite\test-results\search-Search-·-Logs-API-4-a50b2-des-gracefully-no-blank-api-chromium\test-failed-1.png
    ────────────────────────────────────────────────────────────────────────────────────────────────

    Error Context: search-suite\test-results\search-Search-·-Logs-API-4-a50b2-des-gracefully-no-blank-api-chromium\error-context.md

    attachment #4: trace (application/zip) ─────────────────────────────────────────────────────────
    search-suite\test-results\search-Search-·-Logs-API-4-a50b2-des-gracefully-no-blank-api-chromium\trace.zip
    Usage:

        npx playwright show-trace search-suite\test-results\search-Search-·-Logs-API-4-a50b2-des-gracefully-no-blank-api-chromium\trace.zip

    ────────────────────────────────────────────────────────────────────────────────────────────────


[1A[2K[343/351] [chromium] › search-suite\tests\search.spec.ts:153:7 › Search · Logs › API: "empty array" degrades gracefully (no blank) @api
[1A[2K  218) [chromium] › search-suite\tests\search.spec.ts:153:7 › Search · Logs › API: "empty array" degrades gracefully (no blank) @api 

    Error: [Logs] search input should be present

    [2mexpect([22m[31mlocator[39m[2m).[22mtoBeVisible[2m([22m[2m)[22m failed

    Locator:  locator('input[placeholder="Search..."]:visible').first().or(getByPlaceholder(/search/i).first())
    Expected: visible
    Received: hidden
    Timeout:  20000ms

    Call log:
    [2m  - [Logs] search input should be present with timeout 20000ms[22m
    [2m  - waiting for locator('input[placeholder="Search..."]:visible').first().or(getByPlaceholder(/search/i).first())[22m
    [2m    23 × locator resolved to <input value="" type="text" placeholder="Search..." class="form-control rounded-md shadow-sm"/>[22m
    [2m       - unexpected value "hidden"[22m


       at ..\pages\searchPage.ts:62

      60 |     await firstLoad;
      61 |     await expect(this.searchInput, `[${this.module.name}] search input should be present`)
    > 62 |       .toBeVisible({ timeout: 20_000 });
         |        ^
      63 |     return this;
      64 |   }
      65 |
        at SearchPage.open (C:\Users\User\Downloads\wilyer-playwright\search-suite\pages\searchPage.ts:62:8)
        at open (C:\Users\User\Downloads\wilyer-playwright\search-suite\tests\search.spec.ts:39:7)
        at C:\Users\User\Downloads\wilyer-playwright\search-suite\tests\search.spec.ts:155:24

    Error: apiRequestContext._wrapApiCall: ENOSPC: no space left on device, write

    Error: ENOSPC: no space left on device, write

    attachment #2: trace (application/zip) ─────────────────────────────────────────────────────────
    search-suite\test-results\search-Search-·-Logs-API-e-0885e-des-gracefully-no-blank-api-chromium\trace.zip
    Usage:

        npx playwright show-trace search-suite\test-results\search-Search-·-Logs-API-e-0885e-des-gracefully-no-blank-api-chromium\trace.zip

    ────────────────────────────────────────────────────────────────────────────────────────────────


[1A[2K[344/351] [chromium] › search-suite\tests\search.spec.ts:153:7 › Search · Logs › API: "malformed JSON" degrades gracefully (no blank) @api
[1A[2K  219) [chromium] › search-suite\tests\search.spec.ts:153:7 › Search · Logs › API: "malformed JSON" degrades gracefully (no blank) @api 

    Error: [Logs] search input should be present

    [2mexpect([22m[31mlocator[39m[2m).[22mtoBeVisible[2m([22m[2m)[22m failed

    Locator:  locator('input[placeholder="Search..."]:visible').first().or(getByPlaceholder(/search/i).first())
    Expected: visible
    Received: hidden
    Timeout:  20000ms

    Call log:
    [2m  - [Logs] search input should be present with timeout 20000ms[22m
    [2m  - waiting for locator('input[placeholder="Search..."]:visible').first().or(getByPlaceholder(/search/i).first())[22m
    [2m    23 × locator resolved to <input value="" type="text" placeholder="Search..." class="form-control rounded-md shadow-sm"/>[22m
    [2m       - unexpected value "hidden"[22m


       at ..\pages\searchPage.ts:62

      60 |     await firstLoad;
      61 |     await expect(this.searchInput, `[${this.module.name}] search input should be present`)
    > 62 |       .toBeVisible({ timeout: 20_000 });
         |        ^
      63 |     return this;
      64 |   }
      65 |
        at SearchPage.open (C:\Users\User\Downloads\wilyer-playwright\search-suite\pages\searchPage.ts:62:8)
        at open (C:\Users\User\Downloads\wilyer-playwright\search-suite\tests\search.spec.ts:39:7)
        at C:\Users\User\Downloads\wilyer-playwright\search-suite\tests\search.spec.ts:155:24

    Error: apiRequestContext._wrapApiCall: ENOSPC: no space left on device, write

    Error: ENOSPC: no space left on device, open 'C:\Users\User\Downloads\wilyer-playwright\search-suite\test-results\search-Search-·-Logs-API-m-2b420-des-gracefully-no-blank-api-chromium\error-context.md'

    attachment #2: trace (application/zip) ─────────────────────────────────────────────────────────
    search-suite\test-results\search-Search-·-Logs-API-m-2b420-des-gracefully-no-blank-api-chromium\trace.zip
    Usage:

        npx playwright show-trace search-suite\test-results\search-Search-·-Logs-API-m-2b420-des-gracefully-no-blank-api-chromium\trace.zip

    ────────────────────────────────────────────────────────────────────────────────────────────────


[1A[2K[345/351] [chromium] › search-suite\tests\search.spec.ts:153:7 › Search · Logs › API: "backend unavailable" degrades gracefully (no blank) @api
[1A[2K  220) [chromium] › search-suite\tests\search.spec.ts:153:7 › Search · Logs › API: "403 forbidden" degrades gracefully (no blank) @api 

    Error: [Logs] search input should be present

    [2mexpect([22m[31mlocator[39m[2m).[22mtoBeVisible[2m([22m[2m)[22m failed

    Locator:  locator('input[placeholder="Search..."]:visible').first().or(getByPlaceholder(/search/i).first())
    Expected: visible
    Received: hidden
    Timeout:  20000ms

    Call log:
    [2m  - [Logs] search input should be present with timeout 20000ms[22m
    [2m  - waiting for locator('input[placeholder="Search..."]:visible').first().or(getByPlaceholder(/search/i).first())[22m
    [2m    22 × locator resolved to <input value="" type="text" placeholder="Search..." class="form-control rounded-md shadow-sm"/>[22m
    [2m       - unexpected value "hidden"[22m


       at ..\pages\searchPage.ts:62

      60 |     await firstLoad;
      61 |     await expect(this.searchInput, `[${this.module.name}] search input should be present`)
    > 62 |       .toBeVisible({ timeout: 20_000 });
         |        ^
      63 |     return this;
      64 |   }
      65 |
        at SearchPage.open (C:\Users\User\Downloads\wilyer-playwright\search-suite\pages\searchPage.ts:62:8)
        at open (C:\Users\User\Downloads\wilyer-playwright\search-suite\tests\search.spec.ts:39:7)
        at C:\Users\User\Downloads\wilyer-playwright\search-suite\tests\search.spec.ts:155:24

    Error: apiRequestContext._wrapApiCall: ENOSPC: no space left on device, write

    Error: ENOSPC: no space left on device, open 'C:\Users\User\Downloads\wilyer-playwright\search-suite\test-results\search-Search-·-Logs-API-4-d4172-des-gracefully-no-blank-api-chromium\error-context.md'

    Error: ENOSPC: no space left on device, write

    [31mTest timeout of 90000ms exceeded.[39m

    attachment #1: screenshot (image/png) ──────────────────────────────────────────────────────────
    search-suite\test-results\search-Search-·-Logs-API-4-d4172-des-gracefully-no-blank-api-chromium\test-failed-1.png
    ────────────────────────────────────────────────────────────────────────────────────────────────


[1A[2K  221) [chromium] › search-suite\tests\search.spec.ts:153:7 › Search · Logs › API: "401 unauthorized" degrades gracefully (no blank) @api 

    Error: [Logs] search input should be present

    [2mexpect([22m[31mlocator[39m[2m).[22mtoBeVisible[2m([22m[2m)[22m failed

    Locator:  locator('input[placeholder="Search..."]:visible').first().or(getByPlaceholder(/search/i).first())
    Expected: visible
    Received: hidden
    Timeout:  20000ms

    Call log:
    [2m  - [Logs] search input should be present with timeout 20000ms[22m
    [2m  - waiting for locator('input[placeholder="Search..."]:visible').first().or(getByPlaceholder(/search/i).first())[22m
    [2m    22 × locator resolved to <input value="" type="text" placeholder="Search..." class="form-control rounded-md shadow-sm"/>[22m
    [2m       - unexpected value "hidden"[22m


       at ..\pages\searchPage.ts:62

      60 |     await firstLoad;
      61 |     await expect(this.searchInput, `[${this.module.name}] search input should be present`)
    > 62 |       .toBeVisible({ timeout: 20_000 });
         |        ^
      63 |     return this;
      64 |   }
      65 |
        at SearchPage.open (C:\Users\User\Downloads\wilyer-playwright\search-suite\pages\searchPage.ts:62:8)
        at open (C:\Users\User\Downloads\wilyer-playwright\search-suite\tests\search.spec.ts:39:7)
        at C:\Users\User\Downloads\wilyer-playwright\search-suite\tests\search.spec.ts:155:24

    Error: apiRequestContext._wrapApiCall: ENOSPC: no space left on device, write

    Error: ENOSPC: no space left on device, open 'C:\Users\User\Downloads\wilyer-playwright\search-suite\test-results\search-Search-·-Logs-API-4-673a6-des-gracefully-no-blank-api-chromium\error-context.md'

    Error: ENOSPC: no space left on device, write

    [31mTest timeout of 90000ms exceeded.[39m

    attachment #1: screenshot (image/png) ──────────────────────────────────────────────────────────
    search-suite\test-results\search-Search-·-Logs-API-4-673a6-des-gracefully-no-blank-api-chromium\test-failed-1.png
    ────────────────────────────────────────────────────────────────────────────────────────────────


[1A[2K[346/351] [chromium] › search-suite\tests\search.spec.ts:153:7 › Search · Logs › API: "timeout (no response)" degrades gracefully (no blank) @api
[1A[2K[347/351] [chromium] › search-suite\tests\search.spec.ts:174:5 › Search · Logs › API: offline during search keeps the UI stable @api
[1A[2K
Node.js v22.18.0
